# freq_hz,psd_db_per_hz
156237500.0,-133.2
156238232.4,-133.1
156238964.8,-133.0
156239697.3,-133.1
156240429.7,-133.2
156241162.1,-133.3
156241894.5,-133.3
156242627.0,-133.3
156243359.4,-133.3
156244091.8,-133.3
156244824.2,-133.3
156245556.6,-131.8
156246289.1,-131.1
156247021.5,-132.8
156247753.9,-133.2
156248486.3,-133.3
156249218.8,-133.3
156249951.2,-133.4
156250683.6,-133.3
156251416.0,-133.3
156252148.4,-133.3
156252880.9,-133.3
156253613.3,-133.4
156254345.7,-133.3
156255078.1,-133.2
156255810.5,-133.3
156256543.0,-133.3
156257275.4,-133.4
156258007.8,-133.4
156258740.2,-133.4
156259472.7,-133.5
156260205.1,-133.5
156260937.5,-133.4
156261669.9,-133.4
156262402.3,-133.3
156263134.8,-133.3
156263867.2,-133.4
156264599.6,-133.4
156265332.0,-133.5
156266064.5,-133.5
156266796.9,-133.5
156267529.3,-133.5
156268261.7,-133.5
156268994.1,-133.5
156269726.6,-133.5
156270459.0,-133.4
156271191.4,-133.3
156271923.8,-133.5
156272656.2,-133.5
156273388.7,-133.6
156274121.1,-133.6
156274853.5,-133.6
156275585.9,-133.6
156276318.4,-133.6
156277050.8,-133.5
156277783.2,-133.5
156278515.6,-133.5
156279248.0,-133.5
156279980.5,-133.5
156280712.9,-133.6
156281445.3,-133.6
156282177.7,-133.6
156282910.2,-133.6
156283642.6,-133.6
156284375.0,-133.5
156285107.4,-133.6
156285839.8,-133.7
156286572.3,-133.6
156287304.7,-133.5
156288037.1,-133.6
156288769.5,-133.6
156289502.0,-133.7
156290234.4,-133.7
156290966.8,-133.7
156291699.2,-133.6
156292431.6,-133.6
156293164.1,-133.8
156293896.5,-133.7
156294628.9,-133.6
156295361.3,-133.6
156296093.8,-133.7
156296826.2,-133.8
156297558.6,-133.8
156298291.0,-133.8
156299023.4,-133.8
156299755.9,-133.8
156300488.3,-133.9
156301220.7,-133.9
156301953.1,-133.8
156302685.5,-133.7
156303418.0,-133.8
156304150.4,-133.9
156304882.8,-133.9
156305615.2,-134.0
156306347.7,-134.0
156307080.1,-134.1
156307812.5,-134.1
156308544.9,-134.0
156309277.3,-134.0
156310009.8,-134.0
156310742.2,-134.0
156311474.6,-134.1
156312207.0,-134.1
156312939.5,-134.2
156313671.9,-134.2
156314404.3,-134.2
156315136.7,-134.2
156315869.1,-134.3
156316601.6,-134.3
156317334.0,-134.3
156318066.4,-134.3
156318798.8,-134.2
156319531.2,-134.3
156320263.7,-134.4
156320996.1,-134.4
156321728.5,-134.5
156322460.9,-134.5
156323193.4,-134.5
156323925.8,-134.5
156324658.2,-134.6
156325390.6,-134.6
156326123.0,-134.6
156326855.5,-134.6
156327587.9,-134.7
156328320.3,-134.7
156329052.7,-134.8
156329785.2,-134.9
156330517.6,-134.9
156331250.0,-134.9
156331982.4,-135.0
156332714.8,-135.0
156333447.3,-135.1
156334179.7,-135.0
156334912.1,-134.9
156335644.5,-135.1
156336377.0,-135.2
156337109.4,-135.3
156337841.8,-135.4
156338574.2,-135.4
156339306.6,-135.5
156340039.1,-135.6
156340771.5,-135.6
156341503.9,-135.6
156342236.3,-135.7
156342968.8,-135.7
156343701.2,-135.8
156344433.6,-135.9
156345166.0,-136.0
156345898.4,-136.0
156346630.9,-136.1
156347363.3,-136.2
156348095.7,-136.3
156348828.1,-136.4
156349560.5,-136.5
156350293.0,-136.5
156351025.4,-136.5
156351757.8,-136.7
156352490.2,-136.8
156353222.7,-136.9
156353955.1,-137.1
156354687.5,-137.2
156355419.9,-137.3
156356152.3,-137.4
156356884.8,-137.5
156357617.2,-137.6
156358349.6,-137.6
156359082.0,-137.7
156359814.5,-137.9
156360546.9,-138.1
156361279.3,-138.2
156362011.7,-138.3
156362744.1,-138.5
156363476.6,-138.7
156364209.0,-138.8
156364941.4,-139.0
156365673.8,-139.1
156366406.2,-139.2
156367138.7,-139.4
156367871.1,-139.6
156368603.5,-139.8
156369335.9,-140.0
156370068.4,-140.3
156370800.8,-140.5
156371533.2,-140.6
156372265.6,-140.9
156372998.0,-141.2
156373730.5,-141.4
156374462.9,-141.6
156375195.3,-141.9
156375927.7,-142.2
156376660.2,-142.6
156377392.6,-142.8
156378125.0,-143.2
156378857.4,-143.6
156379589.8,-144.0
156380322.3,-144.4
156381054.7,-144.8
156381787.1,-145.2
156382519.5,-145.6
156383252.0,-146.1
156383984.4,-146.7
156384716.8,-147.3
156385449.2,-147.8
156386181.6,-148.5
156386914.1,-149.1
156387646.5,-149.8
156388378.9,-150.5
156389111.3,-151.2
156389843.8,-151.9
156390576.2,-152.5
156391308.6,-153.0
156392041.0,-153.3
156392773.4,-153.4
156393505.9,-153.1
156394238.3,-152.7
156394970.7,-152.0
156395703.1,-151.2
156396435.5,-150.4
156397168.0,-149.6
156397900.4,-148.8
156398632.8,-147.9
156399365.2,-147.1
156400097.7,-146.5
156400830.1,-145.8
156401562.5,-145.2
156402294.9,-144.5
156403027.3,-143.9
156403759.8,-143.3
156404492.2,-142.8
156405224.6,-142.3
156405957.0,-141.8
156406689.5,-141.2
156407421.9,-140.7
156408154.3,-140.3
156408886.7,-139.8
156409619.1,-139.5
156410351.6,-139.1
156411084.0,-138.7
156411816.4,-138.4
156412548.8,-138.0
156413281.2,-137.6
156414013.7,-137.2
156414746.1,-136.8
156415478.5,-136.4
156416210.9,-136.2
156416943.4,-135.9
156417675.8,-135.7
156418408.2,-135.4
156419140.6,-135.1
156419873.0,-134.8
156420605.5,-134.5
156421337.9,-134.1
156422070.3,-133.9
156422802.7,-133.5
156423535.2,-133.2
156424267.6,-133.1
156425000.0,-132.9
156425732.4,-132.7
156426464.8,-132.4
156427197.3,-132.1
156427929.7,-131.9
156428662.1,-131.6
156429394.5,-131.4
156430127.0,-131.1
156430859.4,-130.8
156431591.8,-130.6
156432324.2,-130.5
156433056.6,-130.3
156433789.1,-130.1
156434521.5,-129.9
156435253.9,-129.5
156435986.3,-129.5
156436718.8,-129.4
156437451.2,-129.2
156438183.6,-128.9
156438916.0,-128.7
156439648.4,-128.5
156440380.9,-128.5
156441113.3,-128.4
156441845.7,-128.1
156442578.1,-127.9
156443310.5,-127.8
156444043.0,-127.6
156444775.4,-127.4
156445507.8,-127.3
156446240.2,-127.0
156446972.7,-126.7
156447705.1,-126.6
156448437.5,-126.5
156449169.9,-126.4
156449902.3,-126.2
156450634.8,-126.1
156451367.2,-126.0
156452099.6,-125.8
156452832.0,-125.6
156453564.5,-125.5
156454296.9,-125.3
156455029.3,-125.0
156455761.7,-125.0
156456494.1,-124.9
156457226.6,-124.7
156457959.0,-124.6
156458691.4,-124.5
156459423.8,-124.3
156460156.2,-124.2
156460888.7,-124.1
156461621.1,-123.9
156462353.5,-123.7
156463085.9,-123.4
156463818.4,-123.4
156464550.8,-123.3
156465283.2,-123.3
156466015.6,-123.2
156466748.0,-123.0
156467480.5,-122.9
156468212.9,-122.8
156468945.3,-122.6
156469677.7,-122.5
156470410.2,-122.2
156471142.6,-121.9
156471875.0,-122.0
156472607.4,-122.0
156473339.8,-121.8
156474072.3,-121.7
156474804.7,-121.6
156475537.1,-121.5
156476269.5,-121.4
156477002.0,-121.3
156477734.4,-121.2
156478466.8,-120.9
156479199.2,-120.7
156479931.6,-120.7
156480664.1,-120.7
156481396.5,-120.6
156482128.9,-120.6
156482861.3,-120.4
156483593.8,-120.2
156484326.2,-120.2
156485058.6,-120.0
156485791.0,-119.9
156486523.4,-119.6
156487255.9,-119.4
156487988.3,-119.5
156488720.7,-119.5
156489453.1,-119.4
156490185.5,-119.3
156490918.0,-119.2
156491650.4,-119.1
156492382.8,-119.0
156493115.2,-118.9
156493847.7,-118.7
156494580.1,-118.5
156495312.5,-118.3
156496044.9,-118.4
156496777.3,-118.4
156497509.8,-118.3
156498242.2,-118.2
156498974.6,-118.1
156499707.0,-118.0
156500439.5,-118.0
156501171.9,-117.8
156501904.3,-117.7
156502636.7,-117.3
156503369.1,-117.2
156504101.6,-117.4
156504834.0,-117.3
156505566.4,-117.3
156506298.8,-117.2
156507031.2,-117.0
156507763.7,-117.0
156508496.1,-116.9
156509228.5,-116.8
156509960.9,-116.7
156510693.4,-116.4
156511425.8,-116.2
156512158.2,-116.4
156512890.6,-116.3
156513623.0,-116.2
156514355.5,-116.2
156515087.9,-116.1
156515820.3,-116.0
156516552.7,-115.9
156517285.2,-115.8
156518017.6,-115.8
156518750.0,-115.4
156519482.4,-115.3
156520214.8,-115.4
156520947.3,-115.4
156521679.7,-115.4
156522412.1,-115.3
156523144.5,-115.2
156523877.0,-115.1
156524609.4,-115.0
156525341.8,-114.9
156526074.2,-114.8
156526806.6,-114.4
156527539.1,-114.5
156528271.5,-114.6
156529003.9,-114.5
156529736.3,-114.5
156530468.8,-114.4
156531201.2,-114.3
156531933.6,-114.3
156532666.0,-114.3
156533398.4,-114.1
156534130.9,-114.0
156534863.3,-113.7
156535595.7,-113.7
156536328.1,-113.8
156537060.5,-113.7
156537793.0,-113.7
156538525.4,-113.6
156539257.8,-113.5
156539990.2,-113.5
156540722.7,-113.4
156541455.1,-113.3
156542187.5,-113.2
156542919.9,-112.8
156543652.3,-112.9
156544384.8,-112.9
156545117.2,-112.9
156545849.6,-112.9
156546582.0,-112.8
156547314.5,-112.7
156548046.9,-112.7
156548779.3,-112.6
156549511.7,-112.6
156550244.1,-112.4
156550976.6,-112.1
156551709.0,-112.2
156552441.4,-112.2
156553173.8,-112.2
156553906.2,-112.2
156554638.7,-112.1
156555371.1,-112.0
156556103.5,-112.0
156556835.9,-111.9
156557568.4,-111.8
156558300.8,-111.6
156559033.2,-111.3
156559765.6,-111.5
156560498.0,-111.6
156561230.5,-111.6
156561962.9,-111.5
156562695.3,-111.5
156563427.7,-111.4
156564160.2,-111.3
156564892.6,-111.2
156565625.0,-111.2
156566357.4,-111.0
156567089.8,-110.6
156567822.3,-110.9
156568554.7,-110.9
156569287.1,-110.9
156570019.5,-110.9
156570752.0,-110.8
156571484.4,-110.8
156572216.8,-110.7
156572949.2,-110.7
156573681.6,-110.6
156574414.1,-110.4
156575146.5,-110.1
156575878.9,-110.4
156576611.3,-110.4
156577343.8,-110.3
156578076.2,-110.3
156578808.6,-110.2
156579541.0,-110.2
156580273.4,-110.1
156581005.9,-110.1
156581738.3,-110.0
156582470.7,-109.8
156583203.1,-109.5
156583935.5,-109.8
156584668.0,-109.8
156585400.4,-109.8
156586132.8,-109.8
156586865.2,-109.8
156587597.7,-109.7
156588330.1,-109.7
156589062.5,-109.6
156589794.9,-109.5
156590527.3,-109.3
156591259.8,-109.1
156591992.2,-109.3
156592724.6,-109.4
156593457.0,-109.3
156594189.5,-109.3
156594921.9,-109.2
156595654.3,-109.1
156596386.7,-109.0
156597119.1,-108.9
156597851.6,-108.4
156598584.0,-107.0
156599316.4,-99.4
156600048.8,-91.4
156600781.2,-94.2
156601513.7,-105.4
156602246.1,-107.6
156602978.5,-108.4
156603710.9,-108.5
156604443.4,-108.6
156605175.8,-108.6
156605908.2,-108.5
156606640.6,-108.2
156607373.0,-108.2
156608105.5,-108.4
156608837.9,-108.3
156609570.3,-108.3
156610302.7,-108.3
156611035.2,-108.3
156611767.6,-108.2
156612500.0,-108.2
156613232.4,-108.1
156613964.8,-108.1
156614697.3,-107.8
156615429.7,-107.7
156616162.1,-107.8
156616894.5,-107.9
156617627.0,-107.9
156618359.4,-107.9
156619091.8,-107.9
156619824.2,-107.8
156620556.6,-107.7
156621289.1,-107.7
156622021.5,-107.7
156622753.9,-107.3
156623486.3,-107.3
156624218.8,-107.5
156624951.2,-107.5
156625683.6,-107.5
156626416.0,-107.5
156627148.4,-107.4
156627880.9,-107.3
156628613.3,-107.4
156629345.7,-107.3
156630078.1,-107.2
156630810.5,-107.0
156631543.0,-107.0
156632275.4,-107.1
156633007.8,-107.1
156633740.2,-107.1
156634472.7,-107.1
156635205.1,-107.0
156635937.5,-106.9
156636669.9,-106.9
156637402.3,-106.9
156638134.8,-106.8
156638867.2,-106.5
156639599.6,-106.6
156640332.0,-106.7
156641064.5,-106.7
156641796.9,-106.7
156642529.3,-106.7
156643261.7,-106.6
156643994.1,-106.6
156644726.6,-106.5
156645459.0,-106.5
156646191.4,-106.5
156646923.8,-106.1
156647656.2,-106.3
156648388.7,-106.4
156649121.1,-106.3
156649853.5,-106.3
156650585.9,-106.3
156651318.4,-106.3
156652050.8,-106.2
156652783.2,-106.2
156653515.6,-106.1
156654248.0,-106.0
156654980.5,-105.8
156655712.9,-105.9
156656445.3,-106.0
156657177.7,-106.0
156657910.2,-106.0
156658642.6,-106.0
156659375.0,-105.9
156660107.4,-106.0
156660839.8,-105.9
156661572.3,-105.8
156662304.7,-105.7
156663037.1,-105.5
156663769.5,-105.7
156664502.0,-105.7
156665234.4,-105.7
156665966.8,-105.7
156666699.2,-105.7
156667431.6,-105.6
156668164.1,-105.6
156668896.5,-105.6
156669628.9,-105.5
156670361.3,-105.3
156671093.8,-105.3
156671826.2,-105.4
156672558.6,-105.4
156673291.0,-105.3
156674023.4,-105.4
156674755.9,-105.4
156675488.3,-105.4
156676220.7,-105.4
156676953.1,-105.4
156677685.5,-105.4
156678418.0,-105.2
156679150.4,-105.0
156679882.8,-105.2
156680615.2,-105.2
156681347.7,-105.2
156682080.1,-105.2
156682812.5,-105.2
156683544.9,-105.1
156684277.3,-105.1
156685009.8,-105.1
156685742.2,-105.1
156686474.6,-105.0
156687207.0,-104.9
156687939.5,-105.0
156688671.9,-105.0
156689404.3,-105.0
156690136.7,-104.9
156690869.1,-105.0
156691601.6,-104.9
156692334.0,-104.9
156693066.4,-104.9
156693798.8,-104.9
156694531.2,-104.7
156695263.7,-104.7
156695996.1,-104.8
156696728.5,-104.8
156697460.9,-104.8
156698193.4,-104.8
156698925.8,-104.7
156699658.2,-104.7
156700390.6,-104.7
156701123.0,-104.7
156701855.5,-104.7
156702587.9,-104.5
156703320.3,-104.5
156704052.7,-104.5
156704785.2,-104.5
156705517.6,-104.6
156706250.0,-104.5
156706982.4,-104.6
156707714.8,-104.5
156708447.3,-104.6
156709179.7,-104.5
156709912.1,-104.4
156710644.5,-104.3
156711377.0,-104.4
156712109.4,-104.5
156712841.8,-104.5
156713574.2,-104.4
156714306.6,-104.4
156715039.1,-104.4
156715771.5,-104.4
156716503.9,-104.4
156717236.3,-104.4
156717968.8,-104.3
156718701.2,-104.2
156719433.6,-104.2
156720166.0,-104.2
156720898.4,-104.2
156721630.9,-104.2
156722363.3,-104.3
156723095.7,-104.2
156723828.1,-104.2
156724560.5,-104.2
156725293.0,-104.1
156726025.4,-104.0
156726757.8,-104.0
156727490.2,-104.0
156728222.7,-104.1
156728955.1,-104.1
156729687.5,-104.1
156730419.9,-104.1
156731152.3,-104.1
156731884.8,-104.0
156732617.2,-104.0
156733349.6,-104.0
156734082.0,-104.0
156734814.5,-103.9
156735546.9,-103.9
156736279.3,-104.0
156737011.7,-104.0
156737744.1,-104.0
156738476.6,-103.9
156739209.0,-103.9
156739941.4,-103.9
156740673.8,-103.9
156741406.2,-103.9
156742138.7,-103.9
156742871.1,-103.8
156743603.5,-103.8
156744335.9,-103.8
156745068.4,-103.8
156745800.8,-103.8
156746533.2,-103.9
156747265.6,-103.9
156747998.0,-103.8
156748730.5,-103.8
156749462.9,-103.8
156750195.3,-103.8
156750927.7,-103.7
156751660.2,-103.7
156752392.6,-103.7
156753125.0,-103.7
156753857.4,-103.7
156754589.8,-103.7
156755322.3,-103.7
156756054.7,-103.7
156756787.1,-103.7
156757519.5,-103.7
156758252.0,-103.6
156758984.4,-103.5
156759716.8,-103.6
156760449.2,-103.6
156761181.6,-103.6
156761914.1,-103.6
156762646.5,-103.6
156763378.9,-103.6
156764111.3,-103.6
156764843.8,-103.6
156765576.2,-103.6
156766308.6,-103.5
156767041.0,-103.5
156767773.4,-103.5
156768505.9,-103.5
156769238.3,-103.5
156769970.7,-103.6
156770703.1,-103.6
156771435.5,-103.5
156772168.0,-103.5
156772900.4,-103.5
156773632.8,-103.5
156774365.2,-103.5
156775097.7,-103.4
156775830.1,-103.5
156776562.5,-103.5
156777294.9,-103.5
156778027.3,-103.5
156778759.8,-103.5
156779492.2,-103.5
156780224.6,-103.5
156780957.0,-103.5
156781689.5,-103.5
156782421.9,-103.5
156783154.3,-103.4
156783886.7,-103.4
156784619.1,-103.4
156785351.6,-103.4
156786084.0,-103.4
156786816.4,-103.4
156787548.8,-103.4
156788281.2,-103.4
156789013.7,-103.4
156789746.1,-103.4
156790478.5,-103.4
156791210.9,-103.4
156791943.4,-103.4
156792675.8,-103.4
156793408.2,-103.4
156794140.6,-103.4
156794873.0,-103.4
156795605.5,-103.3
156796337.9,-103.3
156797070.3,-103.4
156797802.7,-103.4
156798535.2,-103.3
156799267.6,-103.3
156800000.0,-103.3
156800732.4,-103.3
156801464.8,-103.3
156802197.3,-103.4
156802929.7,-103.4
156803662.1,-103.3
156804394.5,-103.4
156805127.0,-103.3
156805859.4,-103.4
156806591.8,-103.3
156807324.2,-103.3
156808056.6,-103.2
156808789.1,-103.2
156809521.5,-103.3
156810253.9,-103.3
156810986.3,-103.3
156811718.8,-103.3
156812451.2,-103.3
156813183.6,-103.3
156813916.0,-103.3
156814648.4,-103.2
156815380.9,-103.2
156816113.3,-103.3
156816845.7,-103.3
156817578.1,-103.3
156818310.5,-103.3
156819043.0,-103.2
156819775.4,-103.3
156820507.8,-103.3
156821240.2,-103.3
156821972.7,-103.3
156822705.1,-103.2
156823437.5,-103.2
156824169.9,-103.2
156824902.3,-103.2
156825634.8,-103.3
156826367.2,-103.3
156827099.6,-103.3
156827832.0,-103.3
156828564.5,-103.3
156829296.9,-103.3
156830029.3,-103.3
156830761.7,-103.2
156831494.1,-103.2
156832226.6,-103.3
156832959.0,-103.3
156833691.4,-103.3
156834423.8,-103.2
156835156.2,-103.3
156835888.7,-103.3
156836621.1,-103.4
156837353.5,-103.3
156838085.9,-103.3
156838818.4,-103.2
156839550.8,-103.1
156840283.2,-103.2
156841015.6,-103.3
156841748.0,-103.3
156842480.5,-103.3
156843212.9,-103.3
156843945.3,-103.3
156844677.7,-103.3
156845410.2,-103.3
156846142.6,-103.2
156846875.0,-103.2
156847607.4,-103.2
156848339.8,-103.3
156849072.3,-103.3
156849804.7,-103.3
156850537.1,-103.4
156851269.5,-103.4
156852002.0,-103.4
156852734.4,-103.4
156853466.8,-103.3
156854199.2,-103.2
156854931.6,-103.1
156855664.1,-103.2
156856396.5,-103.2
156857128.9,-103.3
156857861.3,-103.3
156858593.8,-103.3
156859326.2,-103.0
156860058.6,-103.2
156860791.0,-103.3
156861523.4,-103.3
156862255.9,-103.3
156862988.3,-103.2
156863720.7,-103.3
156864453.1,-103.4
156865185.5,-103.4
156865918.0,-103.4
156866650.4,-103.4
156867382.8,-103.4
156868115.2,-103.5
156868847.7,-103.5
156869580.1,-103.5
156870312.5,-103.4
156871044.9,-103.3
156871777.3,-103.4
156872509.8,-103.4
156873242.2,-103.5
156873974.6,-103.5
156874707.0,-103.5
156875439.5,-103.5
156876171.9,-103.6
156876904.3,-103.5
156877636.7,-103.5
156878369.1,-103.5
156879101.6,-103.4
156879834.0,-103.5
156880566.4,-103.5
156881298.8,-103.6
156882031.2,-103.6
156882763.7,-103.6
156883496.1,-103.6
156884228.5,-103.6
156884960.9,-103.6
156885693.4,-103.6
156886425.8,-103.5
156887158.2,-103.5
156887890.6,-103.6
156888623.0,-103.6
156889355.5,-103.6
156890087.9,-103.7
156890820.3,-103.7
156891552.7,-103.7
156892285.2,-103.7
156893017.6,-103.7
156893750.0,-103.7
156894482.4,-103.6
156895214.8,-103.5
156895947.3,-103.6
156896679.7,-103.6
156897412.1,-103.6
156898144.5,-103.7
156898877.0,-103.7
156899609.4,-103.7
156900341.8,-103.7
156901074.2,-103.7
156901806.6,-103.7
156902539.1,-103.6
156903271.5,-103.5
156904003.9,-103.7
156904736.3,-103.7
156905468.8,-103.8
156906201.2,-103.8
156906933.6,-103.8
156907666.0,-103.8
156908398.4,-103.8
156909130.9,-103.8
156909863.3,-103.8
156910595.7,-103.7
156911328.1,-103.6
156912060.5,-103.8
156912793.0,-103.8
156913525.4,-103.8
156914257.8,-103.8
156914990.2,-103.9
156915722.7,-103.9
156916455.1,-103.8
156917187.5,-103.8
156917919.9,-103.8
156918652.3,-103.7
156919384.8,-103.7
156920117.2,-103.9
156920849.6,-103.9
156921582.0,-103.9
156922314.5,-103.9
156923046.9,-103.8
156923779.3,-103.8
156924511.7,-103.9
156925244.1,-103.9
156925976.6,-103.9
156926709.0,-103.8
156927441.4,-103.8
156928173.8,-103.9
156928906.2,-103.9
156929638.7,-104.0
156930371.1,-104.0
156931103.5,-104.0
156931835.9,-103.9
156932568.4,-103.9
156933300.8,-103.9
156934033.2,-103.9
156934765.6,-103.7
156935498.0,-103.8
156936230.5,-103.9
156936962.9,-103.9
156937695.3,-104.0
156938427.7,-104.0
156939160.2,-103.9
156939892.6,-103.9
156940625.0,-104.0
156941357.4,-104.0
156942089.8,-104.0
156942822.3,-103.8
156943554.7,-103.9
156944287.1,-104.0
156945019.5,-104.0
156945752.0,-104.0
156946484.4,-104.0
156947216.8,-104.0
156947949.2,-104.0
156948681.6,-103.6
156949414.1,-90.9
156950146.5,-87.5
156950878.9,-95.6
156951611.3,-103.8
156952343.8,-104.0
156953076.2,-104.0
156953808.6,-104.0
156954541.0,-104.0
156955273.4,-104.0
156956005.9,-104.1
156956738.3,-104.1
156957470.7,-104.1
156958203.1,-104.1
156958935.5,-103.8
156959668.0,-104.0
156960400.4,-104.1
156961132.8,-104.1
156961865.2,-104.1
156962597.7,-104.2
156963330.1,-104.2
156964062.5,-104.1
156964794.9,-104.2
156965527.3,-104.2
156966259.8,-104.1
156966992.2,-103.9
156967724.6,-104.0
156968457.0,-104.1
156969189.5,-104.2
156969921.9,-104.2
156970654.3,-104.2
156971386.7,-104.2
156972119.1,-104.3
156972851.6,-104.3
156973584.0,-104.3
156974316.4,-104.1
156975048.8,-103.8
156975781.2,-104.1
156976513.7,-104.2
156977246.1,-104.2
156977978.5,-104.3
156978710.9,-104.3
156979443.4,-104.3
156980175.8,-104.3
156980908.2,-104.3
156981640.6,-104.3
156982373.0,-104.2
156983105.5,-104.0
156983837.9,-104.2
156984570.3,-104.2
156985302.7,-104.3
156986035.2,-104.3
156986767.6,-104.3
156987500.0,-104.3
156988232.4,-104.3
156988964.8,-104.4
156989697.3,-104.3
156990429.7,-104.1
156991162.1,-103.9
156991894.5,-104.2
156992627.0,-104.3
156993359.4,-104.4
156994091.8,-104.4
156994824.2,-104.4
156995556.6,-104.4
156996289.1,-104.4
156997021.5,-104.4
156997753.9,-104.4
156998486.3,-104.2
156999218.8,-104.0
156999951.2,-104.3
157000683.6,-104.3
157001416.0,-104.4
157002148.4,-104.4
157002880.9,-104.4
157003613.3,-104.4
157004345.7,-104.4
157005078.1,-104.4
157005810.5,-104.4
157006543.0,-104.2
157007275.4,-104.1
157008007.8,-104.3
157008740.2,-104.3
157009472.7,-104.4
157010205.1,-104.4
157010937.5,-104.4
157011669.9,-104.4
157012402.3,-104.4
157013134.8,-104.4
157013867.2,-104.4
157014599.6,-104.2
157015332.0,-104.1
157016064.5,-104.3
157016796.9,-104.3
157017529.3,-104.3
157018261.7,-104.4
157018994.1,-104.4
157019726.6,-104.4
157020459.0,-104.4
157021191.4,-104.4
157021923.8,-104.3
157022656.2,-104.2
157023388.7,-104.2
157024121.1,-104.3
157024853.5,-104.4
157025585.9,-104.4
157026318.4,-104.4
157027050.8,-104.4
157027783.2,-104.4
157028515.6,-104.4
157029248.0,-104.4
157029980.5,-104.4
157030712.9,-104.1
157031445.3,-104.1
157032177.7,-104.4
157032910.2,-104.4
157033642.6,-104.3
157034375.0,-104.3
157035107.4,-104.4
157035839.8,-104.4
157036572.3,-104.4
157037304.7,-104.4
157038037.1,-104.4
157038769.5,-104.1
157039502.0,-104.2
157040234.4,-104.4
157040966.8,-104.4
157041699.2,-104.3
157042431.6,-104.4
157043164.1,-104.4
157043896.5,-104.4
157044628.9,-104.4
157045361.3,-104.3
157046093.8,-104.3
157046826.2,-104.0
157047558.6,-104.1
157048291.0,-104.3
157049023.4,-104.4
157049755.9,-104.4
157050488.3,-104.4
157051220.7,-104.5
157051953.1,-104.4
157052685.5,-104.4
157053418.0,-104.3
157054150.4,-104.4
157054882.8,-104.1
157055615.2,-104.2
157056347.7,-104.3
157057080.1,-104.4
157057812.5,-104.4
157058544.9,-104.4
157059277.3,-104.4
157060009.8,-104.4
157060742.2,-104.5
157061474.6,-104.4
157062207.0,-104.3
157062939.5,-104.1
157063671.9,-104.3
157064404.3,-104.3
157065136.7,-104.3
157065869.1,-104.4
157066601.6,-104.4
157067334.0,-104.4
157068066.4,-104.4
157068798.8,-104.4
157069531.2,-104.4
157070263.7,-104.3
157070996.1,-104.0
157071728.5,-104.2
157072460.9,-104.3
157073193.4,-104.3
157073925.8,-104.3
157074658.2,-104.3
157075390.6,-104.4
157076123.0,-104.4
157076855.5,-104.4
157077587.9,-104.4
157078320.3,-104.3
157079052.7,-104.1
157079785.2,-104.2
157080517.6,-104.3
157081250.0,-104.3
157081982.4,-104.4
157082714.8,-104.4
157083447.3,-104.4
157084179.7,-104.4
157084912.1,-104.4
157085644.5,-104.4
157086377.0,-104.3
157087109.4,-104.1
157087841.8,-104.3
157088574.2,-104.3
157089306.6,-104.3
157090039.1,-104.3
157090771.5,-104.4
157091503.9,-104.3
157092236.3,-104.4
157092968.8,-104.4
157093701.2,-104.4
157094433.6,-104.3
157095166.0,-104.2
157095898.4,-104.3
157096630.9,-104.3
157097363.3,-104.4
157098095.7,-104.4
157098828.1,-104.4
157099560.5,-104.4
157100293.0,-104.4
157101025.4,-104.4
157101757.8,-104.4
157102490.2,-104.3
157103222.7,-104.2
157103955.1,-104.3
157104687.5,-104.3
157105419.9,-104.4
157106152.3,-104.4
157106884.8,-104.4
157107617.2,-104.4
157108349.6,-104.4
157109082.0,-104.4
157109814.5,-104.4
157110546.9,-104.1
157111279.3,-104.0
157112011.7,-104.2
157112744.1,-104.3
157113476.6,-104.4
157114209.0,-104.4
157114941.4,-104.3
157115673.8,-104.3
157116406.2,-104.4
157117138.7,-104.4
157117871.1,-104.4
157118603.5,-104.2
157119335.9,-104.2
157120068.4,-104.2
157120800.8,-104.3
157121533.2,-104.3
157122265.6,-104.3
157122998.0,-104.3
157123730.5,-104.3
157124462.9,-104.3
157125195.3,-104.3
157125927.7,-104.3
157126660.2,-104.1
157127392.6,-104.0
157128125.0,-104.2
157128857.4,-104.3
157129589.8,-104.3
157130322.3,-104.3
157131054.7,-104.3
157131787.1,-104.3
157132519.5,-104.3
157133252.0,-104.4
157133984.4,-104.3
157134716.8,-104.2
157135449.2,-104.1
157136181.6,-104.1
157136914.1,-104.3
157137646.5,-104.3
157138378.9,-104.3
157139111.3,-104.3
157139843.8,-104.3
157140576.2,-104.3
157141308.6,-104.3
157142041.0,-104.2
157142773.4,-104.1
157143505.9,-104.1
157144238.3,-104.3
157144970.7,-104.3
157145703.1,-104.3
157146435.5,-104.3
157147168.0,-104.2
157147900.4,-104.4
157148632.8,-104.3
157149365.2,-104.3
157150097.7,-104.3
157150830.1,-104.1
157151562.5,-104.1
157152294.9,-104.2
157153027.3,-104.2
157153759.8,-104.3
157154492.2,-104.3
157155224.6,-104.4
157155957.0,-104.3
157156689.5,-104.3
157157421.9,-104.3
157158154.3,-104.1
157158886.7,-104.1
157159619.1,-104.3
157160351.6,-104.3
157161084.0,-104.3
157161816.4,-104.3
157162548.8,-104.3
157163281.2,-104.3
157164013.7,-104.3
157164746.1,-104.3
157165478.5,-104.3
157166210.9,-104.2
157166943.4,-104.1
157167675.8,-104.2
157168408.2,-104.3
157169140.6,-104.3
157169873.0,-104.3
157170605.5,-104.3
157171337.9,-104.3
157172070.3,-104.3
157172802.7,-104.3
157173535.2,-104.2
157174267.6,-104.2
157175000.0,-104.1
157175732.4,-104.2
157176464.8,-104.3
157177197.3,-104.3
157177929.7,-104.3
157178662.1,-104.2
157179394.5,-104.3
157180127.0,-104.3
157180859.4,-104.3
157181591.8,-104.3
157182324.2,-104.2
157183056.6,-104.1
157183789.1,-104.2
157184521.5,-104.2
157185253.9,-104.2
157185986.3,-104.2
157186718.8,-104.3
157187451.2,-104.3
157188183.6,-104.3
157188916.0,-104.3
157189648.4,-104.2
157190380.9,-104.2
157191113.3,-104.1
157191845.7,-104.2
157192578.1,-104.3
157193310.5,-104.2
157194043.0,-104.2
157194775.4,-104.3
157195507.8,-104.3
157196240.2,-104.3
157196972.7,-104.3
157197705.1,-104.2
157198437.5,-104.2
157199169.9,-104.2
157199902.3,-104.2
157200634.8,-104.2
157201367.2,-104.3
157202099.6,-104.3
157202832.0,-104.2
157203564.5,-104.2
157204296.9,-104.2
157205029.3,-104.2
157205761.7,-104.2
157206494.1,-104.2
157207226.6,-104.2
157207959.0,-104.2
157208691.4,-104.2
157209423.8,-104.2
157210156.2,-104.2
157210888.7,-104.3
157211621.1,-104.3
157212353.5,-104.3
157213085.9,-104.3
157213818.4,-104.3
157214550.8,-104.1
157215283.2,-104.1
157216015.6,-104.2
157216748.0,-104.2
157217480.5,-104.2
157218212.9,-104.2
157218945.3,-104.2
157219677.7,-104.3
157220410.2,-104.3
157221142.6,-104.2
157221875.0,-104.2
157222607.4,-104.2
157223339.8,-104.2
157224072.3,-104.2
157224804.7,-104.2
157225537.1,-104.2
157226269.5,-104.2
157227002.0,-104.2
157227734.4,-104.2
157228466.8,-104.2
157229199.2,-104.2
157229931.6,-104.1
157230664.1,-104.1
157231396.5,-104.1
157232128.9,-104.1
157232861.3,-104.1
157233593.8,-104.2
157234326.2,-104.2
157235058.6,-104.2
157235791.0,-104.1
157236523.4,-104.2
157237255.9,-104.2
157237988.3,-104.2
157238720.7,-104.1
157239453.1,-104.0
157240185.5,-104.1
157240918.0,-104.1
157241650.4,-104.1
157242382.8,-104.2
157243115.2,-104.2
157243847.7,-104.2
157244580.1,-104.2
157245312.5,-104.2
157246044.9,-104.1
157246777.3,-104.0
157247509.8,-104.0
157248242.2,-104.1
157248974.6,-104.1
157249707.0,-104.2
157250439.5,-104.3
157251171.9,-104.2
157251904.3,-104.2
157252636.7,-104.2
157253369.1,-104.2
157254101.6,-104.2
157254834.0,-104.0
157255566.4,-104.0
157256298.8,-104.0
157257031.2,-104.1
157257763.7,-104.2
157258496.1,-104.2
157259228.5,-104.2
157259960.9,-104.2
157260693.4,-104.2
157261425.8,-104.1
157262158.2,-104.2
157262890.6,-104.1
157263623.0,-104.1
157264355.5,-104.1
157265087.9,-104.2
157265820.3,-104.2
157266552.7,-104.2
157267285.2,-104.1
157268017.6,-104.2
157268750.0,-104.2
157269482.4,-104.3
157270214.8,-104.2
157270947.3,-104.0
157271679.7,-104.0
157272412.1,-104.1
157273144.5,-104.1
157273877.0,-104.2
157274609.4,-104.2
157275341.8,-104.2
157276074.2,-104.2
157276806.6,-104.2
157277539.1,-104.2
157278271.5,-104.0
157279003.9,-104.0
157279736.3,-104.1
157280468.8,-104.1
157281201.2,-104.1
157281933.6,-104.2
157282666.0,-104.1
157283398.4,-104.0
157284130.9,-104.1
157284863.3,-104.1
157285595.7,-104.0
157286328.1,-103.9
157287060.5,-103.9
157287793.0,-104.0
157288525.4,-104.1
157289257.8,-104.1
157289990.2,-104.1
157290722.7,-104.0
157291455.1,-103.8
157292187.5,-104.0
157292919.9,-104.1
157293652.3,-104.1
157294384.8,-104.1
157295117.2,-104.1
157295849.6,-104.1
157296582.0,-104.2
157297314.5,-104.2
157298046.9,-104.1
157298779.3,-104.2
157299511.7,-104.2
157300244.1,-104.2
157300976.6,-104.2
157301709.0,-104.2
157302441.4,-104.1
157303173.8,-103.9
157303906.2,-104.1
157304638.7,-104.1
157305371.1,-104.1
157306103.5,-104.2
157306835.9,-104.2
157307568.4,-104.2
157308300.8,-104.2
157309033.2,-104.1
157309765.6,-104.1
157310498.0,-104.1
157311230.5,-104.0
157311962.9,-104.1
157312695.3,-104.1
157313427.7,-104.1
157314160.2,-104.1
157314892.6,-104.2
157315625.0,-104.2
157316357.4,-104.2
157317089.8,-104.1
157317822.3,-104.1
157318554.7,-103.9
157319287.1,-103.9
157320019.5,-104.1
157320752.0,-104.1
157321484.4,-104.1
157322216.8,-104.1
157322949.2,-104.0
157323681.6,-104.0
157324414.1,-104.0
157325146.5,-104.1
157325878.9,-104.1
157326611.3,-104.0
157327343.8,-103.9
157328076.2,-104.0
157328808.6,-104.1
157329541.0,-104.0
157330273.4,-104.1
157331005.9,-104.1
157331738.3,-104.1
157332470.7,-104.1
157333203.1,-104.1
157333935.5,-104.1
157334668.0,-103.9
157335400.4,-103.9
157336132.8,-104.1
157336865.2,-104.1
157337597.7,-104.1
157338330.1,-104.1
157339062.5,-104.1
157339794.9,-104.1
157340527.3,-104.1
157341259.8,-104.1
157341992.2,-104.1
157342724.6,-104.0
157343457.0,-103.9
157344189.5,-104.1
157344921.9,-104.1
157345654.3,-104.1
157346386.7,-104.1
157347119.1,-104.1
157347851.6,-104.1
157348584.0,-104.2
157349316.4,-104.2
157350048.8,-104.1
157350781.2,-103.9
157351513.7,-104.0
157352246.1,-104.1
157352978.5,-104.1
157353710.9,-104.0
157354443.4,-104.1
157355175.8,-104.1
157355908.2,-104.1
157356640.6,-104.2
157357373.0,-104.2
157358105.5,-104.2
157358837.9,-103.9
157359570.3,-104.0
157360302.7,-104.0
157361035.2,-104.0
157361767.6,-104.2
157362500.0,-104.2
157363232.4,-104.2
157363964.8,-104.2
157364697.3,-104.2
157365429.7,-104.1
157366162.1,-104.1
157366894.5,-103.8
157367627.0,-103.9
157368359.4,-104.1
157369091.8,-104.1
157369824.2,-104.1
157370556.6,-104.1
157371289.1,-104.2
157372021.5,-104.1
157372753.9,-104.2
157373486.3,-104.2
157374218.8,-104.1
157374951.2,-103.9
157375683.6,-104.0
157376416.0,-104.0
157377148.4,-104.1
157377880.9,-104.2
157378613.3,-104.2
157379345.7,-104.2
157380078.1,-104.1
157380810.5,-104.1
157381543.0,-104.2
157382275.4,-104.1
157383007.8,-103.8
157383740.2,-104.0
157384472.7,-104.1
157385205.1,-104.2
157385937.5,-104.1
157386669.9,-104.1
157387402.3,-104.2
157388134.8,-104.2
157388867.2,-104.2
157389599.6,-104.2
157390332.0,-104.1
157391064.5,-103.8
157391796.9,-104.0
157392529.3,-104.1
157393261.7,-104.2
157393994.1,-104.2
157394726.6,-104.2
157395459.0,-104.2
157396191.4,-104.2
157396923.8,-104.1
157397656.2,-104.2
157398388.7,-104.1
157399121.1,-103.9
157399853.5,-104.1
157400585.9,-104.2
157401318.4,-104.2
157402050.8,-104.2
157402783.2,-104.2
157403515.6,-104.1
157404248.0,-104.2
157404980.5,-104.2
157405712.9,-104.2
157406445.3,-104.1
157407177.7,-103.9
157407910.2,-104.1
157408642.6,-104.2
157409375.0,-104.2
157410107.4,-104.2
157410839.8,-104.1
157411572.3,-104.2
157412304.7,-104.2
157413037.1,-104.2
157413769.5,-104.2
157414502.0,-104.1
157415234.4,-104.0
157415966.8,-104.1
157416699.2,-104.1
157417431.6,-104.2
157418164.1,-104.1
157418896.5,-104.2
157419628.9,-104.2
157420361.3,-104.2
157421093.8,-104.2
157421826.2,-104.2
157422558.6,-103.9
157423291.0,-103.8
157424023.4,-104.1
157424755.9,-104.2
157425488.3,-104.2
157426220.7,-104.2
157426953.1,-104.2
157427685.5,-104.1
157428418.0,-104.1
157429150.4,-104.1
157429882.8,-104.1
157430615.2,-104.0
157431347.7,-104.0
157432080.1,-104.1
157432812.5,-104.1
157433544.9,-104.1
157434277.3,-104.1
157435009.8,-104.1
157435742.2,-104.2
157436474.6,-104.2
157437207.0,-104.1
157437939.5,-104.1
157438671.9,-103.8
157439404.3,-103.8
157440136.7,-104.1
157440869.1,-104.1
157441601.6,-104.2
157442334.0,-104.1
157443066.4,-104.1
157443798.8,-104.1
157444531.2,-104.2
157445263.7,-104.2
157445996.1,-104.2
157446728.5,-103.9
157447460.9,-103.8
157448193.4,-104.1
157448925.8,-104.1
157449658.2,-104.2
157450390.6,-104.2
157451123.0,-104.2
157451855.5,-104.2
157452587.9,-104.2
157453320.3,-104.2
157454052.7,-104.1
157454785.2,-103.9
157455517.6,-104.0
157456250.0,-104.1
157456982.4,-104.2
157457714.8,-104.2
157458447.3,-104.2
157459179.7,-104.1
157459912.1,-104.1
157460644.5,-104.1
157461377.0,-104.1
157462109.4,-104.1
157462841.8,-103.9
157463574.2,-104.0
157464306.6,-104.1
157465039.1,-104.2
157465771.5,-104.2
157466503.9,-104.2
157467236.3,-104.2
157467968.8,-104.2
157468701.2,-104.2
157469433.6,-104.2
157470166.0,-104.1
157470898.4,-103.9
157471630.9,-104.1
157472363.3,-104.2
157473095.7,-104.2
157473828.1,-104.2
157474560.5,-104.2
157475293.0,-104.2
157476025.4,-104.2
157476757.8,-104.2
157477490.2,-104.2
157478222.7,-104.1
157478955.1,-103.8
157479687.5,-104.0
157480419.9,-104.2
157481152.3,-104.2
157481884.8,-104.2
157482617.2,-104.2
157483349.6,-104.2
157484082.0,-104.2
157484814.5,-104.2
157485546.9,-104.2
157486279.3,-104.1
157487011.7,-103.9
157487744.1,-104.1
157488476.6,-104.2
157489209.0,-104.2
157489941.4,-104.1
157490673.8,-104.2
157491406.2,-104.3
157492138.7,-104.3
157492871.1,-104.2
157493603.5,-104.2
157494335.9,-104.1
157495068.4,-103.9
157495800.8,-104.1
157496533.2,-104.2
157497265.6,-104.1
157497998.0,-104.2
157498730.5,-104.2
157499462.9,-104.2
157500195.3,-104.3
157500927.7,-104.3
157501660.2,-104.2
157502392.6,-104.1
157503125.0,-103.9
157503857.4,-104.1
157504589.8,-104.2
157505322.3,-104.2
157506054.7,-104.2
157506787.1,-104.2
157507519.5,-104.2
157508252.0,-104.3
157508984.4,-104.2
157509716.8,-104.2
157510449.2,-104.1
157511181.6,-103.9
157511914.1,-104.1
157512646.5,-104.2
157513378.9,-104.2
157514111.3,-104.3
157514843.8,-104.3
157515576.2,-104.2
157516308.6,-104.3
157517041.0,-104.2
157517773.4,-104.2
157518505.9,-104.1
157519238.3,-104.0
157519970.7,-104.2
157520703.1,-104.2
157521435.5,-104.2
157522168.0,-104.2
157522900.4,-104.2
157523632.8,-104.2
157524365.2,-104.3
157525097.7,-104.3
157525830.1,-104.2
157526562.5,-104.0
157527294.9,-104.0
157528027.3,-104.1
157528759.8,-104.2
157529492.2,-104.2
157530224.6,-104.3
157530957.0,-104.2
157531689.5,-104.2
157532421.9,-104.2
157533154.3,-104.2
157533886.7,-104.2
157534619.1,-104.1
157535351.6,-104.0
157536084.0,-104.2
157536816.4,-104.2
157537548.8,-104.2
157538281.2,-104.3
157539013.7,-104.3
157539746.1,-104.3
157540478.5,-104.3
157541210.9,-104.3
157541943.4,-104.2
157542675.8,-104.0
157543408.2,-104.1
157544140.6,-104.3
157544873.0,-104.2
157545605.5,-104.3
157546337.9,-104.2
157547070.3,-104.3
157547802.7,-104.2
157548535.2,-104.2
157549267.6,-104.3
157550000.0,-104.2
157550732.4,-104.1
157551464.8,-104.1
157552197.3,-104.2
157552929.7,-104.2
157553662.1,-104.2
157554394.5,-104.3
157555127.0,-104.2
157555859.4,-104.3
157556591.8,-104.3
157557324.2,-104.3
157558056.6,-104.2
157558789.1,-104.1
157559521.5,-104.1
157560253.9,-104.2
157560986.3,-104.3
157561718.8,-104.3
157562451.2,-104.2
157563183.6,-104.3
157563916.0,-104.2
157564648.4,-104.2
157565380.9,-104.3
157566113.3,-104.2
157566845.7,-104.1
157567578.1,-104.2
157568310.5,-104.2
157569043.0,-104.2
157569775.4,-104.3
157570507.8,-104.3
157571240.2,-104.3
157571972.7,-104.3
157572705.1,-104.2
157573437.5,-104.3
157574169.9,-104.2
157574902.3,-104.1
157575634.8,-104.2
157576367.2,-104.3
157577099.6,-104.3
157577832.0,-104.3
157578564.5,-104.3
157579296.9,-104.2
157580029.3,-104.3
157580761.7,-104.3
157581494.1,-104.3
157582226.6,-104.3
157582959.0,-104.1
157583691.4,-104.1
157584423.8,-104.2
157585156.2,-104.3
157585888.7,-104.3
157586621.1,-104.3
157587353.5,-104.3
157588085.9,-104.3
157588818.4,-104.3
157589550.8,-104.3
157590283.2,-104.2
157591015.6,-104.1
157591748.0,-104.2
157592480.5,-104.1
157593212.9,-104.2
157593945.3,-104.3
157594677.7,-104.2
157595410.2,-104.1
157596142.6,-104.3
157596875.0,-104.3
157597607.4,-104.3
157598339.8,-104.2
157599072.3,-104.1
157599804.7,-104.2
157600537.1,-104.2
157601269.5,-104.3
157602002.0,-104.3
157602734.4,-104.3
157603466.8,-104.3
157604199.2,-104.3
157604931.6,-104.3
157605664.1,-104.3
157606396.5,-104.2
157607128.9,-104.1
157607861.3,-104.2
157608593.8,-104.3
157609326.2,-104.3
157610058.6,-104.3
157610791.0,-104.2
157611523.4,-104.3
157612255.9,-104.3
157612988.3,-104.3
157613720.7,-104.3
157614453.1,-104.2
157615185.5,-104.1
157615918.0,-104.1
157616650.4,-104.2
157617382.8,-104.3
157618115.2,-104.3
157618847.7,-104.3
157619580.1,-104.3
157620312.5,-104.3
157621044.9,-104.3
157621777.3,-104.3
157622509.8,-104.1
157623242.2,-104.1
157623974.6,-104.1
157624707.0,-104.1
157625439.5,-104.2
157626171.9,-104.3
157626904.3,-104.2
157627636.7,-104.2
157628369.1,-104.3
157629101.6,-104.3
157629834.0,-104.2
157630566.4,-104.1
157631298.8,-104.1
157632031.2,-104.1
157632763.7,-104.2
157633496.1,-104.3
157634228.5,-104.3
157634960.9,-104.3
157635693.4,-104.3
157636425.8,-104.3
157637158.2,-104.3
157637890.6,-104.3
157638623.0,-104.1
157639355.5,-104.1
157640087.9,-104.2
157640820.3,-104.2
157641552.7,-104.2
157642285.2,-104.2
157643017.6,-104.3
157643750.0,-104.3
157644482.4,-104.3
157645214.8,-104.3
157645947.3,-104.3
157646679.7,-104.1
157647412.1,-104.1
157648144.5,-104.2
157648877.0,-104.2
157649609.4,-104.2
157650341.8,-104.3
157651074.2,-104.3
157651806.6,-104.2
157652539.1,-104.3
157653271.5,-104.2
157654003.9,-104.2
157654736.3,-104.1
157655468.8,-104.1
157656201.2,-104.2
157656933.6,-104.2
157657666.0,-104.2
157658398.4,-104.2
157659130.9,-104.3
157659863.3,-104.3
157660595.7,-104.3
157661328.1,-104.2
157662060.5,-104.2
157662793.0,-104.1
157663525.4,-104.2
157664257.8,-104.2
157664990.2,-104.2
157665722.7,-104.3
157666455.1,-104.2
157667187.5,-104.3
157667919.9,-104.3
157668652.3,-104.3
157669384.8,-104.2
157670117.2,-104.2
157670849.6,-104.2
157671582.0,-104.2
157672314.5,-104.2
157673046.9,-104.2
157673779.3,-104.2
157674511.7,-104.3
157675244.1,-104.3
157675976.6,-104.3
157676709.0,-104.3
157677441.4,-104.2
157678173.8,-104.1
157678906.2,-104.1
157679638.7,-104.2
157680371.1,-104.2
157681103.5,-104.2
157681835.9,-104.3
157682568.4,-104.3
157683300.8,-104.3
157684033.2,-104.3
157684765.6,-104.2
157685498.0,-104.3
157686230.5,-104.2
157686962.9,-104.1
157687695.3,-104.1
157688427.7,-104.2
157689160.2,-104.2
157689892.6,-104.3
157690625.0,-104.3
157691357.4,-104.3
157692089.8,-104.2
157692822.3,-104.2
157693554.7,-104.2
157694287.1,-104.2
157695019.5,-104.1
157695752.0,-104.2
157696484.4,-104.2
157697216.8,-104.2
157697949.2,-104.3
157698681.6,-104.2
157699414.1,-104.1
157700146.5,-104.2
157700878.9,-104.2
157701611.3,-104.2
157702343.8,-104.2
157703076.2,-104.1
157703808.6,-104.1
157704541.0,-104.1
157705273.4,-104.1
157706005.9,-104.2
157706738.3,-104.2
157707470.7,-104.1
157708203.1,-104.2
157708935.5,-104.2
157709668.0,-104.1
157710400.4,-104.0
157711132.8,-104.0
157711865.2,-103.9
157712597.7,-104.0
157713330.1,-104.1
157714062.5,-104.1
157714794.9,-104.0
157715527.3,-103.8
157716259.8,-104.0
157716992.2,-104.1
157717724.6,-104.0
157718457.0,-104.0
157719189.5,-103.9
157719921.9,-104.0
157720654.3,-104.0
157721386.7,-104.1
157722119.1,-104.1
157722851.6,-104.1
157723584.0,-104.1
157724316.4,-104.1
157725048.8,-104.1
157725781.2,-104.1
157726513.7,-104.1
157727246.1,-104.0
157727978.5,-104.1
157728710.9,-104.1
157729443.4,-104.1
157730175.8,-104.1
157730908.2,-104.1
157731640.6,-104.1
157732373.0,-104.1
157733105.5,-104.2
157733837.9,-104.1
157734570.3,-104.1
157735302.7,-104.0
157736035.2,-104.1
157736767.6,-104.1
157737500.0,-104.2
157738232.4,-104.1
157738964.8,-104.1
157739697.3,-104.1
157740429.7,-104.1
157741162.1,-104.1
157741894.5,-104.1
157742627.0,-104.0
157743359.4,-104.0
157744091.8,-104.1
157744824.2,-104.1
157745556.6,-104.1
157746289.1,-104.1
157747021.5,-104.0
157747753.9,-104.1
157748486.3,-104.2
157749218.8,-104.1
157749951.2,-104.1
157750683.6,-104.0
157751416.0,-104.0
157752148.4,-104.1
157752880.9,-104.1
157753613.3,-104.1
157754345.7,-104.1
157755078.1,-104.1
157755810.5,-104.0
157756543.0,-104.1
157757275.4,-104.1
157758007.8,-104.1
157758740.2,-103.9
157759472.7,-103.9
157760205.1,-104.1
157760937.5,-104.1
157761669.9,-104.1
157762402.3,-104.1
157763134.8,-104.1
157763867.2,-104.1
157764599.6,-104.1
157765332.0,-104.1
157766064.5,-104.1
157766796.9,-103.9
157767529.3,-103.9
157768261.7,-104.0
157768994.1,-104.1
157769726.6,-104.1
157770459.0,-104.2
157771191.4,-104.1
157771923.8,-104.1
157772656.2,-104.1
157773388.7,-104.1
157774121.1,-104.0
157774853.5,-103.9
157775585.9,-103.9
157776318.4,-104.0
157777050.8,-104.0
157777783.2,-104.0
157778515.6,-104.1
157779248.0,-104.1
157779980.5,-104.0
157780712.9,-104.0
157781445.3,-104.0
157782177.7,-104.0
157782910.2,-103.9
157783642.6,-104.0
157784375.0,-104.1
157785107.4,-104.0
157785839.8,-104.0
157786572.3,-104.0
157787304.7,-104.0
157788037.1,-104.0
157788769.5,-104.1
157789502.0,-104.0
157790234.4,-104.0
157790966.8,-103.8
157791699.2,-104.0
157792431.6,-104.0
157793164.1,-104.0
157793896.5,-104.0
157794628.9,-104.1
157795361.3,-104.1
157796093.8,-104.1
157796826.2,-104.1
157797558.6,-104.0
157798291.0,-103.9
157799023.4,-103.8
157799755.9,-103.9
157800488.3,-104.0
157801220.7,-104.0
157801953.1,-104.0
157802685.5,-104.0
157803418.0,-104.0
157804150.4,-104.0
157804882.8,-104.0
157805615.2,-104.0
157806347.7,-103.9
157807080.1,-103.8
157807812.5,-103.8
157808544.9,-103.9
157809277.3,-104.0
157810009.8,-104.0
157810742.2,-104.1
157811474.6,-104.0
157812207.0,-103.9
157812939.5,-103.9
157813671.9,-104.0
157814404.3,-103.9
157815136.7,-103.7
157815869.1,-103.9
157816601.6,-104.0
157817334.0,-104.0
157818066.4,-104.0
157818798.8,-104.0
157819531.2,-104.0
157820263.7,-104.0
157820996.1,-104.0
157821728.5,-103.9
157822460.9,-103.9
157823193.4,-103.8
157823925.8,-103.9
157824658.2,-103.9
157825390.6,-103.9
157826123.0,-103.9
157826855.5,-103.9
157827587.9,-104.0
157828320.3,-104.0
157829052.7,-103.9
157829785.2,-104.0
157830517.6,-103.8
157831250.0,-103.6
157831982.4,-103.9
157832714.8,-103.9
157833447.3,-103.9
157834179.7,-103.9
157834912.1,-103.9
157835644.5,-103.9
157836377.0,-103.9
157837109.4,-103.9
157837841.8,-103.9
157838574.2,-103.8
157839306.6,-103.6
157840039.1,-103.8
157840771.5,-103.9
157841503.9,-103.9
157842236.3,-104.0
157842968.8,-104.0
157843701.2,-103.9
157844433.6,-103.9
157845166.0,-104.0
157845898.4,-103.9
157846630.9,-103.8
157847363.3,-103.7
157848095.7,-103.9
157848828.1,-103.9
157849560.5,-103.9
157850293.0,-104.0
157851025.4,-103.9
157851757.8,-104.0
157852490.2,-104.0
157853222.7,-104.0
157853955.1,-103.9
157854687.5,-103.7
157855419.9,-103.7
157856152.3,-103.9
157856884.8,-104.0
157857617.2,-104.0
157858349.6,-104.0
157859082.0,-103.9
157859814.5,-103.9
157860546.9,-103.9
157861279.3,-103.9
157862011.7,-103.9
157862744.1,-103.8
157863476.6,-103.8
157864209.0,-103.9
157864941.4,-103.9
157865673.8,-104.0
157866406.2,-103.9
157867138.7,-103.9
157867871.1,-103.9
157868603.5,-103.9
157869335.9,-104.0
157870068.4,-103.9
157870800.8,-103.6
157871533.2,-103.7
157872265.6,-103.9
157872998.0,-103.9
157873730.5,-103.9
157874462.9,-103.9
157875195.3,-103.9
157875927.7,-103.9
157876660.2,-103.9
157877392.6,-104.0
157878125.0,-103.9
157878857.4,-103.7
157879589.8,-103.7
157880322.3,-103.8
157881054.7,-103.8
157881787.1,-103.9
157882519.5,-103.9
157883252.0,-103.9
157883984.4,-104.0
157884716.8,-103.9
157885449.2,-103.9
157886181.6,-103.8
157886914.1,-103.6
157887646.5,-103.7
157888378.9,-103.8
157889111.3,-103.9
157889843.8,-103.9
157890576.2,-103.9
157891308.6,-103.9
157892041.0,-103.9
157892773.4,-103.9
157893505.9,-104.0
157894238.3,-103.9
157894970.7,-103.7
157895703.1,-103.8
157896435.5,-103.9
157897168.0,-104.0
157897900.4,-103.9
157898632.8,-103.8
157899365.2,-103.9
157900097.7,-103.9
157900830.1,-103.9
157901562.5,-103.9
157902294.9,-103.9
157903027.3,-103.7
157903759.8,-103.8
157904492.2,-103.9
157905224.6,-104.0
157905957.0,-103.9
157906689.5,-103.9
157907421.9,-103.9
157908154.3,-104.0
157908886.7,-104.0
157909619.1,-104.0
157910351.6,-103.8
157911084.0,-103.5
157911816.4,-103.8
157912548.8,-103.9
157913281.2,-104.0
157914013.7,-103.9
157914746.1,-103.9
157915478.5,-103.9
157916210.9,-103.9
157916943.4,-104.0
157917675.8,-103.9
157918408.2,-103.8
157919140.6,-103.7
157919873.0,-103.9
157920605.5,-103.9
157921337.9,-103.9
157922070.3,-103.9
157922802.7,-103.9
157923535.2,-103.9
157924267.6,-104.0
157925000.0,-104.0
157925732.4,-104.0
157926464.8,-103.8
157927197.3,-103.7
157927929.7,-103.9
157928662.1,-103.9
157929394.5,-104.0
157930127.0,-104.0
157930859.4,-103.9
157931591.8,-104.0
157932324.2,-104.0
157933056.6,-103.9
157933789.1,-103.9
157934521.5,-103.8
157935253.9,-103.8
157935986.3,-104.0
157936718.8,-104.0
157937451.2,-104.0
157938183.6,-104.0
157938916.0,-104.0
157939648.4,-104.0
157940380.9,-104.0
157941113.3,-103.9
157941845.7,-103.9
157942578.1,-103.8
157943310.5,-103.7
157944043.0,-103.9
157944775.4,-104.0
157945507.8,-104.0
157946240.2,-104.0
157946972.7,-104.0
157947705.1,-104.0
157948437.5,-104.0
157949169.9,-104.0
157949902.3,-104.0
157950634.8,-103.8
157951367.2,-103.8
157952099.6,-104.0
157952832.0,-104.0
157953564.5,-104.0
157954296.9,-104.0
157955029.3,-104.0
157955761.7,-104.0
157956494.1,-104.0
157957226.6,-104.0
157957959.0,-104.0
157958691.4,-103.9
157959423.8,-103.9
157960156.2,-104.0
157960888.7,-104.0
157961621.1,-104.1
157962353.5,-104.1
157963085.9,-104.0
157963818.4,-104.0
157964550.8,-104.1
157965283.2,-104.0
157966015.6,-104.0
157966748.0,-103.9
157967480.5,-103.9
157968212.9,-104.0
157968945.3,-104.1
157969677.7,-104.1
157970410.2,-104.0
157971142.6,-104.0
157971875.0,-104.1
157972607.4,-104.1
157973339.8,-104.1
157974072.3,-104.1
157974804.7,-103.9
157975537.1,-104.0
157976269.5,-104.0
157977002.0,-104.1
157977734.4,-104.1
157978466.8,-104.1
157979199.2,-104.1
157979931.6,-104.1
157980664.1,-104.1
157981396.5,-104.1
157982128.9,-104.1
157982861.3,-103.9
157983593.8,-104.0
157984326.2,-104.1
157985058.6,-104.1
157985791.0,-104.0
157986523.4,-104.1
157987255.9,-104.1
157987988.3,-104.1
157988720.7,-104.1
157989453.1,-104.1
157990185.5,-104.0
157990918.0,-103.9
157991650.4,-104.0
157992382.8,-104.1
157993115.2,-104.1
157993847.7,-104.1
157994580.1,-104.1
157995312.5,-104.1
157996044.9,-104.1
157996777.3,-104.1
157997509.8,-104.1
157998242.2,-104.0
157998974.6,-103.8
157999707.0,-103.9
158000439.5,-104.0
158001171.9,-104.0
158001904.3,-104.1
158002636.7,-104.1
158003369.1,-104.1
158004101.6,-104.1
158004834.0,-104.1
158005566.4,-104.1
158006298.8,-104.0
158007031.2,-103.9
158007763.7,-104.0
158008496.1,-104.0
158009228.5,-104.0
158009960.9,-104.1
158010693.4,-104.1
158011425.8,-104.1
158012158.2,-104.1
158012890.6,-104.1
158013623.0,-104.1
158014355.5,-104.0
158015087.9,-103.9
158015820.3,-104.0
158016552.7,-104.0
158017285.2,-104.0
158018017.6,-104.1
158018750.0,-104.1
158019482.4,-104.1
158020214.8,-104.1
158020947.3,-104.1
158021679.7,-104.1
158022412.1,-104.0
158023144.5,-103.9
158023877.0,-103.9
158024609.4,-104.0
158025341.8,-104.0
158026074.2,-104.0
158026806.6,-104.1
158027539.1,-104.1
158028271.5,-104.1
158029003.9,-104.1
158029736.3,-104.0
158030468.8,-103.9
158031201.2,-103.8
158031933.6,-103.9
158032666.0,-103.9
158033398.4,-104.0
158034130.9,-104.1
158034863.3,-104.1
158035595.7,-104.1
158036328.1,-104.1
158037060.5,-104.1
158037793.0,-104.1
158038525.4,-104.0
158039257.8,-104.0
158039990.2,-104.0
158040722.7,-104.0
158041455.1,-104.1
158042187.5,-104.1
158042919.9,-104.1
158043652.3,-104.1
158044384.8,-104.2
158045117.2,-104.2
158045849.6,-104.1
158046582.0,-104.0
158047314.5,-104.0
158048046.9,-104.0
158048779.3,-104.1
158049511.7,-104.1
158050244.1,-104.1
158050976.6,-104.1
158051709.0,-104.2
158052441.4,-104.2
158053173.8,-104.1
158053906.2,-104.1
158054638.7,-104.0
158055371.1,-104.0
158056103.5,-104.0
158056835.9,-104.1
158057568.4,-104.1
158058300.8,-104.2
158059033.2,-104.1
158059765.6,-104.1
158060498.0,-104.1
158061230.5,-104.1
158061962.9,-104.1
158062695.3,-104.0
158063427.7,-104.0
158064160.2,-104.1
158064892.6,-104.1
158065625.0,-104.1
158066357.4,-104.1
158067089.8,-104.2
158067822.3,-104.2
158068554.7,-104.1
158069287.1,-104.1
158070019.5,-104.1
158070752.0,-104.0
158071484.4,-104.0
158072216.8,-104.0
158072949.2,-104.1
158073681.6,-104.1
158074414.1,-104.1
158075146.5,-104.2
158075878.9,-104.2
158076611.3,-104.2
158077343.8,-104.1
158078076.2,-104.1
158078808.6,-104.1
158079541.0,-104.1
158080273.4,-104.1
158081005.9,-104.1
158081738.3,-104.1
158082470.7,-104.2
158083203.1,-104.1
158083935.5,-104.1
158084668.0,-104.2
158085400.4,-104.2
158086132.8,-104.1
158086865.2,-104.0
158087597.7,-104.0
158088330.1,-104.0
158089062.5,-104.1
158089794.9,-104.1
158090527.3,-104.1
158091259.8,-104.1
158091992.2,-104.1
158092724.6,-104.1
158093457.0,-104.1
158094189.5,-104.1
158094921.9,-104.0
158095654.3,-104.1
158096386.7,-104.0
158097119.1,-104.1
158097851.6,-104.1
158098584.0,-104.1
158099316.4,-104.1
158100048.8,-104.1
158100781.2,-104.1
158101513.7,-104.1
158102246.1,-104.0
158102978.5,-104.0
158103710.9,-104.0
158104443.4,-104.0
158105175.8,-104.1
158105908.2,-104.1
158106640.6,-104.1
158107373.0,-104.1
158108105.5,-104.2
158108837.9,-104.2
158109570.3,-104.1
158110302.7,-104.1
158111035.2,-104.0
158111767.6,-104.0
158112500.0,-104.0
158113232.4,-104.1
158113964.8,-104.1
158114697.3,-104.1
158115429.7,-104.1
158116162.1,-104.1
158116894.5,-104.1
158117627.0,-104.1
158118359.4,-104.0
158119091.8,-104.0
158119824.2,-104.0
158120556.6,-104.0
158121289.1,-104.1
158122021.5,-104.1
158122753.9,-104.1
158123486.3,-104.2
158124218.8,-104.1
158124951.2,-104.1
158125683.6,-104.1
158126416.0,-104.0
158127148.4,-104.0
158127880.9,-104.0
158128613.3,-104.0
158129345.7,-104.1
158130078.1,-104.1
158130810.5,-104.1
158131543.0,-104.1
158132275.4,-104.1
158133007.8,-104.1
158133740.2,-104.1
158134472.7,-104.0
158135205.1,-104.0
158135937.5,-104.0
158136669.9,-104.0
158137402.3,-104.0
158138134.8,-104.1
158138867.2,-104.1
158139599.6,-104.1
158140332.0,-104.1
158141064.5,-104.1
158141796.9,-103.9
158142529.3,-103.8
158143261.7,-103.8
158143994.1,-103.8
158144726.6,-103.9
158145459.0,-104.1
158146191.4,-104.0
158146923.8,-103.8
158147656.2,-103.8
158148388.7,-104.0
158149121.1,-104.0
158149853.5,-104.1
158150585.9,-104.0
158151318.4,-103.9
158152050.8,-104.0
158152783.2,-104.0
158153515.6,-104.1
158154248.0,-104.1
158154980.5,-104.1
158155712.9,-104.1
158156445.3,-104.0
158157177.7,-104.0
158157910.2,-104.1
158158642.6,-104.0
158159375.0,-104.0
158160107.4,-104.0
158160839.8,-104.0
158161572.3,-104.0
158162304.7,-104.0
158163037.1,-104.0
158163769.5,-104.0
158164502.0,-104.1
158165234.4,-104.1
158165966.8,-104.0
158166699.2,-104.0
158167431.6,-104.0
158168164.1,-104.0
158168896.5,-104.0
158169628.9,-104.0
158170361.3,-104.0
158171093.8,-104.0
158171826.2,-104.1
158172558.6,-104.1
158173291.0,-104.0
158174023.4,-104.0
158174755.9,-103.9
158175488.3,-103.9
158176220.7,-104.0
158176953.1,-104.0
158177685.5,-104.1
158178418.0,-104.0
158179150.4,-104.0
158179882.8,-104.0
158180615.2,-104.1
158181347.7,-104.0
158182080.1,-104.0
158182812.5,-103.9
158183544.9,-104.0
158184277.3,-104.0
158185009.8,-104.1
158185742.2,-104.1
158186474.6,-104.1
158187207.0,-104.1
158187939.5,-104.0
158188671.9,-104.0
158189404.3,-104.1
158190136.7,-104.1
158190869.1,-104.0
158191601.6,-103.9
158192334.0,-103.9
158193066.4,-104.0
158193798.8,-104.1
158194531.2,-104.1
158195263.7,-104.0
158195996.1,-104.0
158196728.5,-104.0
158197460.9,-104.1
158198193.4,-104.1
158198925.8,-103.9
158199658.2,-103.9
158200390.6,-104.0
158201123.0,-104.0
158201855.5,-104.0
158202587.9,-104.1
158203320.3,-104.0
158204052.7,-104.0
158204785.2,-104.0
158205517.6,-104.0
158206250.0,-104.0
158206982.4,-103.9
158207714.8,-104.0
158208447.3,-104.0
158209179.7,-104.0
158209912.1,-104.0
158210644.5,-104.0
158211377.0,-104.0
158212109.4,-104.0
158212841.8,-104.0
158213574.2,-104.0
158214306.6,-103.9
158215039.1,-103.8
158215771.5,-103.9
158216503.9,-104.0
158217236.3,-104.0
158217968.8,-104.0
158218701.2,-104.0
158219433.6,-104.0
158220166.0,-104.0
158220898.4,-104.0
158221630.9,-104.0
158222363.3,-103.9
158223095.7,-103.8
158223828.1,-103.9
158224560.5,-104.0
158225293.0,-104.0
158226025.4,-104.0
158226757.8,-104.0
158227490.2,-104.0
158228222.7,-104.0
158228955.1,-104.1
158229687.5,-104.0
158230419.9,-103.9
158231152.3,-103.8
158231884.8,-103.9
158232617.2,-104.0
158233349.6,-104.0
158234082.0,-104.1
158234814.5,-104.1
158235546.9,-104.0
158236279.3,-104.0
158237011.7,-104.0
158237744.1,-104.0
158238476.6,-103.9
158239209.0,-103.8
158239941.4,-103.9
158240673.8,-104.0
158241406.2,-104.0
158242138.7,-104.0
158242871.1,-104.1
158243603.5,-104.1
158244335.9,-104.1
158245068.4,-104.1
158245800.8,-104.1
158246533.2,-103.9
158247265.6,-103.8
158247998.0,-104.0
158248730.5,-104.0
158249462.9,-104.0
158250195.3,-104.1
158250927.7,-104.1
158251660.2,-104.1
158252392.6,-104.1
158253125.0,-104.1
158253857.4,-104.1
158254589.8,-104.0
158255322.3,-103.9
158256054.7,-104.0
158256787.1,-104.1
158257519.5,-104.1
158258252.0,-104.1
158258984.4,-104.1
158259716.8,-104.1
158260449.2,-104.1
158261181.6,-104.1
158261914.1,-104.0
158262646.5,-103.8
158263378.9,-103.9
158264111.3,-104.0
158264843.8,-104.0
158265576.2,-104.1
158266308.6,-104.1
158267041.0,-104.1
158267773.4,-104.1
158268505.9,-104.1
158269238.3,-104.1
158269970.7,-104.1
158270703.1,-103.9
158271435.5,-103.9
158272168.0,-104.1
158272900.4,-104.1
158273632.8,-104.1
158274365.2,-104.1
158275097.7,-104.1
158275830.1,-104.0
158276562.5,-104.0
158277294.9,-104.1
158278027.3,-104.1
158278759.8,-103.9
158279492.2,-103.9
158280224.6,-104.0
158280957.0,-104.0
158281689.5,-104.1
158282421.9,-104.1
158283154.3,-104.0
158283886.7,-104.0
158284619.1,-104.0
158285351.6,-104.1
158286084.0,-104.0
158286816.4,-103.8
158287548.8,-103.9
158288281.2,-104.0
158289013.7,-104.1
158289746.1,-104.1
158290478.5,-104.1
158291210.9,-104.1
158291943.4,-104.1
158292675.8,-104.1
158293408.2,-104.1
158294140.6,-104.0
158294873.0,-103.8
158295605.5,-103.9
158296337.9,-104.0
158297070.3,-104.1
158297802.7,-104.1
158298535.2,-104.1
158299267.6,-104.1
158300000.0,-104.0
158300732.4,-104.1
158301464.8,-104.1
158302197.3,-103.9
158302929.7,-103.7
158303662.1,-103.9
158304394.5,-104.0
158305127.0,-104.1
158305859.4,-104.1
158306591.8,-104.1
158307324.2,-104.1
158308056.6,-104.1
158308789.1,-104.1
158309521.5,-104.1
158310253.9,-104.0
158310986.3,-103.9
158311718.8,-104.0
158312451.2,-104.0
158313183.6,-104.0
158313916.0,-104.1
158314648.4,-104.1
158315380.9,-104.0
158316113.3,-104.1
158316845.7,-104.1
158317578.1,-104.0
158318310.5,-103.9
158319043.0,-103.7
158319775.4,-103.9
158320507.8,-104.1
158321240.2,-104.1
158321972.7,-104.1
158322705.1,-104.1
158323437.5,-104.1
158324169.9,-104.1
158324902.3,-104.1
158325634.8,-104.0
158326367.2,-104.0
158327099.6,-103.8
158327832.0,-104.0
158328564.5,-104.0
158329296.9,-104.0
158330029.3,-104.1
158330761.7,-104.1
158331494.1,-104.1
158332226.6,-104.1
158332959.0,-104.1
158333691.4,-104.0
158334423.8,-103.9
158335156.2,-103.8
158335888.7,-104.0
158336621.1,-104.0
158337353.5,-104.1
158338085.9,-104.0
158338818.4,-104.0
158339550.8,-104.1
158340283.2,-104.1
158341015.6,-104.1
158341748.0,-104.1
158342480.5,-104.0
158343212.9,-103.9
158343945.3,-104.0
158344677.7,-104.1
158345410.2,-104.1
158346142.6,-104.1
158346875.0,-104.1
158347607.4,-104.1
158348339.8,-104.1
158349072.3,-104.1
158349804.7,-104.1
158350537.1,-104.0
158351269.5,-104.0
158352002.0,-104.1
158352734.4,-104.1
158353466.8,-104.1
158354199.2,-104.1
158354931.6,-104.1
158355664.1,-104.2
158356396.5,-104.2
158357128.9,-104.1
158357861.3,-104.1
158358593.8,-104.0
158359326.2,-103.9
158360058.6,-104.1
158360791.0,-104.1
158361523.4,-104.2
158362255.9,-104.2
158362988.3,-104.1
158363720.7,-104.2
158364453.1,-104.2
158365185.5,-104.2
158365918.0,-104.1
158366650.4,-104.0
158367382.8,-104.0
158368115.2,-104.1
158368847.7,-104.1
158369580.1,-104.1
158370312.5,-104.1
158371044.9,-104.1
158371777.3,-104.2
158372509.8,-104.2
158373242.2,-104.2
158373974.6,-104.1
158374707.0,-103.9
158375439.5,-104.0
158376171.9,-104.1
158376904.3,-104.1
158377636.7,-104.2
158378369.1,-104.2
158379101.6,-104.2
158379834.0,-104.2
158380566.4,-104.2
158381298.8,-104.1
158382031.2,-104.1
158382763.7,-104.0
158383496.1,-104.0
158384228.5,-104.1
158384960.9,-104.1
158385693.4,-104.1
158386425.8,-104.2
158387158.2,-104.2
158387890.6,-104.2
158388623.0,-104.1
158389355.5,-104.1
158390087.9,-104.1
158390820.3,-103.8
158391552.7,-103.9
158392285.2,-104.1
158393017.6,-104.1
158393750.0,-104.1
158394482.4,-104.2
158395214.8,-104.2
158395947.3,-104.1
158396679.7,-104.1
158397412.1,-104.1
158398144.5,-104.1
158398877.0,-103.9
158399609.4,-103.9
158400341.8,-104.0
158401074.2,-104.0
158401806.6,-104.1
158402539.1,-104.1
158403271.5,-104.1
158404003.9,-104.1
158404736.3,-104.1
158405468.8,-104.1
158406201.2,-104.0
158406933.6,-103.9
158407666.0,-103.9
158408398.4,-104.0
158409130.9,-104.1
158409863.3,-104.1
158410595.7,-104.1
158411328.1,-104.1
158412060.5,-104.0
158412793.0,-104.1
158413525.4,-104.1
158414257.8,-104.0
158414990.2,-103.9
158415722.7,-103.9
158416455.1,-103.9
158417187.5,-104.0
158417919.9,-104.0
158418652.3,-104.1
158419384.8,-104.1
158420117.2,-104.1
158420849.6,-104.1
158421582.0,-104.1
158422314.5,-103.9
158423046.9,-103.7
158423779.3,-103.8
158424511.7,-103.9
158425244.1,-104.0
158425976.6,-104.1
158426709.0,-104.0
158427441.4,-104.0
158428173.8,-104.0
158428906.2,-104.0
158429638.7,-104.1
158430371.1,-104.0
158431103.5,-103.7
158431835.9,-103.8
158432568.4,-103.9
158433300.8,-104.0
158434033.2,-104.0
158434765.6,-104.1
158435498.0,-104.1
158436230.5,-104.1
158436962.9,-104.1
158437695.3,-104.1
158438427.7,-104.0
158439160.2,-103.9
158439892.6,-104.0
158440625.0,-104.0
158441357.4,-104.1
158442089.8,-104.1
158442822.3,-104.1
158443554.7,-104.1
158444287.1,-104.1
158445019.5,-104.1
158445752.0,-104.1
158446484.4,-104.0
158447216.8,-103.9
158447949.2,-103.9
158448681.6,-103.9
158449414.1,-104.0
158450146.5,-103.9
158450878.9,-104.0
158451611.3,-104.0
158452343.8,-104.1
158453076.2,-104.1
158453808.6,-104.0
158454541.0,-103.9
158455273.4,-103.9
158456005.9,-104.0
158456738.3,-104.0
158457470.7,-104.0
158458203.1,-104.0
158458935.5,-104.1
158459668.0,-104.1
158460400.4,-104.1
158461132.8,-104.1
158461865.2,-104.1
158462597.7,-104.0
158463330.1,-103.9
158464062.5,-104.0
158464794.9,-104.0
158465527.3,-104.0
158466259.8,-104.0
158466992.2,-104.1
158467724.6,-104.0
158468457.0,-104.0
158469189.5,-104.1
158469921.9,-104.1
158470654.3,-104.0
158471386.7,-104.0
158472119.1,-104.0
158472851.6,-104.0
158473584.0,-104.1
158474316.4,-104.0
158475048.8,-104.0
158475781.2,-104.0
158476513.7,-104.0
158477246.1,-104.1
158477978.5,-104.1
158478710.9,-103.9
158479443.4,-103.9
158480175.8,-103.9
158480908.2,-104.0
158481640.6,-104.1
158482373.0,-104.0
158483105.5,-104.0
158483837.9,-104.1
158484570.3,-104.1
158485302.7,-104.0
158486035.2,-104.1
158486767.6,-104.0
158487500.0,-104.0
158488232.4,-104.0
158488964.8,-104.0
158489697.3,-104.0
158490429.7,-104.0
158491162.1,-104.1
158491894.5,-104.1
158492627.0,-104.0
158493359.4,-104.1
158494091.8,-104.0
158494824.2,-103.9
158495556.6,-104.0
158496289.1,-104.0
158497021.5,-104.0
158497753.9,-104.0
158498486.3,-104.0
158499218.8,-104.0
158499951.2,-104.1
158500683.6,-104.0
158501416.0,-104.0
158502148.4,-104.0
158502880.9,-104.0
158503613.3,-104.0
158504345.7,-104.0
158505078.1,-103.9
158505810.5,-103.9
158506543.0,-103.9
158507275.4,-104.0
158508007.8,-104.0
158508740.2,-104.0
158509472.7,-104.0
158510205.1,-104.0
158510937.5,-103.9
158511669.9,-103.9
158512402.3,-103.9
158513134.8,-103.9
158513867.2,-103.9
158514599.6,-103.9
158515332.0,-104.0
158516064.5,-104.0
158516796.9,-104.0
158517529.3,-103.9
158518261.7,-103.9
158518994.1,-103.9
158519726.6,-103.9
158520459.0,-103.9
158521191.4,-103.9
158521923.8,-104.0
158522656.2,-104.0
158523388.7,-104.0
158524121.1,-104.0
158524853.5,-104.0
158525585.9,-104.0
158526318.4,-104.0
158527050.8,-103.9
158527783.2,-103.9
158528515.6,-103.9
158529248.0,-104.0
158529980.5,-104.0
158530712.9,-103.9
158531445.3,-103.9
158532177.7,-103.9
158532910.2,-104.0
158533642.6,-104.0
158534375.0,-103.9
158535107.4,-103.9
158535839.8,-103.9
158536572.3,-103.8
158537304.7,-103.9
158538037.1,-103.9
158538769.5,-103.9
158539502.0,-104.0
158540234.4,-104.0
158540966.8,-104.0
158541699.2,-103.9
158542431.6,-103.9
158543164.1,-103.9
158543896.5,-103.9
158544628.9,-103.9
158545361.3,-103.9
158546093.8,-103.9
158546826.2,-104.0
158547558.6,-104.0
158548291.0,-104.0
158549023.4,-103.9
158549755.9,-103.9
158550488.3,-103.9
158551220.7,-103.8
158551953.1,-103.8
158552685.5,-103.8
158553418.0,-103.9
158554150.4,-103.9
158554882.8,-104.0
158555615.2,-104.0
158556347.7,-103.9
158557080.1,-103.9
158557812.5,-103.9
158558544.9,-103.8
158559277.3,-103.8
158560009.8,-103.9
158560742.2,-103.9
158561474.6,-103.9
158562207.0,-103.9
158562939.5,-103.9
158563671.9,-103.9
158564404.3,-103.9
158565136.7,-103.9
158565869.1,-103.8
158566601.6,-103.8
158567334.0,-103.7
158568066.4,-103.7
158568798.8,-103.8
158569531.2,-103.9
158570263.7,-103.9
158570996.1,-103.8
158571728.5,-103.8
158572460.9,-103.8
158573193.4,-103.8
158573925.8,-103.8
158574658.2,-103.7
158575390.6,-103.7
158576123.0,-103.7
158576855.5,-103.8
158577587.9,-103.8
158578320.3,-103.8
158579052.7,-103.8
158579785.2,-103.8
158580517.6,-103.8
158581250.0,-103.8
158581982.4,-103.8
158582714.8,-103.8
158583447.3,-103.8
158584179.7,-103.7
158584912.1,-103.8
158585644.5,-103.9
158586377.0,-103.9
158587109.4,-103.9
158587841.8,-103.8
158588574.2,-103.8
158589306.6,-103.8
158590039.1,-103.9
158590771.5,-103.8
158591503.9,-103.8
158592236.3,-103.8
158592968.8,-103.8
158593701.2,-103.9
158594433.6,-103.8
158595166.0,-103.8
158595898.4,-103.9
158596630.9,-103.8
158597363.3,-103.8
158598095.7,-103.8
158598828.1,-103.8
158599560.5,-103.7
158600293.0,-103.7
158601025.4,-103.8
158601757.8,-103.9
158602490.2,-103.8
158603222.7,-103.8
158603955.1,-103.8
158604687.5,-103.9
158605419.9,-103.8
158606152.3,-103.8
158606884.8,-103.7
158607617.2,-103.6
158608349.6,-103.7
158609082.0,-103.8
158609814.5,-103.8
158610546.9,-103.8
158611279.3,-103.8
158612011.7,-103.8
158612744.1,-103.9
158613476.6,-103.8
158614209.0,-103.7
158614941.4,-103.6
158615673.8,-103.7
158616406.2,-103.7
158617138.7,-103.8
158617871.1,-103.8
158618603.5,-103.9
158619335.9,-103.8
158620068.4,-103.8
158620800.8,-103.8
158621533.2,-103.8
158622265.6,-103.8
158622998.0,-103.7
158623730.5,-103.8
158624462.9,-103.8
158625195.3,-103.8
158625927.7,-103.8
158626660.2,-103.8
158627392.6,-103.8
158628125.0,-103.8
158628857.4,-103.8
158629589.8,-103.8
158630322.3,-103.7
158631054.7,-103.6
158631787.1,-103.7
158632519.5,-103.8
158633252.0,-103.9
158633984.4,-103.8
158634716.8,-103.8
158635449.2,-103.8
158636181.6,-103.8
158636914.1,-103.8
158637646.5,-103.8
158638378.9,-103.7
158639111.3,-103.6
158639843.8,-103.7
158640576.2,-103.8
158641308.6,-103.8
158642041.0,-103.9
158642773.4,-103.9
158643505.9,-103.9
158644238.3,-103.9
158644970.7,-103.8
158645703.1,-103.8
158646435.5,-103.8
158647168.0,-103.7
158647900.4,-103.8
158648632.8,-103.9
158649365.2,-103.9
158650097.7,-103.9
158650830.1,-103.9
158651562.5,-103.8
158652294.9,-103.8
158653027.3,-103.9
158653759.8,-103.9
158654492.2,-103.8
158655224.6,-103.7
158655957.0,-103.8
158656689.5,-103.8
158657421.9,-103.8
158658154.3,-103.9
158658886.7,-103.9
158659619.1,-103.9
158660351.6,-103.9
158661084.0,-103.9
158661816.4,-103.9
158662548.8,-103.8
158663281.2,-103.7
158664013.7,-103.8
158664746.1,-103.8
158665478.5,-103.9
158666210.9,-103.8
158666943.4,-103.9
158667675.8,-103.8
158668408.2,-103.9
158669140.6,-103.9
158669873.0,-103.8
158670605.5,-103.6
158671337.9,-103.6
158672070.3,-103.8
158672802.7,-103.8
158673535.2,-103.8
158674267.6,-103.8
158675000.0,-103.8
158675732.4,-103.8
158676464.8,-103.8
158677197.3,-103.8
158677929.7,-103.8
158678662.1,-103.7
158679394.5,-103.7
158680127.0,-103.8
158680859.4,-103.8
158681591.8,-103.8
158682324.2,-103.8
158683056.6,-103.9
158683789.1,-103.9
158684521.5,-103.9
158685253.9,-103.9
158685986.3,-103.8
158686718.8,-103.7
158687451.2,-103.7
158688183.6,-103.8
158688916.0,-103.9
158689648.4,-103.9
158690380.9,-103.9
158691113.3,-103.8
158691845.7,-103.8
158692578.1,-103.8
158693310.5,-103.8
158694043.0,-103.8
158694775.4,-103.7
158695507.8,-103.8
158696240.2,-103.9
158696972.7,-103.8
158697705.1,-103.9
158698437.5,-103.9
158699169.9,-103.9
158699902.3,-103.9
158700634.8,-103.9
158701367.2,-103.8
158702099.6,-103.7
158702832.0,-103.7
158703564.5,-103.7
158704296.9,-103.8
158705029.3,-103.8
158705761.7,-103.9
158706494.1,-103.9
158707226.6,-103.9
158707959.0,-103.8
158708691.4,-103.8
158709423.8,-103.8
158710156.2,-103.8
158710888.7,-103.5
158711621.1,-103.7
158712353.5,-103.8
158713085.9,-103.8
158713818.4,-103.9
158714550.8,-103.9
158715283.2,-103.9
158716015.6,-103.9
158716748.0,-103.8
158717480.5,-103.8
158718212.9,-103.8
158718945.3,-103.6
158719677.7,-103.7
158720410.2,-103.8
158721142.6,-103.8
158721875.0,-103.9
158722607.4,-103.9
158723339.8,-103.9
158724072.3,-103.8
158724804.7,-103.9
158725537.1,-103.9
158726269.5,-103.8
158727002.0,-103.5
158727734.4,-103.8
158728466.8,-103.8
158729199.2,-103.9
158729931.6,-103.9
158730664.1,-103.8
158731396.5,-103.9
158732128.9,-103.9
158732861.3,-103.9
158733593.8,-103.9
158734326.2,-103.9
158735058.6,-103.6
158735791.0,-103.8
158736523.4,-103.9
158737255.9,-103.9
158737988.3,-103.9
158738720.7,-103.8
158739453.1,-103.8
158740185.5,-103.9
158740918.0,-104.0
158741650.4,-104.0
158742382.8,-103.8
158743115.2,-103.6
158743847.7,-103.9
158744580.1,-103.9
158745312.5,-103.9
158746044.9,-103.9
158746777.3,-103.9
158747509.8,-103.9
158748242.2,-103.9
158748974.6,-103.9
158749707.0,-103.9
158750439.5,-103.8
158751171.9,-103.7
158751904.3,-103.9
158752636.7,-103.9
158753369.1,-103.9
158754101.6,-104.0
158754834.0,-103.9
158755566.4,-103.9
158756298.8,-103.9
158757031.2,-103.9
158757763.7,-104.0
158758496.1,-103.9
158759228.5,-103.8
158759960.9,-103.9
158760693.4,-103.9
158761425.8,-103.9
158762158.2,-104.0
158762890.6,-104.0
158763623.0,-103.9
158764355.5,-103.9
158765087.9,-104.0
158765820.3,-103.9
158766552.7,-103.7
158767285.2,-103.6
158768017.6,-103.9
158768750.0,-103.9
158769482.4,-103.9
158770214.8,-103.9
158770947.3,-103.9
158771679.7,-103.9
158772412.1,-103.9
158773144.5,-104.0
158773877.0,-103.9
158774609.4,-103.8
158775341.8,-103.7
158776074.2,-103.8
158776806.6,-103.9
158777539.1,-103.9
158778271.5,-103.9
158779003.9,-103.9
158779736.3,-103.9
158780468.8,-103.9
158781201.2,-103.9
158781933.6,-103.8
158782666.0,-103.5
158783398.4,-103.6
158784130.9,-103.9
158784863.3,-103.8
158785595.7,-103.9
158786328.1,-103.8
158787060.5,-103.9
158787793.0,-103.9
158788525.4,-103.9
158789257.8,-103.9
158789990.2,-103.8
158790722.7,-103.6
158791455.1,-103.7
158792187.5,-103.8
158792919.9,-103.8
158793652.3,-103.8
158794384.8,-103.8
158795117.2,-103.7
158795849.6,-103.7
158796582.0,-103.8
158797314.5,-103.9
158798046.9,-103.8
158798779.3,-103.6
158799511.7,-103.6
158800244.1,-103.7
158800976.6,-103.7
158801709.0,-103.8
158802441.4,-103.8
158803173.8,-103.8
158803906.2,-103.8
158804638.7,-103.8
158805371.1,-103.9
158806103.5,-103.7
158806835.9,-103.4
158807568.4,-103.5
158808300.8,-103.7
158809033.2,-103.8
158809765.6,-103.8
158810498.0,-103.8
158811230.5,-103.8
158811962.9,-103.8
158812695.3,-103.8
158813427.7,-103.8
158814160.2,-103.7
158814892.6,-103.3
158815625.0,-103.5
158816357.4,-103.7
158817089.8,-103.7
158817822.3,-103.7
158818554.7,-103.7
158819287.1,-103.7
158820019.5,-103.8
158820752.0,-103.8
158821484.4,-103.7
158822216.8,-103.6
158822949.2,-103.3
158823681.6,-103.5
158824414.1,-103.7
158825146.5,-103.8
158825878.9,-103.8
158826611.3,-103.7
158827343.8,-103.7
158828076.2,-103.8
158828808.6,-103.8
158829541.0,-103.7
158830273.4,-103.6
158831005.9,-103.5
158831738.3,-103.6
158832470.7,-103.7
158833203.1,-103.7
158833935.5,-103.8
158834668.0,-103.8
158835400.4,-103.8
158836132.8,-103.8
158836865.2,-103.8
158837597.7,-103.8
158838330.1,-103.7
158839062.5,-103.6
158839794.9,-103.7
158840527.3,-103.7
158841259.8,-103.7
158841992.2,-103.8
158842724.6,-103.8
158843457.0,-103.7
158844189.5,-103.7
158844921.9,-103.8
158845654.3,-103.8
158846386.7,-103.7
158847119.1,-103.5
158847851.6,-103.6
158848584.0,-103.7
158849316.4,-103.6
158850048.8,-103.4
158850781.2,-103.7
158851513.7,-103.7
158852246.1,-103.7
158852978.5,-103.7
158853710.9,-103.7
158854443.4,-103.6
158855175.8,-103.5
158855908.2,-103.6
158856640.6,-103.7
158857373.0,-103.7
158858105.5,-103.7
158858837.9,-103.7
158859570.3,-103.6
158860302.7,-103.7
158861035.2,-103.8
158861767.6,-103.8
158862500.0,-103.6
158863232.4,-103.5
158863964.8,-103.6
158864697.3,-103.6
158865429.7,-103.7
158866162.1,-103.7
158866894.5,-103.7
158867627.0,-103.7
158868359.4,-103.7
158869091.8,-103.7
158869824.2,-103.7
158870556.6,-103.6
158871289.1,-103.6
158872021.5,-103.7
158872753.9,-103.7
158873486.3,-103.7
158874218.8,-103.7
158874951.2,-103.6
158875683.6,-103.7
158876416.0,-103.7
158877148.4,-103.7
158877880.9,-103.7
158878613.3,-103.6
158879345.7,-103.6
158880078.1,-103.6
158880810.5,-103.6
158881543.0,-103.6
158882275.4,-103.7
158883007.8,-103.7
158883740.2,-103.7
158884472.7,-103.6
158885205.1,-103.7
158885937.5,-103.6
158886669.9,-103.6
158887402.3,-103.6
158888134.8,-103.6
158888867.2,-103.5
158889599.6,-103.6
158890332.0,-103.6
158891064.5,-103.6
158891796.9,-103.6
158892529.3,-103.7
158893261.7,-103.7
158893994.1,-103.6
158894726.6,-103.5
158895459.0,-103.5
158896191.4,-103.6
158896923.8,-103.6
158897656.2,-103.7
158898388.7,-103.7
158899121.1,-103.6
158899853.5,-103.6
158900585.9,-103.5
158901318.4,-103.5
158902050.8,-103.6
158902783.2,-103.5
158903515.6,-103.5
158904248.0,-103.5
158904980.5,-103.6
158905712.9,-103.6
158906445.3,-103.5
158907177.7,-103.5
158907910.2,-103.6
158908642.6,-103.6
158909375.0,-103.5
158910107.4,-103.5
158910839.8,-103.5
158911572.3,-103.4
158912304.7,-103.5
158913037.1,-103.5
158913769.5,-103.6
158914502.0,-103.6
158915234.4,-103.5
158915966.8,-103.5
158916699.2,-103.6
158917431.6,-103.6
158918164.1,-103.5
158918896.5,-103.4
158919628.9,-103.5
158920361.3,-103.4
158921093.8,-103.5
158921826.2,-103.5
158922558.6,-103.5
158923291.0,-103.6
158924023.4,-103.6
158924755.9,-103.6
158925488.3,-103.6
158926220.7,-103.5
158926953.1,-103.4
158927685.5,-103.5
158928418.0,-103.5
158929150.4,-103.6
158929882.8,-103.6
158930615.2,-103.5
158931347.7,-103.4
158932080.1,-103.5
158932812.5,-103.5
158933544.9,-103.5
158934277.3,-103.5
158935009.8,-103.4
158935742.2,-103.4
158936474.6,-103.5
158937207.0,-103.5
158937939.5,-103.4
158938671.9,-103.4
158939404.3,-103.5
158940136.7,-103.4
158940869.1,-103.5
158941601.6,-103.4
158942334.0,-103.4
158943066.4,-103.4
158943798.8,-103.4
158944531.2,-103.5
158945263.7,-103.5
158945996.1,-103.5
158946728.5,-103.4
158947460.9,-103.5
158948193.4,-103.4
158948925.8,-103.4
158949658.2,-103.4
158950390.6,-103.5
158951123.0,-103.4
158951855.5,-103.4
158952587.9,-103.4
158953320.3,-103.4
158954052.7,-103.5
158954785.2,-103.5
158955517.6,-103.5
158956250.0,-103.5
158956982.4,-103.4
158957714.8,-103.4
158958447.3,-103.3
158959179.7,-103.4
158959912.1,-103.4
158960644.5,-103.4
158961377.0,-103.5
158962109.4,-103.4
158962841.8,-103.4
158963574.2,-103.4
158964306.6,-103.4
158965039.1,-103.4
158965771.5,-103.4
158966503.9,-103.4
158967236.3,-103.3
158967968.8,-103.3
158968701.2,-103.3
158969433.6,-103.3
158970166.0,-103.3
158970898.4,-103.4
158971630.9,-103.4
158972363.3,-103.3
158973095.7,-103.3
158973828.1,-103.3
158974560.5,-103.4
158975293.0,-103.4
158976025.4,-103.3
158976757.8,-103.3
158977490.2,-103.4
158978222.7,-103.4
158978955.1,-103.4
158979687.5,-103.4
158980419.9,-103.3
158981152.3,-103.4
158981884.8,-103.3
158982617.2,-103.3
158983349.6,-103.2
158984082.0,-103.3
158984814.5,-103.3
158985546.9,-103.4
158986279.3,-103.4
158987011.7,-103.3
158987744.1,-103.3
158988476.6,-103.3
158989209.0,-103.3
158989941.4,-103.4
158990673.8,-103.3
158991406.2,-103.3
158992138.7,-103.3
158992871.1,-103.3
158993603.5,-103.3
158994335.9,-103.3
158995068.4,-103.3
158995800.8,-103.3
158996533.2,-103.4
158997265.6,-103.3
158997998.0,-103.2
158998730.5,-103.2
158999462.9,-103.2
159000195.3,-103.1
159000927.7,-103.3
159001660.2,-103.4
159002392.6,-103.3
159003125.0,-103.2
159003857.4,-103.2
159004589.8,-103.3
159005322.3,-103.3
159006054.7,-103.3
159006787.1,-103.3
159007519.5,-103.3
159008252.0,-103.3
159008984.4,-103.3
159009716.8,-103.3
159010449.2,-103.4
159011181.6,-103.3
159011914.1,-103.4
159012646.5,-103.4
159013378.9,-103.4
159014111.3,-103.4
159014843.8,-103.3
159015576.2,-103.3
159016308.6,-103.3
159017041.0,-103.4
159017773.4,-103.4
159018505.9,-103.4
159019238.3,-103.4
159019970.7,-103.4
159020703.1,-103.4
159021435.5,-103.4
159022168.0,-103.4
159022900.4,-103.3
159023632.8,-103.4
159024365.2,-103.4
159025097.7,-103.3
159025830.1,-103.4
159026562.5,-103.4
159027294.9,-103.4
159028027.3,-103.4
159028759.8,-103.4
159029492.2,-103.5
159030224.6,-103.4
159030957.0,-103.3
159031689.5,-103.3
159032421.9,-103.3
159033154.3,-103.4
159033886.7,-103.4
159034619.1,-103.5
159035351.6,-103.4
159036084.0,-103.4
159036816.4,-103.4
159037548.8,-103.4
159038281.2,-103.4
159039013.7,-103.3
159039746.1,-103.3
159040478.5,-103.3
159041210.9,-103.4
159041943.4,-103.5
159042675.8,-103.5
159043408.2,-103.5
159044140.6,-103.5
159044873.0,-103.5
159045605.5,-103.5
159046337.9,-103.4
159047070.3,-103.3
159047802.7,-103.4
159048535.2,-103.4
159049267.6,-103.4
159050000.0,-103.5
159050732.4,-103.5
159051464.8,-103.5
159052197.3,-103.5
159052929.7,-103.5
159053662.1,-103.5
159054394.5,-103.5
159055127.0,-103.4
159055859.4,-103.5
159056591.8,-103.4
159057324.2,-103.5
159058056.6,-103.5
159058789.1,-103.5
159059521.5,-103.5
159060253.9,-103.5
159060986.3,-103.4
159061718.8,-103.5
159062451.2,-103.3
159063183.6,-103.3
159063916.0,-103.4
159064648.4,-103.5
159065380.9,-103.5
159066113.3,-103.4
159066845.7,-103.4
159067578.1,-103.5
159068310.5,-103.4
159069043.0,-103.4
159069775.4,-103.4
159070507.8,-103.3
159071240.2,-103.3
159071972.7,-103.4
159072705.1,-103.4
159073437.5,-103.5
159074169.9,-103.4
159074902.3,-103.5
159075634.8,-103.5
159076367.2,-103.5
159077099.6,-103.5
159077832.0,-103.4
159078564.5,-103.3
159079296.9,-103.3
159080029.3,-103.4
159080761.7,-103.5
159081494.1,-103.5
159082226.6,-103.5
159082959.0,-103.5
159083691.4,-103.5
159084423.8,-103.6
159085156.2,-103.6
159085888.7,-103.5
159086621.1,-103.4
159087353.5,-103.4
159088085.9,-103.4
159088818.4,-103.5
159089550.8,-103.5
159090283.2,-103.6
159091015.6,-103.6
159091748.0,-103.6
159092480.5,-103.5
159093212.9,-103.5
159093945.3,-103.5
159094677.7,-103.4
159095410.2,-103.3
159096142.6,-103.5
159096875.0,-103.5
159097607.4,-103.5
159098339.8,-103.5
159099072.3,-103.5
159099804.7,-103.5
159100537.1,-103.5
159101269.5,-103.5
159102002.0,-103.5
159102734.4,-103.2
159103466.8,-103.3
159104199.2,-103.5
159104931.6,-103.6
159105664.1,-103.6
159106396.5,-103.6
159107128.9,-103.6
159107861.3,-103.5
159108593.8,-103.6
159109326.2,-103.6
159110058.6,-103.5
159110791.0,-103.5
159111523.4,-103.5
159112255.9,-103.6
159112988.3,-103.6
159113720.7,-103.6
159114453.1,-103.6
159115185.5,-103.6
159115918.0,-103.6
159116650.4,-103.6
159117382.8,-103.6
159118115.2,-103.6
159118847.7,-103.4
159119580.1,-103.4
159120312.5,-103.6
159121044.9,-103.6
159121777.3,-103.5
159122509.8,-103.6
159123242.2,-103.6
159123974.6,-103.7
159124707.0,-103.6
159125439.5,-103.6
159126171.9,-103.6
159126904.3,-103.5
159127636.7,-103.6
159128369.1,-103.6
159129101.6,-103.6
159129834.0,-103.6
159130566.4,-103.6
159131298.8,-103.6
159132031.2,-103.7
159132763.7,-103.7
159133496.1,-103.7
159134228.5,-103.6
159134960.9,-103.5
159135693.4,-103.6
159136425.8,-103.7
159137158.2,-103.7
159137890.6,-103.7
159138623.0,-103.7
159139355.5,-103.7
159140087.9,-103.7
159140820.3,-103.7
159141552.7,-103.7
159142285.2,-103.7
159143017.6,-103.6
159143750.0,-103.7
159144482.4,-103.7
159145214.8,-103.6
159145947.3,-103.7
159146679.7,-103.7
159147412.1,-103.7
159148144.5,-103.8
159148877.0,-103.7
159149609.4,-103.8
159150341.8,-103.7
159151074.2,-103.6
159151806.6,-103.7
159152539.1,-103.7
159153271.5,-103.7
159154003.9,-103.7
159154736.3,-103.7
159155468.8,-103.7
159156201.2,-103.7
159156933.6,-103.7
159157666.0,-103.7
159158398.4,-103.7
159159130.9,-103.5
159159863.3,-103.7
159160595.7,-103.7
159161328.1,-103.7
159162060.5,-103.8
159162793.0,-103.8
159163525.4,-103.8
159164257.8,-103.8
159164990.2,-103.8
159165722.7,-103.7
159166455.1,-103.7
159167187.5,-103.6
159167919.9,-103.7
159168652.3,-103.7
159169384.8,-103.7
159170117.2,-103.7
159170849.6,-103.7
159171582.0,-103.7
159172314.5,-103.8
159173046.9,-103.8
159173779.3,-103.7
159174511.7,-103.6
159175244.1,-103.4
159175976.6,-103.6
159176709.0,-103.6
159177441.4,-103.7
159178173.8,-103.7
159178906.2,-103.7
159179638.7,-103.7
159180371.1,-103.8
159181103.5,-103.7
159181835.9,-103.7
159182568.4,-103.5
159183300.8,-103.4
159184033.2,-103.6
159184765.6,-103.7
159185498.0,-103.7
159186230.5,-103.7
159186962.9,-103.7
159187695.3,-103.7
159188427.7,-103.7
159189160.2,-103.8
159189892.6,-103.7
159190625.0,-103.4
159191357.4,-103.3
159192089.8,-103.5
159192822.3,-103.6
159193554.7,-103.7
159194287.1,-103.7
159195019.5,-103.7
159195752.0,-103.7
159196484.4,-103.7
159197216.8,-103.7
159197949.2,-103.6
159198681.6,-103.2
159199414.1,-103.2
159200146.5,-103.6
159200878.9,-103.6
159201611.3,-103.7
159202343.8,-103.7
159203076.2,-103.7
159203808.6,-103.7
159204541.0,-103.7
159205273.4,-103.7
159206005.9,-103.6
159206738.3,-103.3
159207470.7,-103.3
159208203.1,-103.5
159208935.5,-103.6
159209668.0,-103.6
159210400.4,-103.7
159211132.8,-103.7
159211865.2,-103.7
159212597.7,-103.6
159213330.1,-103.7
159214062.5,-103.6
159214794.9,-103.1
159215527.3,-103.3
159216259.8,-103.6
159216992.2,-103.6
159217724.6,-103.6
159218457.0,-103.7
159219189.5,-103.7
159219921.9,-103.7
159220654.3,-103.7
159221386.7,-103.7
159222119.1,-103.7
159222851.6,-103.4
159223584.0,-103.5
159224316.4,-103.5
159225048.8,-103.6
159225781.2,-103.7
159226513.7,-103.7
159227246.1,-103.7
159227978.5,-103.6
159228710.9,-103.7
159229443.4,-103.7
159230175.8,-103.6
159230908.2,-103.3
159231640.6,-103.5
159232373.0,-103.6
159233105.5,-103.6
159233837.9,-103.7
159234570.3,-103.7
159235302.7,-103.7
159236035.2,-103.6
159236767.6,-104.4
159237500.0,-108.2
159238232.4,-104.2
159238964.8,-103.2
159239697.3,-103.4
159240429.7,-103.6
159241162.1,-103.6
159241894.5,-103.7
159242627.0,-103.7
159243359.4,-103.7
159244091.8,-103.6
159244824.2,-103.7
159245556.6,-103.7
159246289.1,-103.6
159247021.5,-103.4
159247753.9,-103.6
159248486.3,-103.7
159249218.8,-103.7
159249951.2,-103.7
159250683.6,-103.7
159251416.0,-103.7
159252148.4,-103.7
159252880.9,-103.7
159253613.3,-103.7
159254345.7,-103.6
159255078.1,-103.5
159255810.5,-103.6
159256543.0,-103.7
159257275.4,-103.7
159258007.8,-103.7
159258740.2,-103.7
159259472.7,-103.6
159260205.1,-103.7
159260937.5,-103.7
159261669.9,-103.7
159262402.3,-103.6
159263134.8,-103.6
159263867.2,-103.6
159264599.6,-103.7
159265332.0,-103.7
159266064.5,-103.7
159266796.9,-103.7
159267529.3,-103.7
159268261.7,-103.7
159268994.1,-103.8
159269726.6,-103.8
159270459.0,-103.6
159271191.4,-103.5
159271923.8,-103.6
159272656.2,-103.7
159273388.7,-103.7
159274121.1,-103.7
159274853.5,-103.7
159275585.9,-103.7
159276318.4,-103.7
159277050.8,-103.7
159277783.2,-103.7
159278515.6,-103.6
159279248.0,-103.5
159279980.5,-103.7
159280712.9,-103.7
159281445.3,-103.7
159282177.7,-103.7
159282910.2,-103.7
159283642.6,-103.7
159284375.0,-103.7
159285107.4,-103.6
159285839.8,-103.6
159286572.3,-103.6
159287304.7,-103.6
159288037.1,-103.6
159288769.5,-103.7
159289502.0,-103.7
159290234.4,-103.7
159290966.8,-103.7
159291699.2,-103.7
159292431.6,-103.6
159293164.1,-103.6
159293896.5,-103.7
159294628.9,-103.5
159295361.3,-103.5
159296093.8,-103.6
159296826.2,-103.6
159297558.6,-103.6
159298291.0,-103.6
159299023.4,-103.6
159299755.9,-103.7
159300488.3,-103.7
159301220.7,-103.6
159301953.1,-103.6
159302685.5,-103.5
159303418.0,-103.5
159304150.4,-103.6
159304882.8,-103.5
159305615.2,-103.6
159306347.7,-103.6
159307080.1,-103.6
159307812.5,-103.5
159308544.9,-103.6
159309277.3,-103.6
159310009.8,-103.6
159310742.2,-103.5
159311474.6,-103.5
159312207.0,-103.6
159312939.5,-103.6
159313671.9,-103.6
159314404.3,-103.6
159315136.7,-103.6
159315869.1,-103.6
159316601.6,-103.6
159317334.0,-103.6
159318066.4,-103.6
159318798.8,-103.5
159319531.2,-103.4
159320263.7,-103.5
159320996.1,-103.6
159321728.5,-103.5
159322460.9,-103.6
159323193.4,-103.6
159323925.8,-103.6
159324658.2,-103.6
159325390.6,-103.6
159326123.0,-103.6
159326855.5,-103.5
159327587.9,-103.5
159328320.3,-103.5
159329052.7,-103.6
159329785.2,-103.6
159330517.6,-103.5
159331250.0,-103.6
159331982.4,-103.6
159332714.8,-103.5
159333447.3,-103.5
159334179.7,-103.5
159334912.1,-103.4
159335644.5,-103.5
159336377.0,-103.5
159337109.4,-103.5
159337841.8,-103.5
159338574.2,-103.6
159339306.6,-103.6
159340039.1,-103.5
159340771.5,-103.5
159341503.9,-103.5
159342236.3,-103.5
159342968.8,-103.5
159343701.2,-103.5
159344433.6,-103.4
159345166.0,-103.5
159345898.4,-103.5
159346630.9,-103.5
159347363.3,-103.6
159348095.7,-103.5
159348828.1,-103.5
159349560.5,-103.5
159350293.0,-103.5
159351025.4,-103.4
159351757.8,-103.5
159352490.2,-103.5
159353222.7,-103.4
159353955.1,-103.5
159354687.5,-103.5
159355419.9,-103.5
159356152.3,-103.5
159356884.8,-103.5
159357617.2,-103.5
159358349.6,-103.5
159359082.0,-103.3
159359814.5,-103.4
159360546.9,-103.4
159361279.3,-103.4
159362011.7,-103.5
159362744.1,-103.5
159363476.6,-103.4
159364209.0,-103.4
159364941.4,-103.4
159365673.8,-103.4
159366406.2,-103.4
159367138.7,-103.3
159367871.1,-103.4
159368603.5,-103.4
159369335.9,-103.4
159370068.4,-103.5
159370800.8,-103.5
159371533.2,-103.5
159372265.6,-103.4
159372998.0,-103.5
159373730.5,-103.5
159374462.9,-103.4
159375195.3,-103.4
159375927.7,-103.4
159376660.2,-103.4
159377392.6,-103.4
159378125.0,-103.4
159378857.4,-103.5
159379589.8,-103.4
159380322.3,-103.5
159381054.7,-103.4
159381787.1,-103.4
159382519.5,-103.3
159383252.0,-103.4
159383984.4,-103.4
159384716.8,-103.4
159385449.2,-103.4
159386181.6,-103.4
159386914.1,-103.5
159387646.5,-103.5
159388378.9,-103.5
159389111.3,-103.4
159389843.8,-103.4
159390576.2,-103.3
159391308.6,-103.3
159392041.0,-103.4
159392773.4,-103.4
159393505.9,-103.4
159394238.3,-103.4
159394970.7,-103.4
159395703.1,-103.5
159396435.5,-103.4
159397168.0,-103.4
159397900.4,-103.4
159398632.8,-103.4
159399365.2,-103.4
159400097.7,-103.4
159400830.1,-103.4
159401562.5,-103.4
159402294.9,-103.4
159403027.3,-103.5
159403759.8,-103.5
159404492.2,-103.4
159405224.6,-103.4
159405957.0,-103.4
159406689.5,-103.4
159407421.9,-103.4
159408154.3,-103.4
159408886.7,-103.4
159409619.1,-103.4
159410351.6,-103.4
159411084.0,-103.4
159411816.4,-103.5
159412548.8,-103.5
159413281.2,-103.4
159414013.7,-103.4
159414746.1,-103.4
159415478.5,-103.4
159416210.9,-103.4
159416943.4,-103.4
159417675.8,-103.5
159418408.2,-103.4
159419140.6,-103.4
159419873.0,-103.4
159420605.5,-103.5
159421337.9,-103.4
159422070.3,-103.4
159422802.7,-103.4
159423535.2,-103.4
159424267.6,-103.4
159425000.0,-103.4
159425732.4,-103.5
159426464.8,-103.4
159427197.3,-103.4
159427929.7,-103.4
159428662.1,-103.4
159429394.5,-103.4
159430127.0,-103.4
159430859.4,-103.3
159431591.8,-103.3
159432324.2,-103.4
159433056.6,-103.4
159433789.1,-103.5
159434521.5,-103.5
159435253.9,-103.4
159435986.3,-103.4
159436718.8,-103.4
159437451.2,-103.5
159438183.6,-103.5
159438916.0,-103.4
159439648.4,-103.5
159440380.9,-103.5
159441113.3,-103.5
159441845.7,-103.5
159442578.1,-103.5
159443310.5,-103.6
159444043.0,-103.5
159444775.4,-103.5
159445507.8,-103.5
159446240.2,-103.4
159446972.7,-103.4
159447705.1,-103.5
159448437.5,-103.5
159449169.9,-103.5
159449902.3,-103.5
159450634.8,-103.5
159451367.2,-103.5
159452099.6,-103.5
159452832.0,-103.5
159453564.5,-103.5
159454296.9,-103.5
159455029.3,-103.4
159455761.7,-103.4
159456494.1,-103.4
159457226.6,-103.5
159457959.0,-103.4
159458691.4,-103.5
159459423.8,-103.5
159460156.2,-103.5
159460888.7,-103.5
159461621.1,-103.5
159462353.5,-103.5
159463085.9,-103.4
159463818.4,-103.4
159464550.8,-103.4
159465283.2,-103.5
159466015.6,-103.5
159466748.0,-103.5
159467480.5,-103.5
159468212.9,-103.5
159468945.3,-103.4
159469677.7,-103.5
159470410.2,-103.5
159471142.6,-103.4
159471875.0,-103.4
159472607.4,-103.5
159473339.8,-103.5
159474072.3,-103.5
159474804.7,-103.5
159475537.1,-103.5
159476269.5,-103.5
159477002.0,-103.5
159477734.4,-103.5
159478466.8,-103.4
159479199.2,-103.4
159479931.6,-103.4
159480664.1,-103.5
159481396.5,-103.5
159482128.9,-103.5
159482861.3,-103.5
159483593.8,-103.5
159484326.2,-103.5
159485058.6,-103.5
159485791.0,-103.5
159486523.4,-103.4
159487255.9,-103.4
159487988.3,-103.5
159488720.7,-103.5
159489453.1,-103.6
159490185.5,-103.5
159490918.0,-103.5
159491650.4,-103.5
159492382.8,-103.4
159493115.2,-103.5
159493847.7,-103.4
159494580.1,-103.3
159495312.5,-103.4
159496044.9,-103.5
159496777.3,-103.6
159497509.8,-103.6
159498242.2,-103.6
159498974.6,-103.5
159499707.0,-103.5
159500439.5,-103.6
159501171.9,-103.6
159501904.3,-103.6
159502636.7,-103.5
159503369.1,-103.5
159504101.6,-103.5
159504834.0,-103.6
159505566.4,-103.6
159506298.8,-103.6
159507031.2,-103.5
159507763.7,-103.5
159508496.1,-103.6
159509228.5,-103.6
159509960.9,-103.5
159510693.4,-103.4
159511425.8,-103.4
159512158.2,-103.5
159512890.6,-103.6
159513623.0,-103.6
159514355.5,-103.5
159515087.9,-103.6
159515820.3,-103.6
159516552.7,-103.6
159517285.2,-103.6
159518017.6,-103.6
159518750.0,-103.6
159519482.4,-103.6
159520214.8,-103.5
159520947.3,-103.6
159521679.7,-103.6
159522412.1,-103.7
159523144.5,-103.7
159523877.0,-103.7
159524609.4,-103.7
159525341.8,-103.6
159526074.2,-103.6
159526806.6,-103.6
159527539.1,-103.6
159528271.5,-103.6
159529003.9,-103.6
159529736.3,-103.7
159530468.8,-103.7
159531201.2,-103.7
159531933.6,-103.7
159532666.0,-103.7
159533398.4,-103.7
159534130.9,-103.7
159534863.3,-103.6
159535595.7,-103.6
159536328.1,-103.6
159537060.5,-103.6
159537793.0,-103.7
159538525.4,-103.7
159539257.8,-103.7
159539990.2,-103.6
159540722.7,-103.6
159541455.1,-103.6
159542187.5,-103.6
159542919.9,-103.5
159543652.3,-103.6
159544384.8,-103.7
159545117.2,-103.6
159545849.6,-103.7
159546582.0,-103.7
159547314.5,-103.6
159548046.9,-103.7
159548779.3,-103.7
159549511.7,-103.7
159550244.1,-103.7
159550976.6,-103.5
159551709.0,-103.6
159552441.4,-103.6
159553173.8,-103.7
159553906.2,-103.7
159554638.7,-103.6
159555371.1,-103.7
159556103.5,-103.7
159556835.9,-103.7
159557568.4,-103.7
159558300.8,-103.7
159559033.2,-103.5
159559765.6,-103.6
159560498.0,-103.6
159561230.5,-103.7
159561962.9,-103.7
159562695.3,-103.7
159563427.7,-103.7
159564160.2,-103.8
159564892.6,-103.7
159565625.0,-103.6
159566357.4,-103.5
159567089.8,-103.2
159567822.3,-103.5
159568554.7,-103.6
159569287.1,-103.6
159570019.5,-103.6
159570752.0,-103.7
159571484.4,-103.7
159572216.8,-103.7
159572949.2,-103.7
159573681.6,-103.6
159574414.1,-103.4
159575146.5,-103.2
159575878.9,-103.5
159576611.3,-103.5
159577343.8,-103.6
159578076.2,-103.6
159578808.6,-103.6
159579541.0,-103.6
159580273.4,-103.6
159581005.9,-103.5
159581738.3,-103.5
159582470.7,-103.3
159583203.1,-103.2
159583935.5,-103.5
159584668.0,-103.5
159585400.4,-103.6
159586132.8,-103.6
159586865.2,-103.7
159587597.7,-103.7
159588330.1,-103.7
159589062.5,-103.6
159589794.9,-103.6
159590527.3,-103.2
159591259.8,-103.1
159591992.2,-103.5
159592724.6,-103.4
159593457.0,-103.5
159594189.5,-103.6
159594921.9,-103.6
159595654.3,-103.5
159596386.7,-103.6
159597119.1,-103.6
159597851.6,-103.6
159598584.0,-103.3
159599316.4,-103.1
159600048.8,-103.4
159600781.2,-103.5
159601513.7,-103.5
159602246.1,-103.6
159602978.5,-103.5
159603710.9,-103.5
159604443.4,-103.5
159605175.8,-103.6
159605908.2,-103.5
159606640.6,-102.9
159607373.0,-102.8
159608105.5,-103.4
159608837.9,-103.4
159609570.3,-103.5
159610302.7,-103.5
159611035.2,-103.6
159611767.6,-103.6
159612500.0,-103.6
159613232.4,-103.7
159613964.8,-103.5
159614697.3,-103.3
159615429.7,-103.3
159616162.1,-103.4
159616894.5,-103.5
159617627.0,-103.6
159618359.4,-103.6
159619091.8,-103.6
159619824.2,-103.6
159620556.6,-103.6
159621289.1,-103.6
159622021.5,-103.5
159622753.9,-103.1
159623486.3,-103.3
159624218.8,-103.5
159624951.2,-103.5
159625683.6,-103.6
159626416.0,-103.6
159627148.4,-103.6
159627880.9,-103.6
159628613.3,-103.7
159629345.7,-103.6
159630078.1,-103.6
159630810.5,-103.3
159631543.0,-103.4
159632275.4,-103.5
159633007.8,-103.5
159633740.2,-103.6
159634472.7,-103.5
159635205.1,-103.6
159635937.5,-103.7
159636669.9,-103.7
159637402.3,-103.7
159638134.8,-103.6
159638867.2,-103.3
159639599.6,-103.4
159640332.0,-103.6
159641064.5,-103.5
159641796.9,-103.6
159642529.3,-103.6
159643261.7,-103.6
159643994.1,-103.7
159644726.6,-103.7
159645459.0,-103.7
159646191.4,-103.5
159646923.8,-103.4
159647656.2,-103.5
159648388.7,-103.6
159649121.1,-103.6
159649853.5,-103.6
159650585.9,-103.6
159651318.4,-103.7
159652050.8,-103.7
159652783.2,-103.7
159653515.6,-103.6
159654248.0,-103.6
159654980.5,-103.4
159655712.9,-103.5
159656445.3,-103.6
159657177.7,-103.6
159657910.2,-103.6
159658642.6,-103.6
159659375.0,-103.6
159660107.4,-103.7
159660839.8,-103.6
159661572.3,-103.6
159662304.7,-103.5
159663037.1,-103.4
159663769.5,-103.5
159664502.0,-103.6
159665234.4,-103.6
159665966.8,-103.6
159666699.2,-103.7
159667431.6,-103.6
159668164.1,-103.6
159668896.5,-103.6
159669628.9,-103.6
159670361.3,-103.4
159671093.8,-103.3
159671826.2,-103.5
159672558.6,-103.6
159673291.0,-103.6
159674023.4,-103.6
159674755.9,-103.6
159675488.3,-103.6
159676220.7,-103.6
159676953.1,-103.6
159677685.5,-103.6
159678418.0,-103.5
159679150.4,-103.4
159679882.8,-103.5
159680615.2,-103.5
159681347.7,-103.6
159682080.1,-103.5
159682812.5,-103.5
159683544.9,-103.6
159684277.3,-103.6
159685009.8,-103.6
159685742.2,-103.5
159686474.6,-103.4
159687207.0,-103.3
159687939.5,-103.4
159688671.9,-103.5
159689404.3,-103.6
159690136.7,-103.6
159690869.1,-103.6
159691601.6,-103.5
159692334.0,-103.5
159693066.4,-103.5
159693798.8,-103.4
159694531.2,-103.4
159695263.7,-103.4
159695996.1,-103.4
159696728.5,-103.4
159697460.9,-103.5
159698193.4,-103.5
159698925.8,-103.5
159699658.2,-103.5
159700390.6,-103.5
159701123.0,-103.5
159701855.5,-103.5
159702587.9,-103.3
159703320.3,-103.2
159704052.7,-103.4
159704785.2,-103.5
159705517.6,-103.5
159706250.0,-103.5
159706982.4,-103.5
159707714.8,-103.5
159708447.3,-103.5
159709179.7,-103.5
159709912.1,-103.4
159710644.5,-103.3
159711377.0,-103.3
159712109.4,-103.4
159712841.8,-103.4
159713574.2,-103.4
159714306.6,-103.4
159715039.1,-103.5
159715771.5,-103.5
159716503.9,-103.5
159717236.3,-103.4
159717968.8,-103.2
159718701.2,-103.1
159719433.6,-103.3
159720166.0,-103.4
159720898.4,-103.5
159721630.9,-103.4
159722363.3,-103.5
159723095.7,-103.4
159723828.1,-103.5
159724560.5,-103.5
159725293.0,-103.5
159726025.4,-103.5
159726757.8,-103.3
159727490.2,-103.3
159728222.7,-103.4
159728955.1,-103.4
159729687.5,-103.4
159730419.9,-103.4
159731152.3,-103.5
159731884.8,-103.4
159732617.2,-103.4
159733349.6,-103.4
159734082.0,-103.4
159734814.5,-103.2
159735546.9,-103.3
159736279.3,-103.4
159737011.7,-103.4
159737744.1,-103.4
159738476.6,-103.4
159739209.0,-103.4
159739941.4,-103.4
159740673.8,-103.4
159741406.2,-103.3
159742138.7,-103.3
159742871.1,-103.2
159743603.5,-103.3
159744335.9,-103.3
159745068.4,-103.3
159745800.8,-103.3
159746533.2,-103.3
159747265.6,-103.3
159747998.0,-103.3
159748730.5,-103.3
159749462.9,-103.3
159750195.3,-103.3
159750927.7,-103.2
159751660.2,-103.2
159752392.6,-103.3
159753125.0,-103.3
159753857.4,-103.3
159754589.8,-103.3
159755322.3,-103.3
159756054.7,-103.3
159756787.1,-103.3
159757519.5,-103.3
159758252.0,-103.2
159758984.4,-103.1
159759716.8,-103.2
159760449.2,-103.3
159761181.6,-103.3
159761914.1,-103.3
159762646.5,-103.3
159763378.9,-103.3
159764111.3,-103.3
159764843.8,-103.3
159765576.2,-103.3
159766308.6,-103.2
159767041.0,-103.2
159767773.4,-103.2
159768505.9,-103.2
159769238.3,-103.2
159769970.7,-103.3
159770703.1,-103.3
159771435.5,-103.3
159772168.0,-103.3
159772900.4,-103.3
159773632.8,-103.3
159774365.2,-103.3
159775097.7,-103.2
159775830.1,-103.2
159776562.5,-103.2
159777294.9,-103.3
159778027.3,-103.2
159778759.8,-103.3
159779492.2,-103.3
159780224.6,-103.3
159780957.0,-103.3
159781689.5,-103.3
159782421.9,-103.2
159783154.3,-103.1
159783886.7,-103.2
159784619.1,-103.2
159785351.6,-103.2
159786084.0,-103.2
159786816.4,-103.2
159787548.8,-103.3
159788281.2,-103.3
159789013.7,-103.3
159789746.1,-103.3
159790478.5,-103.2
159791210.9,-103.1
159791943.4,-103.1
159792675.8,-103.2
159793408.2,-103.3
159794140.6,-103.3
159794873.0,-103.3
159795605.5,-103.2
159796337.9,-103.3
159797070.3,-103.3
159797802.7,-103.3
159798535.2,-103.2
159799267.6,-103.1
159800000.0,-103.3
159800732.4,-103.3
159801464.8,-103.2
159802197.3,-103.3
159802929.7,-103.3
159803662.1,-103.3
159804394.5,-103.3
159805127.0,-103.3
159805859.4,-103.3
159806591.8,-103.2
159807324.2,-103.2
159808056.6,-103.2
159808789.1,-103.3
159809521.5,-103.3
159810253.9,-103.3
159810986.3,-103.3
159811718.8,-103.3
159812451.2,-103.3
159813183.6,-103.3
159813916.0,-103.3
159814648.4,-103.2
159815380.9,-103.2
159816113.3,-103.3
159816845.7,-103.2
159817578.1,-103.3
159818310.5,-103.3
159819043.0,-103.3
159819775.4,-103.3
159820507.8,-103.3
159821240.2,-103.3
159821972.7,-103.3
159822705.1,-103.2
159823437.5,-103.3
159824169.9,-103.3
159824902.3,-103.3
159825634.8,-103.3
159826367.2,-103.3
159827099.6,-103.3
159827832.0,-103.3
159828564.5,-103.3
159829296.9,-103.3
159830029.3,-103.3
159830761.7,-103.2
159831494.1,-103.1
159832226.6,-103.2
159832959.0,-103.3
159833691.4,-103.3
159834423.8,-103.3
159835156.2,-103.3
159835888.7,-103.3
159836621.1,-103.3
159837353.5,-103.3
159838085.9,-103.3
159838818.4,-103.2
159839550.8,-103.2
159840283.2,-103.2
159841015.6,-103.3
159841748.0,-103.3
159842480.5,-103.2
159843212.9,-103.2
159843945.3,-103.3
159844677.7,-103.2
159845410.2,-103.3
159846142.6,-103.2
159846875.0,-103.2
159847607.4,-103.2
159848339.8,-103.1
159849072.3,-103.2
159849804.7,-103.3
159850537.1,-103.3
159851269.5,-103.3
159852002.0,-103.3
159852734.4,-103.2
159853466.8,-103.1
159854199.2,-103.0
159854931.6,-102.9
159855664.1,-103.0
159856396.5,-103.1
159857128.9,-103.2
159857861.3,-103.2
159858593.8,-103.2
159859326.2,-103.2
159860058.6,-103.2
159860791.0,-103.2
159861523.4,-103.1
159862255.9,-103.2
159862988.3,-103.1
159863720.7,-103.1
159864453.1,-103.1
159865185.5,-103.1
159865918.0,-103.2
159866650.4,-103.3
159867382.8,-103.2
159868115.2,-103.2
159868847.7,-103.2
159869580.1,-103.2
159870312.5,-103.1
159871044.9,-103.1
159871777.3,-103.1
159872509.8,-103.2
159873242.2,-103.2
159873974.6,-103.2
159874707.0,-103.2
159875439.5,-103.1
159876171.9,-103.2
159876904.3,-103.2
159877636.7,-103.2
159878369.1,-103.1
159879101.6,-103.0
159879834.0,-103.1
159880566.4,-103.2
159881298.8,-103.2
159882031.2,-103.2
159882763.7,-103.1
159883496.1,-103.1
159884228.5,-103.1
159884960.9,-103.2
159885693.4,-103.1
159886425.8,-103.1
159887158.2,-103.0
159887890.6,-103.1
159888623.0,-103.2
159889355.5,-103.2
159890087.9,-103.2
159890820.3,-103.2
159891552.7,-103.2
159892285.2,-103.2
159893017.6,-103.2
159893750.0,-103.2
159894482.4,-103.1
159895214.8,-103.0
159895947.3,-103.1
159896679.7,-103.1
159897412.1,-103.2
159898144.5,-103.2
159898877.0,-103.2
159899609.4,-103.2
159900341.8,-103.2
159901074.2,-103.2
159901806.6,-103.2
159902539.1,-103.1
159903271.5,-103.1
159904003.9,-103.1
159904736.3,-103.1
159905468.8,-103.1
159906201.2,-103.2
159906933.6,-103.2
159907666.0,-103.2
159908398.4,-103.2
159909130.9,-103.2
159909863.3,-103.2
159910595.7,-103.1
159911328.1,-103.2
159912060.5,-103.2
159912793.0,-103.2
159913525.4,-103.2
159914257.8,-103.2
159914990.2,-103.2
159915722.7,-103.2
159916455.1,-103.2
159917187.5,-103.2
159917919.9,-103.3
159918652.3,-103.2
159919384.8,-103.2
159920117.2,-103.2
159920849.6,-103.2
159921582.0,-103.2
159922314.5,-103.2
159923046.9,-103.2
159923779.3,-103.2
159924511.7,-103.2
159925244.1,-103.3
159925976.6,-103.2
159926709.0,-103.2
159927441.4,-103.2
159928173.8,-103.2
159928906.2,-103.2
159929638.7,-103.3
159930371.1,-103.2
159931103.5,-103.3
159931835.9,-103.2
159932568.4,-103.2
159933300.8,-103.2
159934033.2,-103.2
159934765.6,-103.1
159935498.0,-103.1
159936230.5,-103.2
159936962.9,-103.2
159937695.3,-103.2
159938427.7,-103.2
159939160.2,-103.3
159939892.6,-103.3
159940625.0,-103.2
159941357.4,-103.2
159942089.8,-103.2
159942822.3,-103.1
159943554.7,-103.1
159944287.1,-103.1
159945019.5,-103.2
159945752.0,-103.2
159946484.4,-103.2
159947216.8,-103.1
159947949.2,-103.2
159948681.6,-103.2
159949414.1,-103.2
159950146.5,-103.1
159950878.9,-103.0
159951611.3,-103.0
159952343.8,-103.1
159953076.2,-103.2
159953808.6,-103.2
159954541.0,-103.2
159955273.4,-103.2
159956005.9,-103.2
159956738.3,-103.2
159957470.7,-103.1
159958203.1,-103.0
159958935.5,-102.8
159959668.0,-103.0
159960400.4,-103.1
159961132.8,-103.1
159961865.2,-103.1
159962597.7,-103.1
159963330.1,-103.1
159964062.5,-103.1
159964794.9,-103.2
159965527.3,-103.1
159966259.8,-102.9
159966992.2,-102.6
159967724.6,-102.9
159968457.0,-102.9
159969189.5,-103.0
159969921.9,-103.0
159970654.3,-103.1
159971386.7,-103.1
159972119.1,-103.1
159972851.6,-103.1
159973584.0,-103.0
159974316.4,-102.9
159975048.8,-102.8
159975781.2,-102.9
159976513.7,-102.8
159977246.1,-103.0
159977978.5,-103.0
159978710.9,-103.0
159979443.4,-103.0
159980175.8,-103.0
159980908.2,-103.1
159981640.6,-103.0
159982373.0,-102.8
159983105.5,-102.4
159983837.9,-102.8
159984570.3,-102.9
159985302.7,-102.9
159986035.2,-103.0
159986767.6,-103.0
159987500.0,-103.0
159988232.4,-103.0
159988964.8,-103.0
159989697.3,-103.0
159990429.7,-102.8
159991162.1,-102.6
159991894.5,-102.8
159992627.0,-102.8
159993359.4,-102.9
159994091.8,-103.0
159994824.2,-103.0
159995556.6,-103.0
159996289.1,-103.0
159997021.5,-103.0
159997753.9,-103.0
159998486.3,-102.3
159999218.8,-101.8
159999951.2,-102.7
160000683.6,-102.9
160001416.0,-102.9
160002148.4,-103.0
160002880.9,-102.9
160003613.3,-102.9
160004345.7,-102.9
160005078.1,-103.0
160005810.5,-103.0
160006543.0,-102.7
160007275.4,-102.6
160008007.8,-102.8
160008740.2,-102.8
160009472.7,-102.9
160010205.1,-103.0
160010937.5,-103.0
160011669.9,-103.1
160012402.3,-103.1
160013134.8,-103.1
160013867.2,-103.0
160014599.6,-102.8
160015332.0,-102.8
160016064.5,-102.9
160016796.9,-102.9
160017529.3,-103.0
160018261.7,-103.0
160018994.1,-103.0
160019726.6,-103.0
160020459.0,-103.0
160021191.4,-103.1
160021923.8,-103.0
160022656.2,-102.9
160023388.7,-102.9
160024121.1,-103.0
160024853.5,-103.0
160025585.9,-103.0
160026318.4,-103.0
160027050.8,-103.1
160027783.2,-103.1
160028515.6,-103.1
160029248.0,-103.1
160029980.5,-103.0
160030712.9,-102.7
160031445.3,-102.8
160032177.7,-102.9
160032910.2,-103.0
160033642.6,-103.0
160034375.0,-103.1
160035107.4,-103.1
160035839.8,-103.0
160036572.3,-103.1
160037304.7,-103.1
160038037.1,-103.0
160038769.5,-102.8
160039502.0,-102.8
160040234.4,-103.0
160040966.8,-103.0
160041699.2,-103.0
160042431.6,-103.1
160043164.1,-103.0
160043896.5,-103.1
160044628.9,-103.1
160045361.3,-103.1
160046093.8,-103.0
160046826.2,-102.8
160047558.6,-102.9
160048291.0,-103.0
160049023.4,-103.0
160049755.9,-103.0
160050488.3,-103.0
160051220.7,-103.0
160051953.1,-103.1
160052685.5,-103.1
160053418.0,-103.1
160054150.4,-103.0
160054882.8,-102.9
160055615.2,-103.0
160056347.7,-102.9
160057080.1,-103.0
160057812.5,-103.0
160058544.9,-103.0
160059277.3,-103.1
160060009.8,-103.1
160060742.2,-103.0
160061474.6,-103.1
160062207.0,-103.0
160062939.5,-102.8
160063671.9,-102.9
160064404.3,-103.0
160065136.7,-103.0
160065869.1,-103.0
160066601.6,-103.1
160067334.0,-103.0
160068066.4,-103.0
160068798.8,-103.1
160069531.2,-103.1
160070263.7,-103.0
160070996.1,-102.8
160071728.5,-102.9
160072460.9,-102.9
160073193.4,-103.0
160073925.8,-103.0
160074658.2,-103.0
160075390.6,-103.0
160076123.0,-103.0
160076855.5,-103.0
160077587.9,-103.1
160078320.3,-103.0
160079052.7,-102.8
160079785.2,-102.9
160080517.6,-103.0
160081250.0,-103.0
160081982.4,-103.0
160082714.8,-103.0
160083447.3,-103.0
160084179.7,-103.0
160084912.1,-103.1
160085644.5,-103.0
160086377.0,-102.9
160087109.4,-102.8
160087841.8,-102.9
160088574.2,-103.0
160089306.6,-103.0
160090039.1,-103.0
160090771.5,-103.0
160091503.9,-103.0
160092236.3,-103.0
160092968.8,-103.0
160093701.2,-103.0
160094433.6,-102.9
160095166.0,-102.8
160095898.4,-103.0
160096630.9,-103.0
160097363.3,-103.0
160098095.7,-103.0
160098828.1,-103.0
160099560.5,-103.0
160100293.0,-103.0
160101025.4,-103.0
160101757.8,-103.0
160102490.2,-102.8
160103222.7,-102.7
160103955.1,-102.9
160104687.5,-103.0
160105419.9,-103.0
160106152.3,-103.0
160106884.8,-103.0
160107617.2,-103.0
160108349.6,-103.0
160109082.0,-103.0
160109814.5,-103.0
160110546.9,-102.9
160111279.3,-102.9
160112011.7,-102.9
160112744.1,-103.0
160113476.6,-103.0
160114209.0,-103.0
160114941.4,-103.1
160115673.8,-103.0
160116406.2,-103.0
160117138.7,-103.0
160117871.1,-103.0
160118603.5,-102.9
160119335.9,-102.9
160120068.4,-103.0
160120800.8,-103.0
160121533.2,-103.0
160122265.6,-103.1
160122998.0,-103.0
160123730.5,-103.0
160124462.9,-103.0
160125195.3,-103.0
160125927.7,-103.0
160126660.2,-102.9
160127392.6,-102.9
160128125.0,-103.0
160128857.4,-103.0
160129589.8,-103.0
160130322.3,-103.0
160131054.7,-103.1
160131787.1,-103.0
160132519.5,-103.0
160133252.0,-103.0
160133984.4,-102.9
160134716.8,-102.8
160135449.2,-102.9
160136181.6,-103.0
160136914.1,-103.0
160137646.5,-103.0
160138378.9,-103.0
160139111.3,-103.0
160139843.8,-103.0
160140576.2,-103.0
160141308.6,-103.0
160142041.0,-103.0
160142773.4,-102.9
160143505.9,-102.9
160144238.3,-102.9
160144970.7,-102.9
160145703.1,-103.0
160146435.5,-103.0
160147168.0,-103.0
160147900.4,-103.0
160148632.8,-103.0
160149365.2,-103.0
160150097.7,-102.9
160150830.1,-102.8
160151562.5,-102.9
160152294.9,-103.0
160153027.3,-103.0
160153759.8,-102.9
160154492.2,-102.9
160155224.6,-102.9
160155957.0,-102.9
160156689.5,-103.0
160157421.9,-103.0
160158154.3,-102.9
160158886.7,-102.8
160159619.1,-102.9
160160351.6,-102.9
160161084.0,-103.0
160161816.4,-103.0
160162548.8,-103.0
160163281.2,-103.0
160164013.7,-103.0
160164746.1,-103.0
160165478.5,-103.0
160166210.9,-102.9
160166943.4,-102.8
160167675.8,-102.9
160168408.2,-103.0
160169140.6,-103.0
160169873.0,-103.0
160170605.5,-103.0
160171337.9,-103.0
160172070.3,-103.1
160172802.7,-103.1
160173535.2,-103.1
160174267.6,-103.0
160175000.0,-102.9
160175732.4,-102.9
160176464.8,-103.0
160177197.3,-103.0
160177929.7,-103.1
160178662.1,-103.1
160179394.5,-103.1
160180127.0,-103.1
160180859.4,-103.1
160181591.8,-103.1
160182324.2,-103.0
160183056.6,-102.9
160183789.1,-103.0
160184521.5,-103.0
160185253.9,-103.1
160185986.3,-103.1
160186718.8,-103.1
160187451.2,-103.1
160188183.6,-103.2
160188916.0,-103.2
160189648.4,-103.1
160190380.9,-103.1
160191113.3,-103.0
160191845.7,-103.0
160192578.1,-103.1
160193310.5,-103.1
160194043.0,-103.1
160194775.4,-103.1
160195507.8,-103.1
160196240.2,-103.1
160196972.7,-103.2
160197705.1,-103.2
160198437.5,-103.1
160199169.9,-103.0
160199902.3,-103.1
160200634.8,-103.1
160201367.2,-103.2
160202099.6,-103.2
160202832.0,-103.2
160203564.5,-103.2
160204296.9,-103.2
160205029.3,-103.2
160205761.7,-103.2
160206494.1,-103.1
160207226.6,-103.0
160207959.0,-103.1
160208691.4,-103.2
160209423.8,-103.2
160210156.2,-103.2
160210888.7,-103.2
160211621.1,-103.2
160212353.5,-103.2
160213085.9,-103.2
160213818.4,-103.2
160214550.8,-103.2
160215283.2,-103.1
160216015.6,-103.2
160216748.0,-103.2
160217480.5,-103.2
160218212.9,-103.2
160218945.3,-103.2
160219677.7,-103.2
160220410.2,-103.2
160221142.6,-103.2
160221875.0,-103.2
160222607.4,-103.0
160223339.8,-103.0
160224072.3,-103.1
160224804.7,-103.2
160225537.1,-103.3
160226269.5,-103.3
160227002.0,-103.2
160227734.4,-103.2
160228466.8,-103.2
160229199.2,-103.2
160229931.6,-103.3
160230664.1,-103.2
160231396.5,-103.1
160232128.9,-103.1
160232861.3,-103.2
160233593.8,-103.2
160234326.2,-103.3
160235058.6,-103.3
160235791.0,-103.2
160236523.4,-103.2
160237255.9,-103.2
160237988.3,-103.2
160238720.7,-103.1
160239453.1,-103.1
160240185.5,-103.2
160240918.0,-103.2
160241650.4,-103.2
160242382.8,-103.2
160243115.2,-103.2
160243847.7,-103.2
160244580.1,-103.2
160245312.5,-103.3
160246044.9,-103.2
160246777.3,-103.1
160247509.8,-103.1
160248242.2,-103.2
160248974.6,-103.2
160249707.0,-103.3
160250439.5,-103.2
160251171.9,-103.2
160251904.3,-103.2
160252636.7,-103.2
160253369.1,-103.2
160254101.6,-103.2
160254834.0,-103.1
160255566.4,-103.1
160256298.8,-103.2
160257031.2,-103.2
160257763.7,-103.2
160258496.1,-103.2
160259228.5,-103.2
160259960.9,-103.2
160260693.4,-103.2
160261425.8,-103.2
160262158.2,-103.2
160262890.6,-103.1
160263623.0,-103.1
160264355.5,-103.2
160265087.9,-103.2
160265820.3,-103.2
160266552.7,-103.2
160267285.2,-103.3
160268017.6,-103.2
160268750.0,-103.2
160269482.4,-103.3
160270214.8,-103.2
160270947.3,-103.1
160271679.7,-103.1
160272412.1,-103.2
160273144.5,-103.2
160273877.0,-103.2
160274609.4,-103.2
160275341.8,-103.2
160276074.2,-103.3
160276806.6,-103.3
160277539.1,-103.3
160278271.5,-103.2
160279003.9,-103.1
160279736.3,-103.2
160280468.8,-103.3
160281201.2,-103.3
160281933.6,-103.3
160282666.0,-103.3
160283398.4,-103.2
160284130.9,-103.3
160284863.3,-103.3
160285595.7,-103.2
160286328.1,-103.1
160287060.5,-103.0
160287793.0,-103.2
160288525.4,-103.2
160289257.8,-103.2
160289990.2,-103.2
160290722.7,-103.2
160291455.1,-103.3
160292187.5,-103.3
160292919.9,-103.3
160293652.3,-103.3
160294384.8,-103.2
160295117.2,-103.2
160295849.6,-103.3
160296582.0,-103.3
160297314.5,-103.3
160298046.9,-103.4
160298779.3,-103.4
160299511.7,-103.4
160300244.1,-103.4
160300976.6,-103.4
160301709.0,-103.4
160302441.4,-103.3
160303173.8,-103.3
160303906.2,-103.4
160304638.7,-103.3
160305371.1,-103.3
160306103.5,-103.4
160306835.9,-103.4
160307568.4,-103.4
160308300.8,-103.4
160309033.2,-103.4
160309765.6,-103.4
160310498.0,-103.3
160311230.5,-103.2
160311962.9,-103.3
160312695.3,-103.4
160313427.7,-103.4
160314160.2,-103.4
160314892.6,-103.4
160315625.0,-103.5
160316357.4,-103.4
160317089.8,-103.4
160317822.3,-103.4
160318554.7,-103.3
160319287.1,-103.3
160320019.5,-103.4
160320752.0,-103.4
160321484.4,-103.4
160322216.8,-103.4
160322949.2,-103.4
160323681.6,-103.5
160324414.1,-103.5
160325146.5,-103.5
160325878.9,-103.4
160326611.3,-103.3
160327343.8,-103.2
160328076.2,-103.3
160328808.6,-103.4
160329541.0,-103.5
160330273.4,-103.5
160331005.9,-103.4
160331738.3,-103.4
160332470.7,-103.4
160333203.1,-103.4
160333935.5,-103.4
160334668.0,-103.2
160335400.4,-103.2
160336132.8,-103.4
160336865.2,-103.4
160337597.7,-103.4
160338330.1,-103.4
160339062.5,-103.4
160339794.9,-103.5
160340527.3,-103.4
160341259.8,-103.4
160341992.2,-103.4
160342724.6,-103.1
160343457.0,-103.1
160344189.5,-103.3
160344921.9,-103.4
160345654.3,-103.4
160346386.7,-103.4
160347119.1,-103.4
160347851.6,-103.4
160348584.0,-103.4
160349316.4,-103.4
160350048.8,-103.4
160350781.2,-103.2
160351513.7,-103.2
160352246.1,-103.3
160352978.5,-103.3
160353710.9,-103.3
160354443.4,-103.3
160355175.8,-103.4
160355908.2,-103.4
160356640.6,-103.4
160357373.0,-103.3
160358105.5,-103.2
160358837.9,-102.8
160359570.3,-103.0
160360302.7,-103.2
160361035.2,-103.3
160361767.6,-103.3
160362500.0,-103.3
160363232.4,-103.3
160363964.8,-103.3
160364697.3,-103.3
160365429.7,-103.3
160366162.1,-103.2
160366894.5,-102.9
160367627.0,-103.0
160368359.4,-103.1
160369091.8,-103.2
160369824.2,-103.3
160370556.6,-103.3
160371289.1,-103.3
160372021.5,-103.2
160372753.9,-103.2
160373486.3,-103.2
160374218.8,-103.0
160374951.2,-102.5
160375683.6,-102.9
160376416.0,-103.2
160377148.4,-103.2
160377880.9,-103.2
160378613.3,-103.2
160379345.7,-103.2
160380078.1,-103.2
160380810.5,-103.3
160381543.0,-103.2
160382275.4,-103.2
160383007.8,-102.9
160383740.2,-102.9
160384472.7,-103.0
160385205.1,-103.2
160385937.5,-103.3
160386669.9,-103.3
160387402.3,-103.3
160388134.8,-103.2
160388867.2,-103.1
160389599.6,-103.1
160390332.0,-102.9
160391064.5,-102.3
160391796.9,-103.0
160392529.3,-103.2
160393261.7,-103.3
160393994.1,-103.3
160394726.6,-103.2
160395459.0,-103.3
160396191.4,-103.3
160396923.8,-103.3
160397656.2,-103.3
160398388.7,-103.0
160399121.1,-102.7
160399853.5,-103.1
160400585.9,-103.1
160401318.4,-103.3
160402050.8,-103.3
160402783.2,-103.3
160403515.6,-103.3
160404248.0,-103.3
160404980.5,-103.3
160405712.9,-103.3
160406445.3,-103.2
160407177.7,-103.1
160407910.2,-103.2
160408642.6,-103.2
160409375.0,-103.3
160410107.4,-103.2
160410839.8,-103.3
160411572.3,-103.3
160412304.7,-103.3
160413037.1,-103.3
160413769.5,-103.3
160414502.0,-103.2
160415234.4,-103.2
160415966.8,-103.3
160416699.2,-103.3
160417431.6,-103.4
160418164.1,-103.4
160418896.5,-103.4
160419628.9,-103.4
160420361.3,-103.4
160421093.8,-103.4
160421826.2,-103.3
160422558.6,-103.1
160423291.0,-103.1
160424023.4,-103.3
160424755.9,-103.3
160425488.3,-103.3
160426220.7,-103.4
160426953.1,-103.4
160427685.5,-103.5
160428418.0,-103.5
160429150.4,-103.4
160429882.8,-103.3
160430615.2,-103.1
160431347.7,-103.1
160432080.1,-103.3
160432812.5,-103.3
160433544.9,-103.4
160434277.3,-103.4
160435009.8,-103.4
160435742.2,-103.4
160436474.6,-103.4
160437207.0,-103.5
160437939.5,-103.4
160438671.9,-103.1
160439404.3,-103.2
160440136.7,-103.3
160440869.1,-103.3
160441601.6,-103.3
160442334.0,-103.4
160443066.4,-103.4
160443798.8,-103.4
160444531.2,-103.4
160445263.7,-103.4
160445996.1,-103.3
160446728.5,-103.2
160447460.9,-103.2
160448193.4,-103.3
160448925.8,-103.4
160449658.2,-103.4
160450390.6,-103.4
160451123.0,-103.4
160451855.5,-103.4
160452587.9,-103.4
160453320.3,-103.4
160454052.7,-103.3
160454785.2,-103.2
160455517.6,-103.2
160456250.0,-103.3
160456982.4,-103.3
160457714.8,-103.3
160458447.3,-103.3
160459179.7,-103.3
160459912.1,-103.4
160460644.5,-103.4
160461377.0,-103.3
160462109.4,-103.2
160462841.8,-103.1
160463574.2,-103.2
160464306.6,-103.3
160465039.1,-103.3
160465771.5,-103.3
160466503.9,-103.3
160467236.3,-103.3
160467968.8,-103.3
160468701.2,-103.3
160469433.6,-103.4
160470166.0,-103.3
160470898.4,-103.1
160471630.9,-103.2
160472363.3,-103.3
160473095.7,-103.3
160473828.1,-103.3
160474560.5,-103.3
160475293.0,-103.3
160476025.4,-103.4
160476757.8,-103.3
160477490.2,-103.2
160478222.7,-103.1
160478955.1,-103.1
160479687.5,-103.2
160480419.9,-103.2
160481152.3,-103.3
160481884.8,-103.3
160482617.2,-103.3
160483349.6,-103.3
160484082.0,-103.3
160484814.5,-103.3
160485546.9,-103.3
160486279.3,-103.2
160487011.7,-103.1
160487744.1,-103.1
160488476.6,-103.2
160489209.0,-103.3
160489941.4,-103.3
160490673.8,-103.3
160491406.2,-103.3
160492138.7,-103.2
160492871.1,-103.1
160493603.5,-103.1
160494335.9,-103.1
160495068.4,-102.9
160495800.8,-103.1
160496533.2,-103.2
160497265.6,-103.2
160497998.0,-103.2
160498730.5,-103.2
160499462.9,-103.1
160500195.3,-103.2
160500927.7,-103.2
160501660.2,-103.2
160502392.6,-103.1
160503125.0,-103.0
160503857.4,-103.1
160504589.8,-103.1
160505322.3,-103.2
160506054.7,-103.2
160506787.1,-103.1
160507519.5,-103.1
160508252.0,-103.1
160508984.4,-103.1
160509716.8,-103.1
160510449.2,-103.0
160511181.6,-103.0
160511914.1,-103.1
160512646.5,-103.1
160513378.9,-103.1
160514111.3,-103.1
160514843.8,-103.1
160515576.2,-103.1
160516308.6,-103.1
160517041.0,-103.2
160517773.4,-103.1
160518505.9,-103.0
160519238.3,-103.0
160519970.7,-103.1
160520703.1,-103.1
160521435.5,-103.1
160522168.0,-103.1
160522900.4,-103.1
160523632.8,-103.1
160524365.2,-103.0
160525097.7,-103.1
160525830.1,-103.0
160526562.5,-102.9
160527294.9,-103.0
160528027.3,-103.1
160528759.8,-103.1
160529492.2,-103.1
160530224.6,-103.0
160530957.0,-103.0
160531689.5,-103.1
160532421.9,-103.1
160533154.3,-103.1
160533886.7,-103.1
160534619.1,-102.9
160535351.6,-102.9
160536084.0,-103.0
160536816.4,-103.1
160537548.8,-103.1
160538281.2,-103.0
160539013.7,-103.0
160539746.1,-103.0
160540478.5,-103.0
160541210.9,-103.0
160541943.4,-103.0
160542675.8,-102.8
160543408.2,-102.9
160544140.6,-103.0
160544873.0,-103.0
160545605.5,-103.0
160546337.9,-103.0
160547070.3,-103.0
160547802.7,-103.0
160548535.2,-103.0
160549267.6,-103.0
160550000.0,-102.9
160550732.4,-102.8
160551464.8,-102.9
160552197.3,-102.9
160552929.7,-103.0
160553662.1,-103.0
160554394.5,-103.0
160555127.0,-103.0
160555859.4,-103.0
160556591.8,-103.0
160557324.2,-103.0
160558056.6,-103.0
160558789.1,-102.9
160559521.5,-102.9
160560253.9,-103.0
160560986.3,-103.0
160561718.8,-103.0
160562451.2,-103.0
160563183.6,-103.1
160563916.0,-103.1
160564648.4,-103.1
160565380.9,-103.1
160566113.3,-103.0
160566845.7,-102.8
160567578.1,-103.0
160568310.5,-103.0
160569043.0,-103.0
160569775.4,-103.1
160570507.8,-103.1
160571240.2,-103.1
160571972.7,-103.1
160572705.1,-103.1
160573437.5,-103.1
160574169.9,-103.0
160574902.3,-102.9
160575634.8,-103.0
160576367.2,-103.0
160577099.6,-103.1
160577832.0,-103.1
160578564.5,-103.1
160579296.9,-103.1
160580029.3,-103.1
160580761.7,-103.2
160581494.1,-103.2
160582226.6,-103.1
160582959.0,-103.0
160583691.4,-103.0
160584423.8,-103.2
160585156.2,-103.2
160585888.7,-103.2
160586621.1,-103.1
160587353.5,-103.1
160588085.9,-103.2
160588818.4,-103.2
160589550.8,-103.2
160590283.2,-103.1
160591015.6,-102.9
160591748.0,-103.0
160592480.5,-103.2
160593212.9,-103.2
160593945.3,-103.2
160594677.7,-103.2
160595410.2,-103.2
160596142.6,-103.2
160596875.0,-103.2
160597607.4,-103.2
160598339.8,-103.0
160599072.3,-102.9
160599804.7,-103.1
160600537.1,-103.2
160601269.5,-103.2
160602002.0,-103.2
160602734.4,-103.2
160603466.8,-103.2
160604199.2,-103.2
160604931.6,-103.2
160605664.1,-103.2
160606396.5,-103.1
160607128.9,-103.1
160607861.3,-103.1
160608593.8,-103.1
160609326.2,-103.1
160610058.6,-103.2
160610791.0,-103.2
160611523.4,-103.2
160612255.9,-103.2
160612988.3,-103.2
160613720.7,-103.2
160614453.1,-103.1
160615185.5,-103.0
160615918.0,-103.2
160616650.4,-103.2
160617382.8,-103.2
160618115.2,-103.2
160618847.7,-103.2
160619580.1,-103.3
160620312.5,-103.3
160621044.9,-103.3
160621777.3,-103.2
160622509.8,-103.1
160623242.2,-103.1
160623974.6,-103.1
160624707.0,-103.2
160625439.5,-103.2
160626171.9,-103.2
160626904.3,-103.2
160627636.7,-103.3
160628369.1,-103.2
160629101.6,-103.1
160629834.0,-103.2
160630566.4,-103.1
160631298.8,-103.0
160632031.2,-103.2
160632763.7,-103.2
160633496.1,-103.2
160634228.5,-103.1
160634960.9,-103.2
160635693.4,-103.2
160636425.8,-103.2
160637158.2,-103.2
160637890.6,-103.3
160638623.0,-103.1
160639355.5,-103.0
160640087.9,-103.1
160640820.3,-103.2
160641552.7,-103.3
160642285.2,-103.3
160643017.6,-103.2
160643750.0,-103.2
160644482.4,-103.2
160645214.8,-103.2
160645947.3,-103.1
160646679.7,-103.0
160647412.1,-103.1
160648144.5,-103.2
160648877.0,-103.2
160649609.4,-103.2
160650341.8,-103.2
160651074.2,-103.2
160651806.6,-103.2
160652539.1,-103.2
160653271.5,-103.3
160654003.9,-103.2
160654736.3,-103.0
160655468.8,-103.0
160656201.2,-103.2
160656933.6,-103.2
160657666.0,-103.3
160658398.4,-103.2
160659130.9,-103.3
160659863.3,-103.2
160660595.7,-103.2
160661328.1,-103.3
160662060.5,-103.3
160662793.0,-103.1
160663525.4,-103.1
160664257.8,-103.3
160664990.2,-103.2
160665722.7,-103.3
160666455.1,-103.3
160667187.5,-103.3
160667919.9,-103.3
160668652.3,-103.3
160669384.8,-103.3
160670117.2,-103.2
160670849.6,-103.1
160671582.0,-103.2
160672314.5,-103.3
160673046.9,-103.3
160673779.3,-103.3
160674511.7,-103.2
160675244.1,-103.2
160675976.6,-103.2
160676709.0,-103.3
160677441.4,-103.3
160678173.8,-103.3
160678906.2,-103.1
160679638.7,-103.2
160680371.1,-103.3
160681103.5,-103.3
160681835.9,-103.3
160682568.4,-103.3
160683300.8,-103.4
160684033.2,-103.4
160684765.6,-103.3
160685498.0,-103.4
160686230.5,-103.3
160686962.9,-103.1
160687695.3,-103.2
160688427.7,-103.3
160689160.2,-103.4
160689892.6,-103.4
160690625.0,-103.4
160691357.4,-103.4
160692089.8,-103.4
160692822.3,-103.4
160693554.7,-103.5
160694287.1,-103.4
160695019.5,-103.2
160695752.0,-103.3
160696484.4,-103.3
160697216.8,-103.4
160697949.2,-103.4
160698681.6,-103.4
160699414.1,-103.5
160700146.5,-103.4
160700878.9,-103.4
160701611.3,-103.4
160702343.8,-103.3
160703076.2,-103.1
160703808.6,-103.3
160704541.0,-103.4
160705273.4,-103.4
160706005.9,-103.4
160706738.3,-103.4
160707470.7,-103.4
160708203.1,-103.4
160708935.5,-103.4
160709668.0,-103.4
160710400.4,-103.2
160711132.8,-103.0
160711865.2,-103.2
160712597.7,-103.3
160713330.1,-103.3
160714062.5,-103.3
160714794.9,-103.4
160715527.3,-103.4
160716259.8,-103.4
160716992.2,-103.4
160717724.6,-103.4
160718457.0,-103.2
160719189.5,-103.1
160719921.9,-103.3
160720654.3,-103.4
160721386.7,-103.4
160722119.1,-103.4
160722851.6,-103.3
160723584.0,-103.4
160724316.4,-103.4
160725048.8,-103.4
160725781.2,-103.4
160726513.7,-103.2
160727246.1,-103.1
160727978.5,-103.3
160728710.9,-103.3
160729443.4,-103.4
160730175.8,-103.4
160730908.2,-103.4
160731640.6,-103.4
160732373.0,-103.4
160733105.5,-103.4
160733837.9,-103.3
160734570.3,-103.1
160735302.7,-103.1
160736035.2,-103.3
160736767.6,-103.3
160737500.0,-103.2
160738232.4,-103.3
160738964.8,-103.3
160739697.3,-103.4
160740429.7,-103.3
160741162.1,-103.3
160741894.5,-103.3
160742627.0,-103.1
160743359.4,-103.1
160744091.8,-103.2
160744824.2,-103.2
160745556.6,-103.3
160746289.1,-103.3
160747021.5,-103.3
160747753.9,-103.3
160748486.3,-103.3
160749218.8,-103.2
160749951.2,-103.1
160750683.6,-102.8
160751416.0,-102.8
160752148.4,-103.1
160752880.9,-103.1
160753613.3,-103.2
160754345.7,-103.2
160755078.1,-103.3
160755810.5,-103.3
160756543.0,-103.2
160757275.4,-103.2
160758007.8,-103.1
160758740.2,-102.7
160759472.7,-102.7
160760205.1,-103.0
160760937.5,-103.1
160761669.9,-103.2
160762402.3,-103.2
160763134.8,-103.2
160763867.2,-103.2
160764599.6,-103.2
160765332.0,-103.2
160766064.5,-102.9
160766796.9,-102.3
160767529.3,-102.6
160768261.7,-103.0
160768994.1,-103.1
160769726.6,-103.2
160770459.0,-103.2
160771191.4,-103.2
160771923.8,-103.2
160772656.2,-103.2
160773388.7,-103.1
160774121.1,-103.0
160774853.5,-102.7
160775585.9,-102.8
160776318.4,-103.0
160777050.8,-103.1
160777783.2,-103.2
160778515.6,-103.2
160779248.0,-103.2
160779980.5,-103.2
160780712.9,-103.2
160781445.3,-103.2
160782177.7,-103.1
160782910.2,-102.5
160783642.6,-102.9
160784375.0,-103.1
160785107.4,-103.2
160785839.8,-103.2
160786572.3,-103.2
160787304.7,-103.3
160788037.1,-103.3
160788769.5,-103.3
160789502.0,-103.2
160790234.4,-103.0
160790966.8,-102.5
160791699.2,-102.9
160792431.6,-103.1
160793164.1,-103.2
160793896.5,-103.2
160794628.9,-103.3
160795361.3,-103.3
160796093.8,-103.3
160796826.2,-103.2
160797558.6,-103.2
160798291.0,-103.0
160799023.4,-102.8
160799755.9,-103.0
160800488.3,-103.1
160801220.7,-103.2
160801953.1,-103.2
160802685.5,-103.3
160803418.0,-103.3
160804150.4,-103.3
160804882.8,-103.3
160805615.2,-103.3
160806347.7,-103.1
160807080.1,-102.9
160807812.5,-103.1
160808544.9,-103.2
160809277.3,-103.3
160810009.8,-103.2
160810742.2,-103.3
160811474.6,-103.3
160812207.0,-103.3
160812939.5,-103.4
160813671.9,-103.3
160814404.3,-103.1
160815136.7,-103.0
160815869.1,-103.2
160816601.6,-103.2
160817334.0,-103.2
160818066.4,-103.3
160818798.8,-103.3
160819531.2,-103.3
160820263.7,-103.3
160820996.1,-103.3
160821728.5,-103.3
160822460.9,-103.1
160823193.4,-102.9
160823925.8,-103.2
160824658.2,-103.2
160825390.6,-103.3
160826123.0,-103.3
160826855.5,-103.3
160827587.9,-103.3
160828320.3,-103.3
160829052.7,-103.3
160829785.2,-103.3
160830517.6,-103.1
160831250.0,-102.9
160831982.4,-103.1
160832714.8,-103.2
160833447.3,-103.3
160834179.7,-103.3
160834912.1,-103.2
160835644.5,-103.2
160836377.0,-103.2
160837109.4,-103.3
160837841.8,-103.3
160838574.2,-103.1
160839306.6,-103.0
160840039.1,-103.1
160840771.5,-103.2
160841503.9,-103.2
160842236.3,-103.2
160842968.8,-103.2
160843701.2,-103.2
160844433.6,-103.3
160845166.0,-103.3
160845898.4,-103.3
160846630.9,-103.0
160847363.3,-102.9
160848095.7,-103.1
160848828.1,-103.2
160849560.5,-103.2
160850293.0,-103.2
160851025.4,-103.2
160851757.8,-103.2
160852490.2,-103.2
160853222.7,-103.2
160853955.1,-103.1
160854687.5,-103.0
160855419.9,-103.0
160856152.3,-103.1
160856884.8,-103.2
160857617.2,-103.2
160858349.6,-103.1
160859082.0,-103.2
160859814.5,-103.2
160860546.9,-103.2
160861279.3,-103.2
160862011.7,-103.1
160862744.1,-102.9
160863476.6,-103.0
160864209.0,-103.1
160864941.4,-103.1
160865673.8,-103.2
160866406.2,-103.2
160867138.7,-103.2
160867871.1,-103.2
160868603.5,-103.1
160869335.9,-103.1
160870068.4,-103.1
160870800.8,-102.9
160871533.2,-103.0
160872265.6,-103.1
160872998.0,-103.1
160873730.5,-103.1
160874462.9,-103.1
160875195.3,-103.1
160875927.7,-103.1
160876660.2,-103.1
160877392.6,-103.1
160878125.0,-103.0
160878857.4,-102.8
160879589.8,-102.9
160880322.3,-103.0
160881054.7,-103.0
160881787.1,-103.1
160882519.5,-103.1
160883252.0,-103.0
160883984.4,-103.0
160884716.8,-102.9
160885449.2,-103.0
160886181.6,-102.9
160886914.1,-102.8
160887646.5,-102.9
160888378.9,-103.0
160889111.3,-103.0
160889843.8,-103.0
160890576.2,-102.9
160891308.6,-102.9
160892041.0,-103.0
160892773.4,-102.9
160893505.9,-102.9
160894238.3,-102.8
160894970.7,-102.7
160895703.1,-102.8
160896435.5,-102.8
160897168.0,-102.9
160897900.4,-102.9
160898632.8,-102.8
160899365.2,-102.8
160900097.7,-102.9
160900830.1,-102.9
160901562.5,-102.9
160902294.9,-102.8
160903027.3,-102.8
160903759.8,-102.8
160904492.2,-102.8
160905224.6,-102.8
160905957.0,-102.8
160906689.5,-102.9
160907421.9,-102.9
160908154.3,-102.9
160908886.7,-102.9
160909619.1,-102.8
160910351.6,-102.7
160911084.0,-102.6
160911816.4,-102.8
160912548.8,-102.8
160913281.2,-102.8
160914013.7,-102.8
160914746.1,-102.8
160915478.5,-102.8
160916210.9,-102.8
160916943.4,-102.8
160917675.8,-102.8
160918408.2,-102.7
160919140.6,-102.6
160919873.0,-102.7
160920605.5,-102.8
160921337.9,-102.8
160922070.3,-102.8
160922802.7,-102.8
160923535.2,-102.8
160924267.6,-102.9
160925000.0,-102.8
160925732.4,-102.7
160926464.8,-102.6
160927197.3,-102.6
160927929.7,-102.8
160928662.1,-102.8
160929394.5,-102.7
160930127.0,-102.7
160930859.4,-102.7
160931591.8,-102.7
160932324.2,-102.8
160933056.6,-102.7
160933789.1,-102.7
160934521.5,-102.6
160935253.9,-102.5
160935986.3,-102.6
160936718.8,-102.6
160937451.2,-102.6
160938183.6,-102.7
160938916.0,-102.7
160939648.4,-102.7
160940380.9,-102.7
160941113.3,-102.6
160941845.7,-102.7
160942578.1,-102.6
160943310.5,-102.6
160944043.0,-102.7
160944775.4,-102.7
160945507.8,-102.7
160946240.2,-102.7
160946972.7,-102.7
160947705.1,-102.7
160948437.5,-102.7
160949169.9,-102.7
160949902.3,-102.7
160950634.8,-102.6
160951367.2,-102.6
160952099.6,-102.7
160952832.0,-102.7
160953564.5,-102.7
160954296.9,-102.7
160955029.3,-102.7
160955761.7,-102.7
160956494.1,-102.7
160957226.6,-102.7
160957959.0,-102.7
160958691.4,-102.6
160959423.8,-102.6
160960156.2,-102.7
160960888.7,-102.7
160961621.1,-102.7
160962353.5,-102.7
160963085.9,-102.7
160963818.4,-102.7
160964550.8,-102.7
160965283.2,-102.7
160966015.6,-102.7
160966748.0,-102.6
160967480.5,-102.6
160968212.9,-102.7
160968945.3,-102.8
160969677.7,-102.8
160970410.2,-102.8
160971142.6,-102.7
160971875.0,-102.7
160972607.4,-102.7
160973339.8,-102.8
160974072.3,-102.8
160974804.7,-102.6
160975537.1,-102.7
160976269.5,-102.8
160977002.0,-102.8
160977734.4,-102.7
160978466.8,-102.7
160979199.2,-102.8
160979931.6,-102.8
160980664.1,-102.8
160981396.5,-102.8
160982128.9,-102.8
160982861.3,-102.6
160983593.8,-102.7
160984326.2,-102.8
160985058.6,-102.8
160985791.0,-102.8
160986523.4,-102.8
160987255.9,-102.8
160987988.3,-102.7
160988720.7,-102.8
160989453.1,-102.8
160990185.5,-102.7
160990918.0,-102.6
160991650.4,-102.7
160992382.8,-102.7
160993115.2,-102.8
160993847.7,-102.8
160994580.1,-102.7
160995312.5,-102.7
160996044.9,-102.8
160996777.3,-102.8
160997509.8,-102.8
160998242.2,-102.7
160998974.6,-102.6
160999707.0,-102.7
161000439.5,-102.7
161001171.9,-102.7
161001904.3,-102.8
161002636.7,-102.8
161003369.1,-102.7
161004101.6,-102.7
161004834.0,-102.7
161005566.4,-102.7
161006298.8,-102.6
161007031.2,-102.6
161007763.7,-102.7
161008496.1,-102.7
161009228.5,-102.7
161009960.9,-102.7
161010693.4,-102.8
161011425.8,-102.8
161012158.2,-102.7
161012890.6,-102.7
161013623.0,-102.7
161014355.5,-102.6
161015087.9,-102.6
161015820.3,-102.7
161016552.7,-102.7
161017285.2,-102.7
161018017.6,-102.7
161018750.0,-102.7
161019482.4,-102.7
161020214.8,-102.7
161020947.3,-102.8
161021679.7,-102.7
161022412.1,-102.6
161023144.5,-102.6
161023877.0,-102.6
161024609.4,-102.6
161025341.8,-102.6
161026074.2,-102.7
161026806.6,-102.7
161027539.1,-102.7
161028271.5,-102.7
161029003.9,-102.7
161029736.3,-102.7
161030468.8,-102.5
161031201.2,-102.5
161031933.6,-102.6
161032666.0,-102.6
161033398.4,-102.7
161034130.9,-102.6
161034863.3,-102.6
161035595.7,-102.7
161036328.1,-102.7
161037060.5,-102.7
161037793.0,-102.7
161038525.4,-102.6
161039257.8,-102.5
161039990.2,-102.6
161040722.7,-102.7
161041455.1,-102.7
161042187.5,-102.7
161042919.9,-102.7
161043652.3,-102.6
161044384.8,-102.7
161045117.2,-102.7
161045849.6,-102.6
161046582.0,-102.5
161047314.5,-102.5
161048046.9,-102.6
161048779.3,-102.6
161049511.7,-102.6
161050244.1,-102.6
161050976.6,-102.7
161051709.0,-102.7
161052441.4,-102.7
161053173.8,-102.7
161053906.2,-102.6
161054638.7,-102.5
161055371.1,-102.6
161056103.5,-102.6
161056835.9,-102.6
161057568.4,-102.6
161058300.8,-102.6
161059033.2,-102.6
161059765.6,-102.7
161060498.0,-102.7
161061230.5,-102.6
161061962.9,-102.6
161062695.3,-102.5
161063427.7,-102.5
161064160.2,-102.7
161064892.6,-102.7
161065625.0,-102.6
161066357.4,-102.6
161067089.8,-102.7
161067822.3,-102.7
161068554.7,-102.7
161069287.1,-102.7
161070019.5,-102.7
161070752.0,-102.5
161071484.4,-102.5
161072216.8,-102.7
161072949.2,-102.7
161073681.6,-102.7
161074414.1,-102.7
161075146.5,-102.6
161075878.9,-102.7
161076611.3,-102.7
161077343.8,-102.6
161078076.2,-102.6
161078808.6,-102.5
161079541.0,-102.6
161080273.4,-102.6
161081005.9,-102.6
161081738.3,-102.6
161082470.7,-102.7
161083203.1,-102.7
161083935.5,-102.6
161084668.0,-102.7
161085400.4,-102.7
161086132.8,-102.6
161086865.2,-102.5
161087597.7,-102.6
161088330.1,-102.6
161089062.5,-102.6
161089794.9,-102.7
161090527.3,-102.7
161091259.8,-102.7
161091992.2,-102.7
161092724.6,-102.6
161093457.0,-102.6
161094189.5,-102.6
161094921.9,-102.4
161095654.3,-102.5
161096386.7,-102.6
161097119.1,-102.6
161097851.6,-102.6
161098584.0,-102.6
161099316.4,-102.6
161100048.8,-102.6
161100781.2,-102.6
161101513.7,-102.7
161102246.1,-102.6
161102978.5,-102.3
161103710.9,-102.5
161104443.4,-102.6
161105175.8,-102.7
161105908.2,-102.7
161106640.6,-102.6
161107373.0,-102.6
161108105.5,-102.6
161108837.9,-102.6
161109570.3,-102.6
161110302.7,-102.5
161111035.2,-102.3
161111767.6,-102.5
161112500.0,-102.6
161113232.4,-102.6
161113964.8,-102.6
161114697.3,-102.6
161115429.7,-102.6
161116162.1,-102.6
161116894.5,-102.6
161117627.0,-102.5
161118359.4,-102.5
161119091.8,-102.3
161119824.2,-102.5
161120556.6,-102.5
161121289.1,-102.5
161122021.5,-102.5
161122753.9,-102.6
161123486.3,-102.5
161124218.8,-102.5
161124951.2,-102.5
161125683.6,-102.5
161126416.0,-102.4
161127148.4,-102.2
161127880.9,-102.4
161128613.3,-102.4
161129345.7,-102.5
161130078.1,-102.5
161130810.5,-102.5
161131543.0,-102.5
161132275.4,-102.5
161133007.8,-102.5
161133740.2,-102.5
161134472.7,-102.2
161135205.1,-102.1
161135937.5,-102.3
161136669.9,-102.3
161137402.3,-102.4
161138134.8,-102.4
161138867.2,-102.5
161139599.6,-102.4
161140332.0,-102.4
161141064.5,-102.4
161141796.9,-102.4
161142529.3,-102.0
161143261.7,-101.7
161143994.1,-102.1
161144726.6,-102.3
161145459.0,-102.4
161146191.4,-102.4
161146923.8,-102.3
161147656.2,-102.3
161148388.7,-102.3
161149121.1,-102.4
161149853.5,-102.4
161150585.9,-102.0
161151318.4,-101.8
161152050.8,-102.2
161152783.2,-102.4
161153515.6,-102.4
161154248.0,-102.4
161154980.5,-102.3
161155712.9,-102.3
161156445.3,-102.4
161157177.7,-102.4
161157910.2,-102.3
161158642.6,-101.9
161159375.0,-101.9
161160107.4,-102.3
161160839.8,-102.4
161161572.3,-102.4
161162304.7,-102.4
161163037.1,-102.4
161163769.5,-102.4
161164502.0,-102.4
161165234.4,-102.4
161165966.8,-102.3
161166699.2,-101.9
161167431.6,-102.0
161168164.1,-102.3
161168896.5,-102.4
161169628.9,-102.5
161170361.3,-102.5
161171093.8,-102.5
161171826.2,-102.5
161172558.6,-102.5
161173291.0,-102.6
161174023.4,-102.5
161174755.9,-102.0
161175488.3,-102.1
161176220.7,-102.4
161176953.1,-102.4
161177685.5,-102.5
161178418.0,-102.5
161179150.4,-102.5
161179882.8,-102.6
161180615.2,-102.6
161181347.7,-102.5
161182080.1,-102.4
161182812.5,-101.9
161183544.9,-102.2
161184277.3,-102.4
161185009.8,-102.5
161185742.2,-102.5
161186474.6,-102.5
161187207.0,-102.6
161187939.5,-102.6
161188671.9,-102.6
161189404.3,-102.6
161190136.7,-102.4
161190869.1,-102.2
161191601.6,-102.4
161192334.0,-102.5
161193066.4,-102.5
161193798.8,-102.6
161194531.2,-102.7
161195263.7,-102.7
161195996.1,-102.7
161196728.5,-102.6
161197460.9,-102.6
161198193.4,-102.5
161198925.8,-102.2
161199658.2,-102.5
161200390.6,-102.6
161201123.0,-102.7
161201855.5,-102.7
161202587.9,-102.7
161203320.3,-102.7
161204052.7,-102.7
161204785.2,-102.8
161205517.6,-102.7
161206250.0,-102.6
161206982.4,-102.3
161207714.8,-102.5
161208447.3,-102.7
161209179.7,-102.8
161209912.1,-102.7
161210644.5,-102.7
161211377.0,-102.8
161212109.4,-102.8
161212841.8,-102.7
161213574.2,-102.8
161214306.6,-102.6
161215039.1,-102.3
161215771.5,-102.6
161216503.9,-102.7
161217236.3,-102.7
161217968.8,-102.8
161218701.2,-102.8
161219433.6,-102.8
161220166.0,-102.8
161220898.4,-102.8
161221630.9,-102.8
161222363.3,-102.6
161223095.7,-102.3
161223828.1,-102.7
161224560.5,-102.8
161225293.0,-102.8
161226025.4,-102.8
161226757.8,-102.8
161227490.2,-102.8
161228222.7,-102.9
161228955.1,-102.9
161229687.5,-102.9
161230419.9,-102.7
161231152.3,-102.4
161231884.8,-102.7
161232617.2,-102.8
161233349.6,-102.8
161234082.0,-102.9
161234814.5,-102.9
161235546.9,-102.8
161236279.3,-102.9
161237011.7,-102.8
161237744.1,-102.8
161238476.6,-102.6
161239209.0,-102.6
161239941.4,-102.8
161240673.8,-102.9
161241406.2,-102.8
161242138.7,-102.9
161242871.1,-102.8
161243603.5,-102.9
161244335.9,-102.9
161245068.4,-102.9
161245800.8,-102.9
161246533.2,-102.6
161247265.6,-102.5
161247998.0,-102.8
161248730.5,-102.8
161249462.9,-102.9
161250195.3,-102.9
161250927.7,-102.9
161251660.2,-102.9
161252392.6,-102.9
161253125.0,-102.9
161253857.4,-102.8
161254589.8,-102.6
161255322.3,-102.6
161256054.7,-102.8
161256787.1,-102.9
161257519.5,-102.9
161258252.0,-102.9
161258984.4,-102.9
161259716.8,-102.9
161260449.2,-102.9
161261181.6,-102.9
161261914.1,-102.9
161262646.5,-102.6
161263378.9,-102.7
161264111.3,-102.8
161264843.8,-102.8
161265576.2,-102.9
161266308.6,-102.9
161267041.0,-102.9
161267773.4,-102.9
161268505.9,-102.9
161269238.3,-102.8
161269970.7,-102.8
161270703.1,-102.7
161271435.5,-102.7
161272168.0,-102.8
161272900.4,-102.9
161273632.8,-102.9
161274365.2,-102.9
161275097.7,-102.9
161275830.1,-102.9
161276562.5,-102.8
161277294.9,-102.9
161278027.3,-102.8
161278759.8,-102.6
161279492.2,-102.7
161280224.6,-102.7
161280957.0,-102.8
161281689.5,-102.9
161282421.9,-102.8
161283154.3,-102.8
161283886.7,-102.8
161284619.1,-102.8
161285351.6,-102.8
161286084.0,-102.8
161286816.4,-102.6
161287548.8,-102.6
161288281.2,-102.8
161289013.7,-102.8
161289746.1,-102.8
161290478.5,-102.8
161291210.9,-102.8
161291943.4,-102.8
161292675.8,-102.8
161293408.2,-102.9
161294140.6,-102.7
161294873.0,-102.7
161295605.5,-102.7
161296337.9,-102.8
161297070.3,-102.8
161297802.7,-102.8
161298535.2,-102.8
161299267.6,-102.8
161300000.0,-102.7
161300732.4,-102.8
161301464.8,-102.8
161302197.3,-102.7
161302929.7,-102.6
161303662.1,-102.7
161304394.5,-102.7
161305127.0,-102.7
161305859.4,-102.8
161306591.8,-102.7
161307324.2,-102.7
161308056.6,-102.8
161308789.1,-102.8
161309521.5,-102.8
161310253.9,-102.7
161310986.3,-102.5
161311718.8,-102.6
161312451.2,-102.7
161313183.6,-102.8
161313916.0,-102.8
161314648.4,-102.8
161315380.9,-102.8
161316113.3,-102.8
161316845.7,-102.8
161317578.1,-102.8
161318310.5,-102.7
161319043.0,-102.5
161319775.4,-102.6
161320507.8,-102.7
161321240.2,-102.8
161321972.7,-102.8
161322705.1,-102.8
161323437.5,-102.8
161324169.9,-102.8
161324902.3,-102.8
161325634.8,-102.7
161326367.2,-102.7
161327099.6,-102.5
161327832.0,-102.7
161328564.5,-102.8
161329296.9,-102.9
161330029.3,-102.9
161330761.7,-102.8
161331494.1,-102.7
161332226.6,-102.8
161332959.0,-102.8
161333691.4,-102.8
161334423.8,-102.7
161335156.2,-102.6
161335888.7,-102.7
161336621.1,-102.8
161337353.5,-102.8
161338085.9,-102.9
161338818.4,-102.9
161339550.8,-102.9
161340283.2,-102.9
161341015.6,-102.9
161341748.0,-102.9
161342480.5,-102.8
161343212.9,-102.7
161343945.3,-102.9
161344677.7,-102.9
161345410.2,-103.0
161346142.6,-102.9
161346875.0,-102.9
161347607.4,-102.9
161348339.8,-102.9
161349072.3,-102.9
161349804.7,-102.9
161350537.1,-102.8
161351269.5,-102.8
161352002.0,-102.9
161352734.4,-103.0
161353466.8,-103.0
161354199.2,-103.0
161354931.6,-103.0
161355664.1,-103.1
161356396.5,-103.1
161357128.9,-103.1
161357861.3,-103.0
161358593.8,-102.9
161359326.2,-102.9
161360058.6,-103.0
161360791.0,-103.1
161361523.4,-103.1
161362255.9,-103.1
161362988.3,-103.1
161363720.7,-103.1
161364453.1,-103.1
161365185.5,-103.1
161365918.0,-103.1
161366650.4,-103.0
161367382.8,-102.9
161368115.2,-103.1
161368847.7,-103.1
161369580.1,-103.1
161370312.5,-103.1
161371044.9,-103.2
161371777.3,-103.2
161372509.8,-103.1
161373242.2,-103.1
161373974.6,-103.1
161374707.0,-103.0
161375439.5,-103.1
161376171.9,-103.2
161376904.3,-103.2
161377636.7,-103.2
161378369.1,-103.2
161379101.6,-103.1
161379834.0,-103.1
161380566.4,-103.2
161381298.8,-103.2
161382031.2,-103.1
161382763.7,-103.0
161383496.1,-103.1
161384228.5,-103.1
161384960.9,-103.2
161385693.4,-103.2
161386425.8,-103.3
161387158.2,-103.3
161387890.6,-103.2
161388623.0,-103.2
161389355.5,-103.2
161390087.9,-103.2
161390820.3,-103.1
161391552.7,-103.1
161392285.2,-103.2
161393017.6,-103.2
161393750.0,-103.3
161394482.4,-103.3
161395214.8,-103.2
161395947.3,-103.2
161396679.7,-103.3
161397412.1,-103.2
161398144.5,-103.2
161398877.0,-103.1
161399609.4,-103.2
161400341.8,-103.2
161401074.2,-103.3
161401806.6,-103.3
161402539.1,-103.3
161403271.5,-103.3
161404003.9,-103.3
161404736.3,-103.3
161405468.8,-103.3
161406201.2,-103.3
161406933.6,-103.2
161407666.0,-103.2
161408398.4,-103.2
161409130.9,-103.3
161409863.3,-103.3
161410595.7,-103.3
161411328.1,-103.3
161412060.5,-103.3
161412793.0,-103.3
161413525.4,-103.3
161414257.8,-103.2
161414990.2,-103.1
161415722.7,-103.2
161416455.1,-103.3
161417187.5,-103.3
161417919.9,-103.3
161418652.3,-103.3
161419384.8,-103.3
161420117.2,-103.3
161420849.6,-103.3
161421582.0,-103.4
161422314.5,-103.3
161423046.9,-103.2
161423779.3,-103.3
161424511.7,-103.3
161425244.1,-103.3
161425976.6,-103.3
161426709.0,-103.4
161427441.4,-103.4
161428173.8,-103.4
161428906.2,-103.4
161429638.7,-103.3
161430371.1,-103.3
161431103.5,-103.3
161431835.9,-103.4
161432568.4,-103.4
161433300.8,-103.3
161434033.2,-103.4
161434765.6,-103.4
161435498.0,-103.4
161436230.5,-103.4
161436962.9,-103.4
161437695.3,-103.4
161438427.7,-103.4
161439160.2,-103.3
161439892.6,-103.4
161440625.0,-103.3
161441357.4,-103.3
161442089.8,-103.4
161442822.3,-103.5
161443554.7,-103.5
161444287.1,-103.5
161445019.5,-103.5
161445752.0,-103.4
161446484.4,-103.3
161447216.8,-103.3
161447949.2,-103.4
161448681.6,-103.5
161449414.1,-103.5
161450146.5,-103.5
161450878.9,-103.5
161451611.3,-103.5
161452343.8,-103.5
161453076.2,-103.5
161453808.6,-103.5
161454541.0,-103.4
161455273.4,-103.4
161456005.9,-103.4
161456738.3,-103.5
161457470.7,-103.5
161458203.1,-103.5
161458935.5,-103.5
161459668.0,-103.6
161460400.4,-103.6
161461132.8,-103.5
161461865.2,-103.5
161462597.7,-103.4
161463330.1,-103.4
161464062.5,-103.5
161464794.9,-103.5
161465527.3,-103.6
161466259.8,-103.6
161466992.2,-103.6
161467724.6,-103.6
161468457.0,-103.6
161469189.5,-103.6
161469921.9,-103.6
161470654.3,-103.4
161471386.7,-103.4
161472119.1,-103.6
161472851.6,-103.6
161473584.0,-103.5
161474316.4,-103.6
161475048.8,-103.5
161475781.2,-103.6
161476513.7,-103.6
161477246.1,-103.6
161477978.5,-103.5
161478710.9,-103.3
161479443.4,-103.4
161480175.8,-103.5
161480908.2,-103.6
161481640.6,-103.5
161482373.0,-103.6
161483105.5,-103.6
161483837.9,-103.6
161484570.3,-103.6
161485302.7,-103.6
161486035.2,-103.5
161486767.6,-103.3
161487500.0,-103.4
161488232.4,-103.5
161488964.8,-103.5
161489697.3,-103.6
161490429.7,-103.6
161491162.1,-103.6
161491894.5,-103.5
161492627.0,-103.5
161493359.4,-103.5
161494091.8,-103.5
161494824.2,-103.4
161495556.6,-103.5
161496289.1,-103.5
161497021.5,-103.5
161497753.9,-103.5
161498486.3,-103.5
161499218.8,-103.5
161499951.2,-103.5
161500683.6,-103.6
161501416.0,-103.5
161502148.4,-103.5
161502880.9,-103.3
161503613.3,-103.4
161504345.7,-103.4
161505078.1,-103.4
161505810.5,-103.4
161506543.0,-103.4
161507275.4,-103.5
161508007.8,-103.4
161508740.2,-103.4
161509472.7,-103.4
161510205.1,-103.4
161510937.5,-103.3
161511669.9,-103.3
161512402.3,-103.4
161513134.8,-103.3
161513867.2,-103.3
161514599.6,-103.4
161515332.0,-103.4
161516064.5,-103.4
161516796.9,-103.4
161517529.3,-103.4
161518261.7,-103.2
161518994.1,-102.9
161519726.6,-103.2
161520459.0,-103.3
161521191.4,-103.3
161521923.8,-103.3
161522656.2,-103.3
161523388.7,-103.3
161524121.1,-103.3
161524853.5,-103.2
161525585.9,-103.2
161526318.4,-103.1
161527050.8,-102.8
161527783.2,-103.1
161528515.6,-103.2
161529248.0,-103.2
161529980.5,-103.2
161530712.9,-103.2
161531445.3,-103.2
161532177.7,-103.3
161532910.2,-103.3
161533642.6,-103.3
161534375.0,-103.0
161535107.4,-102.7
161535839.8,-103.0
161536572.3,-103.2
161537304.7,-103.2
161538037.1,-103.2
161538769.5,-103.2
161539502.0,-103.2
161540234.4,-103.2
161540966.8,-103.2
161541699.2,-103.2
161542431.6,-102.9
161543164.1,-102.7
161543896.5,-103.0
161544628.9,-103.1
161545361.3,-103.1
161546093.8,-103.2
161546826.2,-103.2
161547558.6,-103.2
161548291.0,-103.2
161549023.4,-103.2
161549755.9,-103.1
161550488.3,-102.7
161551220.7,-102.6
161551953.1,-103.0
161552685.5,-103.1
161553418.0,-103.1
161554150.4,-103.1
161554882.8,-103.1
161555615.2,-103.1
161556347.7,-103.1
161557080.1,-103.1
161557812.5,-103.0
161558544.9,-102.6
161559277.3,-102.5
161560009.8,-103.0
161560742.2,-103.0
161561474.6,-103.0
161562207.0,-103.1
161562939.5,-103.1
161563671.9,-103.1
161564404.3,-103.1
161565136.7,-103.1
161565869.1,-103.0
161566601.6,-102.7
161567334.0,-102.7
161568066.4,-102.9
161568798.8,-103.0
161569531.2,-103.1
161570263.7,-103.1
161570996.1,-103.1
161571728.5,-103.1
161572460.9,-103.1
161573193.4,-103.1
161573925.8,-103.0
161574658.2,-102.5
161575390.6,-102.5
161576123.0,-102.9
161576855.5,-103.0
161577587.9,-103.1
161578320.3,-103.1
161579052.7,-103.1
161579785.2,-103.2
161580517.6,-103.2
161581250.0,-103.1
161581982.4,-103.0
161582714.8,-102.8
161583447.3,-102.8
161584179.7,-103.0
161584912.1,-103.1
161585644.5,-103.1
161586377.0,-103.1
161587109.4,-103.2
161587841.8,-103.2
161588574.2,-103.2
161589306.6,-103.1
161590039.1,-103.0
161590771.5,-102.7
161591503.9,-102.9
161592236.3,-103.0
161592968.8,-103.0
161593701.2,-103.1
161594433.6,-103.1
161595166.0,-103.2
161595898.4,-103.2
161596630.9,-103.2
161597363.3,-103.1
161598095.7,-103.0
161598828.1,-102.7
161599560.5,-102.9
161600293.0,-103.1
161601025.4,-103.1
161601757.8,-103.1
161602490.2,-103.1
161603222.7,-103.1
161603955.1,-103.2
161604687.5,-103.2
161605419.9,-103.2
161606152.3,-103.0
161606884.8,-102.5
161607617.2,-102.7
161608349.6,-103.0
161609082.0,-103.1
161609814.5,-103.2
161610546.9,-103.2
161611279.3,-103.1
161612011.7,-103.2
161612744.1,-103.2
161613476.6,-103.1
161614209.0,-102.9
161614941.4,-102.6
161615673.8,-102.8
161616406.2,-103.0
161617138.7,-103.1
161617871.1,-103.1
161618603.5,-103.1
161619335.9,-103.1
161620068.4,-103.1
161620800.8,-103.1
161621533.2,-103.1
161622265.6,-102.9
161622998.0,-102.6
161623730.5,-102.8
161624462.9,-103.0
161625195.3,-103.0
161625927.7,-103.0
161626660.2,-103.0
161627392.6,-103.1
161628125.0,-103.0
161628857.4,-103.0
161629589.8,-103.0
161630322.3,-102.9
161631054.7,-102.6
161631787.1,-102.9
161632519.5,-103.0
161633252.0,-103.0
161633984.4,-103.0
161634716.8,-103.1
161635449.2,-103.1
161636181.6,-103.0
161636914.1,-103.0
161637646.5,-102.9
161638378.9,-102.6
161639111.3,-102.4
161639843.8,-102.8
161640576.2,-102.9
161641308.6,-103.0
161642041.0,-103.0
161642773.4,-103.0
161643505.9,-102.9
161644238.3,-102.9
161644970.7,-103.0
161645703.1,-102.9
161646435.5,-102.7
161647168.0,-102.6
161647900.4,-102.8
161648632.8,-102.9
161649365.2,-102.9
161650097.7,-102.9
161650830.1,-103.0
161651562.5,-102.9
161652294.9,-102.9
161653027.3,-102.8
161653759.8,-102.8
161654492.2,-102.7
161655224.6,-102.5
161655957.0,-102.8
161656689.5,-102.8
161657421.9,-102.9
161658154.3,-102.9
161658886.7,-102.9
161659619.1,-102.9
161660351.6,-102.9
161661084.0,-102.9
161661816.4,-102.9
161662548.8,-102.7
161663281.2,-102.6
161664013.7,-102.8
161664746.1,-102.8
161665478.5,-102.8
161666210.9,-102.9
161666943.4,-102.9
161667675.8,-102.9
161668408.2,-102.8
161669140.6,-102.8
161669873.0,-102.8
161670605.5,-102.6
161671337.9,-102.6
161672070.3,-102.8
161672802.7,-102.8
161673535.2,-102.8
161674267.6,-102.8
161675000.0,-102.7
161675732.4,-102.7
161676464.8,-102.8
161677197.3,-102.8
161677929.7,-102.8
161678662.1,-102.5
161679394.5,-102.5
161680127.0,-102.7
161680859.4,-102.7
161681591.8,-102.7
161682324.2,-102.8
161683056.6,-102.7
161683789.1,-102.7
161684521.5,-102.8
161685253.9,-102.7
161685986.3,-102.6
161686718.8,-102.4
161687451.2,-102.5
161688183.6,-102.7
161688916.0,-102.7
161689648.4,-102.7
161690380.9,-102.7
161691113.3,-102.6
161691845.7,-102.7
161692578.1,-102.7
161693310.5,-102.7
161694043.0,-102.7
161694775.4,-102.3
161695507.8,-102.3
161696240.2,-102.5
161696972.7,-102.6
161697705.1,-102.6
161698437.5,-102.7
161699169.9,-102.7
161699902.3,-102.7
161700634.8,-102.7
161701367.2,-102.6
161702099.6,-102.6
161702832.0,-102.4
161703564.5,-102.4
161704296.9,-102.5
161705029.3,-102.6
161705761.7,-102.6
161706494.1,-102.6
161707226.6,-102.7
161707959.0,-102.7
161708691.4,-102.7
161709423.8,-102.7
161710156.2,-102.6
161710888.7,-102.3
161711621.1,-102.5
161712353.5,-102.6
161713085.9,-102.7
161713818.4,-102.6
161714550.8,-102.7
161715283.2,-102.7
161716015.6,-102.7
161716748.0,-102.7
161717480.5,-102.7
161718212.9,-102.7
161718945.3,-102.4
161719677.7,-102.6
161720410.2,-102.7
161721142.6,-102.7
161721875.0,-102.8
161722607.4,-102.8
161723339.8,-102.9
161724072.3,-102.8
161724804.7,-102.8
161725537.1,-102.9
161726269.5,-102.8
161727002.0,-102.5
161727734.4,-102.7
161728466.8,-102.8
161729199.2,-102.9
161729931.6,-102.9
161730664.1,-102.9
161731396.5,-102.9
161732128.9,-102.9
161732861.3,-103.0
161733593.8,-103.0
161734326.2,-102.8
161735058.6,-102.6
161735791.0,-102.8
161736523.4,-102.9
161737255.9,-102.9
161737988.3,-103.0
161738720.7,-103.0
161739453.1,-103.0
161740185.5,-103.1
161740918.0,-103.1
161741650.4,-103.1
161742382.8,-103.0
161743115.2,-102.8
161743847.7,-103.0
161744580.1,-103.1
161745312.5,-103.1
161746044.9,-103.1
161746777.3,-103.1
161747509.8,-103.2
161748242.2,-103.3
161748974.6,-103.2
161749707.0,-103.2
161750439.5,-103.1
161751171.9,-103.0
161751904.3,-103.2
161752636.7,-103.2
161753369.1,-103.3
161754101.6,-103.3
161754834.0,-103.4
161755566.4,-103.4
161756298.8,-103.4
161757031.2,-103.4
161757763.7,-103.3
161758496.1,-103.3
161759228.5,-103.3
161759960.9,-103.5
161760693.4,-103.5
161761425.8,-103.5
161762158.2,-103.5
161762890.6,-103.5
161763623.0,-103.5
161764355.5,-103.5
161765087.9,-103.6
161765820.3,-103.6
161766552.7,-103.5
161767285.2,-103.5
161768017.6,-103.6
161768750.0,-103.7
161769482.4,-103.7
161770214.8,-103.7
161770947.3,-103.7
161771679.7,-103.7
161772412.1,-103.7
161773144.5,-103.7
161773877.0,-103.8
161774609.4,-103.7
161775341.8,-103.7
161776074.2,-103.8
161776806.6,-103.8
161777539.1,-103.8
161778271.5,-103.8
161779003.9,-103.9
161779736.3,-103.9
161780468.8,-104.0
161781201.2,-104.0
161781933.6,-104.0
161782666.0,-103.8
161783398.4,-103.7
161784130.9,-103.9
161784863.3,-103.9
161785595.7,-104.0
161786328.1,-104.1
161787060.5,-104.1
161787793.0,-104.1
161788525.4,-104.1
161789257.8,-104.1
161789990.2,-104.1
161790722.7,-104.0
161791455.1,-104.0
161792187.5,-104.1
161792919.9,-104.2
161793652.3,-104.2
161794384.8,-104.3
161795117.2,-104.3
161795849.6,-104.3
161796582.0,-104.3
161797314.5,-104.3
161798046.9,-104.3
161798779.3,-104.2
161799511.7,-104.2
161800244.1,-104.4
161800976.6,-104.5
161801709.0,-104.5
161802441.4,-104.5
161803173.8,-104.5
161803906.2,-104.5
161804638.7,-104.5
161805371.1,-104.6
161806103.5,-104.6
161806835.9,-104.4
161807568.4,-104.5
161808300.8,-104.6
161809033.2,-104.7
161809765.6,-104.8
161810498.0,-104.8
161811230.5,-104.8
161811962.9,-104.8
161812695.3,-104.8
161813427.7,-104.9
161814160.2,-104.8
161814892.6,-104.7
161815625.0,-104.8
161816357.4,-105.0
161817089.8,-105.0
161817822.3,-105.0
161818554.7,-105.1
161819287.1,-105.1
161820019.5,-105.1
161820752.0,-105.1
161821484.4,-105.1
161822216.8,-105.1
161822949.2,-105.1
161823681.6,-105.2
161824414.1,-105.3
161825146.5,-105.3
161825878.9,-105.2
161826611.3,-105.3
161827343.8,-105.4
161828076.2,-105.4
161828808.6,-105.5
161829541.0,-105.5
161830273.4,-105.4
161831005.9,-105.3
161831738.3,-105.5
161832470.7,-105.6
161833203.1,-105.6
161833935.5,-105.7
161834668.0,-105.7
161835400.4,-105.8
161836132.8,-105.8
161836865.2,-105.9
161837597.7,-105.9
161838330.1,-105.8
161839062.5,-105.8
161839794.9,-105.9
161840527.3,-106.0
161841259.8,-106.1
161841992.2,-106.1
161842724.6,-106.1
161843457.0,-106.2
161844189.5,-106.3
161844921.9,-106.3
161845654.3,-106.3
161846386.7,-106.2
161847119.1,-106.2
161847851.6,-106.3
161848584.0,-106.5
161849316.4,-106.5
161850048.8,-106.6
161850781.2,-106.6
161851513.7,-106.6
161852246.1,-106.6
161852978.5,-106.7
161853710.9,-106.7
161854443.4,-106.6
161855175.8,-106.6
161855908.2,-106.7
161856640.6,-106.8
161857373.0,-106.9
161858105.5,-106.9
161858837.9,-107.0
161859570.3,-107.0
161860302.7,-107.1
161861035.2,-107.1
161861767.6,-107.1
161862500.0,-107.0
161863232.4,-107.0
161863964.8,-107.2
161864697.3,-107.2
161865429.7,-107.3
161866162.1,-107.4
161866894.5,-107.4
161867627.0,-107.4
161868359.4,-107.5
161869091.8,-107.5
161869824.2,-107.5
161870556.6,-107.4
161871289.1,-107.4
161872021.5,-107.6
161872753.9,-107.7
161873486.3,-107.8
161874218.8,-107.8
161874951.2,-107.9
161875683.6,-107.9
161876416.0,-107.9
161877148.4,-108.0
161877880.9,-107.9
161878613.3,-107.9
161879345.7,-108.0
161880078.1,-108.1
161880810.5,-108.2
161881543.0,-108.2
161882275.4,-108.2
161883007.8,-108.3
161883740.2,-108.4
161884472.7,-108.4
161885205.1,-108.5
161885937.5,-108.5
161886669.9,-108.4
161887402.3,-108.5
161888134.8,-108.6
161888867.2,-108.6
161889599.6,-108.7
161890332.0,-108.8
161891064.5,-108.8
161891796.9,-108.9
161892529.3,-108.9
161893261.7,-108.9
161893994.1,-108.9
161894726.6,-108.9
161895459.0,-108.9
161896191.4,-109.1
161896923.8,-109.1
161897656.2,-109.1
161898388.7,-109.3
161899121.1,-109.4
161899853.5,-109.4
161900585.9,-109.4
161901318.4,-109.5
161902050.8,-109.4
161902783.2,-109.3
161903515.6,-109.4
161904248.0,-109.5
161904980.5,-109.7
161905712.9,-109.7
161906445.3,-109.8
161907177.7,-109.8
161907910.2,-109.8
161908642.6,-109.9
161909375.0,-109.9
161910107.4,-109.9
161910839.8,-109.7
161911572.3,-110.0
161912304.7,-110.1
161913037.1,-110.2
161913769.5,-110.3
161914502.0,-110.3
161915234.4,-110.3
161915966.8,-110.4
161916699.2,-110.5
161917431.6,-110.5
161918164.1,-110.4
161918896.5,-110.3
161919628.9,-110.4
161920361.3,-110.6
161921093.8,-110.8
161921826.2,-110.9
161922558.6,-110.9
161923291.0,-111.0
161924023.4,-111.0
161924755.9,-111.1
161925488.3,-111.2
161926220.7,-111.1
161926953.1,-111.0
161927685.5,-111.2
161928418.0,-111.3
161929150.4,-111.4
161929882.8,-111.5
161930615.2,-111.6
161931347.7,-111.7
161932080.1,-111.7
161932812.5,-111.8
161933544.9,-111.8
161934277.3,-111.7
161935009.8,-111.5
161935742.2,-111.8
161936474.6,-112.0
161937207.0,-112.1
161937939.5,-112.2
161938671.9,-112.3
161939404.3,-112.4
161940136.7,-112.5
161940869.1,-112.5
161941601.6,-112.6
161942334.0,-112.5
161943066.4,-112.4
161943798.8,-112.7
161944531.2,-112.8
161945263.7,-112.9
161945996.1,-113.0
161946728.5,-113.2
161947460.9,-113.2
161948193.4,-113.3
161948925.8,-113.4
161949658.2,-113.4
161950390.6,-113.1
161951123.0,-113.0
161951855.5,-113.4
161952587.9,-113.6
161953320.3,-113.8
161954052.7,-113.9
161954785.2,-114.0
161955517.6,-114.1
161956250.0,-114.2
161956982.4,-114.3
161957714.8,-114.3
161958447.3,-114.2
161959179.7,-114.2
161959912.1,-114.4
161960644.5,-114.5
161961377.0,-114.7
161962109.4,-114.9
161962841.8,-115.0
161963574.2,-115.1
161964306.6,-115.2
161965039.1,-115.2
161965771.5,-115.3
161966503.9,-115.1
161967236.3,-115.1
161967968.8,-115.5
161968701.2,-115.6
161969433.6,-115.8
161970166.0,-115.9
161970898.4,-115.9
161971630.9,-115.9
161972363.3,-115.9
161973095.7,-115.9
161973828.1,-115.8
161974560.5,-115.4
161975293.0,-115.6
161976025.4,-116.1
161976757.8,-116.3
161977490.2,-116.6
161978222.7,-116.9
161978955.1,-117.0
161979687.5,-117.1
161980419.9,-117.2
161981152.3,-117.4
161981884.8,-117.4
161982617.2,-117.3
161983349.6,-117.4
161984082.0,-117.7
161984814.5,-117.9
161985546.9,-118.0
161986279.3,-118.1
161987011.7,-118.2
161987744.1,-118.3
161988476.6,-118.4
161989209.0,-118.6
161989941.4,-118.6
161990673.8,-118.3
161991406.2,-118.5
161992138.7,-118.8
161992871.1,-119.0
161993603.5,-119.1
161994335.9,-119.3
161995068.4,-119.4
161995800.8,-119.4
161996533.2,-119.5
161997265.6,-119.7
161997998.0,-119.6
161998730.5,-119.4
161999462.9,-119.6
162000195.3,-119.8
162000927.7,-120.2
162001660.2,-120.4
162002392.6,-120.4
162003125.0,-120.0
162003857.4,-116.3
162004589.8,-113.5
162005322.3,-118.6
162006054.7,-121.0
162006787.1,-120.8
162007519.5,-121.0
162008252.0,-121.4
162008984.4,-121.6
162009716.8,-121.7
162010449.2,-121.9
162011181.6,-122.0
162011914.1,-122.2
162012646.5,-122.3
162013378.9,-122.3
162014111.3,-122.4
162014843.8,-122.3
162015576.2,-122.6
162016308.6,-122.9
162017041.0,-123.1
162017773.4,-123.2
162018505.9,-123.4
162019238.3,-123.5
162019970.7,-123.6
162020703.1,-123.8
162021435.5,-123.8
162022168.0,-123.7
162022900.4,-123.4
162023632.8,-123.6
162024365.2,-123.5
162025097.7,-123.5
162025830.1,-124.3
162026562.5,-124.7
162027294.9,-124.9
162028027.3,-125.3
162028759.8,-125.4
162029492.2,-125.6
162030224.6,-125.7
162030957.0,-125.6
162031689.5,-126.0
162032421.9,-126.3
162033154.3,-126.5
162033886.7,-126.7
162034619.1,-126.9
162035351.6,-127.1
162036084.0,-127.3
162036816.4,-127.5
162037548.8,-127.7
162038281.2,-127.8
162039013.7,-127.7
162039746.1,-128.1
162040478.5,-128.3
162041210.9,-128.6
162041943.4,-128.9
162042675.8,-129.1
162043408.2,-129.3
162044140.6,-129.5
162044873.0,-129.6
162045605.5,-129.9
162046337.9,-130.0
162047070.3,-130.1
162047802.7,-130.5
162048535.2,-130.8
162049267.6,-131.1
162050000.0,-131.3
162050732.4,-131.5
162051464.8,-131.8
162052197.3,-132.1
162052929.7,-132.3
162053662.1,-132.6
162054394.5,-132.7
162055127.0,-132.9
162055859.4,-133.4
162056591.8,-133.8
162057324.2,-134.0
162058056.6,-134.3
162058789.1,-134.6
162059521.5,-134.9
162060253.9,-135.3
162060986.3,-135.7
162061718.8,-136.0
162062451.2,-136.2
162063183.6,-136.4
162063916.0,-137.0
162064648.4,-137.4
162065380.9,-137.8
162066113.3,-138.3
162066845.7,-138.8
162067578.1,-139.2
162068310.5,-139.7
162069043.0,-140.2
162069775.4,-140.6
162070507.8,-141.0
162071240.2,-141.5
162071972.7,-142.2
162072705.1,-142.9
162073437.5,-143.6
162074169.9,-144.3
162074902.3,-145.0
162075634.8,-145.8
162076367.2,-146.6
162077099.6,-147.5
162077832.0,-148.4
162078564.5,-149.3
162079296.9,-150.3
162080029.3,-151.4
162080761.7,-152.3
162081494.1,-153.0
162082226.6,-153.3
162082959.0,-153.3
162083691.4,-152.8
162084423.8,-152.1
162085156.2,-151.3
162085888.7,-150.4
162086621.1,-149.3
162087353.5,-148.4
162088085.9,-147.8
162088818.4,-147.1
162089550.8,-146.4
162090283.2,-145.7
162091015.6,-145.1
162091748.0,-144.6
162092480.5,-144.0
162093212.9,-143.5
162093945.3,-143.0
162094677.7,-142.3
162095410.2,-141.9
162096142.6,-141.7
162096875.0,-141.3
162097607.4,-141.0
162098339.8,-140.7
162099072.3,-140.4
162099804.7,-140.1
162100537.1,-139.8
162101269.5,-139.5
162102002.0,-139.2
162102734.4,-138.6
162103466.8,-138.5
162104199.2,-138.5
162104931.6,-138.3
162105664.1,-138.1
162106396.5,-137.9
162107128.9,-137.7
162107861.3,-137.5
162108593.8,-137.4
162109326.2,-137.2
162110058.6,-137.0
162110791.0,-136.5
162111523.4,-136.5
162112255.9,-136.4
162112988.3,-136.3
162113720.7,-136.3
162114453.1,-136.2
162115185.5,-136.1
162115918.0,-135.9
162116650.4,-135.8
162117382.8,-135.7
162118115.2,-135.4
162118847.7,-135.0
162119580.1,-135.1
162120312.5,-135.2
162121044.9,-135.1
162121777.3,-135.0
162122509.8,-135.0
162123242.2,-134.9
162123974.6,-134.8
162124707.0,-134.8
162125439.5,-134.7
162126171.9,-134.4
162126904.3,-134.0
162127636.7,-134.1
162128369.1,-134.2
162129101.6,-134.2
162129834.0,-134.2
162130566.4,-134.1
162131298.8,-134.1
162132031.2,-134.0
162132763.7,-133.9
162133496.1,-133.8
162134228.5,-133.7
162134960.9,-133.5
162135693.4,-133.6
162136425.8,-133.6
162137158.2,-133.6
162137890.6,-133.5
162138623.0,-133.5
162139355.5,-133.5
162140087.9,-133.5
162140820.3,-133.5
162141552.7,-133.4
162142285.2,-133.3
162143017.6,-133.0
162143750.0,-133.1
162144482.4,-133.2
162145214.8,-133.2
162145947.3,-133.2
162146679.7,-133.2
162147412.1,-133.2
162148144.5,-133.1
162148877.0,-133.2
162149609.4,-133.1
162150341.8,-133.0
162151074.2,-132.7
162151806.6,-132.9
162152539.1,-132.9
162153271.5,-132.9
162154003.9,-133.0
162154736.3,-133.0
162155468.8,-133.0
162156201.2,-133.0
162156933.6,-132.9
162157666.0,-132.9
162158398.4,-132.8
162159130.9,-132.6
162159863.3,-132.8
162160595.7,-132.8
162161328.1,-132.8
162162060.5,-132.8
162162793.0,-132.8
162163525.4,-132.7
162164257.8,-132.7
162164990.2,-132.7
162165722.7,-132.7
162166455.1,-132.6
162167187.5,-132.5
162167919.9,-132.6
162168652.3,-132.6
162169384.8,-132.7
162170117.2,-132.7
162170849.6,-132.7
162171582.0,-132.7
162172314.5,-132.7
162173046.9,-132.7
162173779.3,-132.6
162174511.7,-132.4
162175244.1,-132.2
162175976.6,-132.5
162176709.0,-132.6
162177441.4,-132.7
162178173.8,-132.6
162178906.2,-132.6
162179638.7,-132.6
162180371.1,-132.6
162181103.5,-132.6
162181835.9,-132.6
162182568.4,-132.4
162183300.8,-132.4
162184033.2,-132.5
162184765.6,-132.6
162185498.0,-132.6
162186230.5,-132.6
162186962.9,-132.6
162187695.3,-132.6
162188427.7,-132.6
162189160.2,-132.6
162189892.6,-132.6
162190625.0,-132.3
162191357.4,-132.3
162192089.8,-132.6
162192822.3,-132.6
162193554.7,-132.6
162194287.1,-132.6
162195019.5,-132.5
162195752.0,-132.6
162196484.4,-132.6
162197216.8,-132.7
162197949.2,-132.7
162198681.6,-132.4
162199414.1,-132.4
162200146.5,-132.6
162200878.9,-132.5
162201611.3,-132.5
162202343.8,-132.7
162203076.2,-132.7
162203808.6,-132.7
162204541.0,-132.8
162205273.4,-132.7
162206005.9,-132.7
162206738.3,-132.5
162207470.7,-132.5
162208203.1,-132.8
162208935.5,-132.8
162209668.0,-132.7
162210400.4,-132.7
162211132.8,-132.8
162211865.2,-132.8
162212597.7,-132.8
162213330.1,-132.8
162214062.5,-132.8
162214794.9,-132.6
162215527.3,-132.7
162216259.8,-132.8
162216992.2,-132.8
162217724.6,-132.9
162218457.0,-132.9
162219189.5,-133.0
162219921.9,-133.0
162220654.3,-132.9
162221386.7,-132.9
162222119.1,-132.9
162222851.6,-132.8
162223584.0,-132.9
162224316.4,-133.0
162225048.8,-133.0
162225781.2,-133.0
162226513.7,-133.0
162227246.1,-133.1
162227978.5,-133.1
162228710.9,-133.1
162229443.4,-133.1
162230175.8,-133.0
162230908.2,-132.8
162231640.6,-132.9
162232373.0,-133.0
162233105.5,-133.1
162233837.9,-133.1
162234570.3,-133.1
162235302.7,-133.2
162236035.2,-133.2
162236767.6,-133.2
