# freq_hz,psd_db_per_hz
156412500.0,-136.9
156413232.4,-136.9
156413964.8,-137.0
156414697.3,-137.0
156415429.7,-136.9
156416162.1,-136.8
156416894.5,-136.7
156417627.0,-136.9
156418359.4,-137.0
156419091.8,-136.9
156419824.2,-136.9
156420556.6,-136.9
156421289.1,-136.8
156422021.5,-136.9
156422753.9,-136.9
156423486.3,-136.8
156424218.8,-136.8
156424951.2,-136.7
156425683.6,-136.9
156426416.0,-136.9
156427148.4,-136.9
156427880.9,-136.8
156428613.3,-136.8
156429345.7,-136.9
156430078.1,-136.9
156430810.5,-136.9
156431543.0,-136.9
156432275.4,-136.7
156433007.8,-136.7
156433740.2,-136.8
156434472.7,-136.8
156435205.1,-136.9
156435937.5,-136.8
156436669.9,-136.7
156437402.3,-136.8
156438134.8,-136.8
156438867.2,-136.7
156439599.6,-136.7
156440332.0,-136.7
156441064.5,-136.8
156441796.9,-136.7
156442529.3,-136.8
156443261.7,-136.9
156443994.1,-136.8
156444726.6,-136.8
156445459.0,-136.9
156446191.4,-136.9
156446923.8,-136.7
156447656.2,-136.7
156448388.7,-136.7
156449121.1,-136.7
156449853.5,-136.7
156450585.9,-136.8
156451318.4,-136.8
156452050.8,-136.7
156452783.2,-136.6
156453515.6,-136.8
156454248.0,-136.7
156454980.5,-136.6
156455712.9,-136.7
156456445.3,-136.8
156457177.7,-136.7
156457910.2,-136.8
156458642.6,-136.8
156459375.0,-136.9
156460107.4,-136.8
156460839.8,-136.8
156461572.3,-136.8
156462304.7,-136.8
156463037.1,-136.8
156463769.5,-136.8
156464502.0,-136.8
156465234.4,-136.7
156465966.8,-136.7
156466699.2,-136.8
156467431.6,-136.8
156468164.1,-136.8
156468896.5,-136.7
156469628.9,-136.8
156470361.3,-136.8
156471093.8,-136.8
156471826.2,-136.8
156472558.6,-136.8
156473291.0,-136.9
156474023.4,-136.9
156474755.9,-136.8
156475488.3,-136.8
156476220.7,-136.8
156476953.1,-136.9
156477685.5,-136.8
156478418.0,-136.8
156479150.4,-136.9
156479882.8,-136.9
156480615.2,-136.9
156481347.7,-137.0
156482080.1,-136.9
156482812.5,-136.9
156483544.9,-137.1
156484277.3,-137.0
156485009.8,-136.9
156485742.2,-137.0
156486474.6,-137.1
156487207.0,-137.0
156487939.5,-136.9
156488671.9,-137.1
156489404.3,-137.1
156490136.7,-137.1
156490869.1,-137.1
156491601.6,-137.0
156492334.0,-137.0
156493066.4,-137.1
156493798.8,-137.2
156494531.2,-137.1
156495263.7,-137.1
156495996.1,-137.2
156496728.5,-137.2
156497460.9,-137.3
156498193.4,-137.4
156498925.8,-137.5
156499658.2,-137.5
156500390.6,-137.6
156501123.0,-137.5
156501855.5,-137.6
156502587.9,-137.5
156503320.3,-137.4
156504052.7,-137.5
156504785.2,-137.6
156505517.6,-137.6
156506250.0,-137.5
156506982.4,-137.6
156507714.8,-137.8
156508447.3,-137.8
156509179.7,-137.8
156509912.1,-137.8
156510644.5,-137.8
156511377.0,-138.0
156512109.4,-138.1
156512841.8,-138.2
156513574.2,-138.2
156514306.6,-138.2
156515039.1,-138.2
156515771.5,-138.3
156516503.9,-138.4
156517236.3,-138.5
156517968.8,-138.5
156518701.2,-138.4
156519433.6,-138.4
156520166.0,-138.5
156520898.4,-138.4
156521630.9,-138.7
156522363.3,-138.9
156523095.7,-138.9
156523828.1,-139.0
156524560.5,-139.0
156525293.0,-139.1
156526025.4,-139.2
156526757.8,-139.3
156527490.2,-139.4
156528222.7,-139.5
156528955.1,-139.6
156529687.5,-139.7
156530419.9,-139.8
156531152.3,-139.9
156531884.8,-140.1
156532617.2,-140.2
156533349.6,-140.2
156534082.0,-140.4
156534814.5,-140.5
156535546.9,-140.7
156536279.3,-140.8
156537011.7,-140.9
156537744.1,-141.0
156538476.6,-141.1
156539209.0,-141.4
156539941.4,-141.5
156540673.8,-141.6
156541406.2,-141.8
156542138.7,-141.9
156542871.1,-142.1
156543603.5,-142.2
156544335.9,-142.4
156545068.4,-142.7
156545800.8,-142.9
156546533.2,-143.0
156547265.6,-143.3
156547998.0,-143.7
156548730.5,-143.9
156549462.9,-144.1
156550195.3,-144.3
156550927.7,-144.6
156551660.2,-144.9
156552392.6,-145.2
156553125.0,-145.5
156553857.4,-145.9
156554589.8,-146.3
156555322.3,-146.6
156556054.7,-146.9
156556787.1,-147.3
156557519.5,-147.7
156558252.0,-148.1
156558984.4,-148.5
156559716.8,-149.0
156560449.2,-149.5
156561181.6,-150.0
156561914.1,-150.6
156562646.5,-151.2
156563378.9,-151.7
156564111.3,-152.1
156564843.8,-152.4
156565576.2,-152.8
156566308.6,-153.2
156567041.0,-153.4
156567773.4,-153.5
156568505.9,-153.3
156569238.3,-153.0
156569970.7,-152.6
156570703.1,-152.0
156571435.5,-151.5
156572168.0,-150.9
156572900.4,-150.3
156573632.8,-149.6
156574365.2,-148.9
156575097.7,-148.3
156575830.1,-147.7
156576562.5,-147.1
156577294.9,-146.5
156578027.3,-146.1
156578759.8,-145.7
156579492.2,-145.0
156580224.6,-144.7
156580957.0,-144.1
156581689.5,-143.5
156582421.9,-143.1
156583154.3,-142.7
156583886.7,-142.3
156584619.1,-141.8
156585351.6,-141.5
156586084.0,-141.2
156586816.4,-140.8
156587548.8,-140.4
156588281.2,-140.1
156589013.7,-139.8
156589746.1,-139.5
156590478.5,-139.2
156591210.9,-138.9
156591943.4,-138.5
156592675.8,-138.2
156593408.2,-137.9
156594140.6,-137.5
156594873.0,-137.2
156595605.5,-136.9
156596337.9,-136.7
156597070.3,-136.4
156597802.7,-136.2
156598535.2,-136.0
156599267.6,-135.7
156600000.0,-135.4
156600732.4,-135.2
156601464.8,-135.0
156602197.3,-134.7
156602929.7,-134.5
156603662.1,-134.2
156604394.5,-134.0
156605127.0,-133.9
156605859.4,-133.7
156606591.8,-133.4
156607324.2,-133.1
156608056.6,-132.8
156608789.1,-132.7
156609521.5,-132.5
156610253.9,-132.4
156610986.3,-132.2
156611718.8,-132.0
156612451.2,-131.7
156613183.6,-131.6
156613916.0,-131.4
156614648.4,-131.1
156615380.9,-131.0
156616113.3,-130.8
156616845.7,-130.7
156617578.1,-130.6
156618310.5,-130.4
156619043.0,-130.2
156619775.4,-130.1
156620507.8,-129.9
156621240.2,-129.7
156621972.7,-129.5
156622705.1,-129.3
156623437.5,-128.9
156624169.9,-128.6
156624902.3,-128.7
156625634.8,-128.7
156626367.2,-128.6
156627099.6,-128.5
156627832.0,-128.3
156628564.5,-128.1
156629296.9,-127.9
156630029.3,-127.8
156630761.7,-127.7
156631494.1,-127.6
156632226.6,-127.3
156632959.0,-127.2
156633691.4,-127.1
156634423.8,-127.0
156635156.2,-126.8
156635888.7,-126.7
156636621.1,-126.6
156637353.5,-126.5
156638085.9,-126.2
156638818.4,-126.1
156639550.8,-125.9
156640283.2,-125.8
156641015.6,-125.8
156641748.0,-125.6
156642480.5,-125.5
156643212.9,-125.3
156643945.3,-125.1
156644677.7,-125.1
156645410.2,-125.0
156646142.6,-124.8
156646875.0,-124.6
156647607.4,-124.5
156648339.8,-124.4
156649072.3,-124.3
156649804.7,-124.3
156650537.1,-124.1
156651269.5,-124.0
156652002.0,-123.8
156652734.4,-123.7
156653466.8,-123.2
156654199.2,-123.2
156654931.6,-123.3
156655664.1,-123.2
156656396.5,-123.1
156657128.9,-123.0
156657861.3,-122.8
156658593.8,-122.8
156659326.2,-122.6
156660058.6,-122.6
156660791.0,-122.5
156661523.4,-122.5
156662255.9,-122.3
156662988.3,-122.0
156663720.7,-122.0
156664453.1,-121.9
156665185.5,-121.9
156665918.0,-121.6
156666650.4,-120.6
156667382.8,-121.0
156668115.2,-121.5
156668847.7,-121.4
156669580.1,-121.2
156670312.5,-120.9
156671044.9,-121.1
156671777.3,-121.0
156672509.8,-120.9
156673242.2,-120.8
156673974.6,-120.6
156674707.0,-120.6
156675439.5,-120.5
156676171.9,-120.5
156676904.3,-120.3
156677636.7,-120.1
156678369.1,-120.0
156679101.6,-120.0
156679834.0,-119.8
156680566.4,-119.7
156681298.8,-119.7
156682031.2,-119.7
156682763.7,-119.7
156683496.1,-119.5
156684228.5,-119.4
156684960.9,-119.4
156685693.4,-119.4
156686425.8,-119.1
156687158.2,-119.0
156687890.6,-118.8
156688623.0,-118.7
156689355.5,-118.7
156690087.9,-118.7
156690820.3,-118.7
156691552.7,-118.5
156692285.2,-118.4
156693017.6,-118.3
156693750.0,-118.3
156694482.4,-118.2
156695214.8,-118.1
156695947.3,-118.0
156696679.7,-117.9
156697412.1,-117.8
156698144.5,-117.7
156698877.0,-117.7
156699609.4,-117.6
156700341.8,-117.6
156701074.2,-117.6
156701806.6,-117.4
156702539.1,-117.3
156703271.5,-117.2
156704003.9,-117.1
156704736.3,-117.0
156705468.8,-117.0
156706201.2,-117.0
156706933.6,-116.9
156707666.0,-116.8
156708398.4,-116.7
156709130.9,-116.6
156709863.3,-116.5
156710595.7,-116.4
156711328.1,-116.4
156712060.5,-116.4
156712793.0,-116.3
156713525.4,-116.2
156714257.8,-116.2
156714990.2,-116.1
156715722.7,-115.9
156716455.1,-116.0
156717187.5,-115.8
156717919.9,-115.8
156718652.3,-115.6
156719384.8,-115.6
156720117.2,-115.5
156720849.6,-115.5
156721582.0,-115.5
156722314.5,-115.4
156723046.9,-115.5
156723779.3,-115.4
156724511.7,-115.2
156725244.1,-115.0
156725976.6,-114.9
156726709.0,-115.0
156727441.4,-114.9
156728173.8,-114.8
156728906.2,-114.8
156729638.7,-114.8
156730371.1,-114.8
156731103.5,-114.7
156731835.9,-114.6
156732568.4,-114.5
156733300.8,-114.5
156734033.2,-114.3
156734765.6,-114.3
156735498.0,-114.2
156736230.5,-114.1
156736962.9,-114.2
156737695.3,-114.1
156738427.7,-114.2
156739160.2,-114.1
156739892.6,-114.0
156740625.0,-113.9
156741357.4,-113.8
156742089.8,-113.7
156742822.3,-113.6
156743554.7,-113.6
156744287.1,-113.6
156745019.5,-113.6
156745752.0,-113.5
156746484.4,-113.4
156747216.8,-113.4
156747949.2,-113.4
156748681.6,-113.2
156749414.1,-113.1
156750146.5,-113.1
156750878.9,-113.1
156751611.3,-113.0
156752343.8,-112.9
156753076.2,-113.0
156753808.6,-112.9
156754541.0,-112.8
156755273.4,-112.8
156756005.9,-112.6
156756738.3,-112.6
156757470.7,-112.6
156758203.1,-112.6
156758935.5,-112.6
156759668.0,-112.5
156760400.4,-112.4
156761132.8,-112.3
156761865.2,-112.3
156762597.7,-112.3
156763330.1,-112.3
156764062.5,-112.2
156764794.9,-112.2
156765527.3,-112.0
156766259.8,-112.0
156766992.2,-111.9
156767724.6,-111.9
156768457.0,-111.9
156769189.5,-111.8
156769921.9,-111.7
156770654.3,-111.8
156771386.7,-111.7
156772119.1,-111.7
156772851.6,-111.7
156773584.0,-111.6
156774316.4,-111.5
156775048.8,-111.5
156775781.2,-111.4
156776513.7,-111.4
156777246.1,-111.3
156777978.5,-111.3
156778710.9,-111.3
156779443.4,-111.2
156780175.8,-111.3
156780908.2,-111.2
156781640.6,-111.2
156782373.0,-111.0
156783105.5,-111.1
156783837.9,-111.0
156784570.3,-111.0
156785302.7,-111.0
156786035.2,-110.9
156786767.6,-110.8
156787500.0,-110.9
156788232.4,-110.8
156788964.8,-110.7
156789697.3,-110.7
156790429.7,-110.7
156791162.1,-110.6
156791894.5,-110.4
156792627.0,-110.5
156793359.4,-110.5
156794091.8,-110.4
156794824.2,-110.4
156795556.6,-110.3
156796289.1,-110.3
156797021.5,-110.2
156797753.9,-110.3
156798486.3,-110.2
156799218.8,-110.1
156799951.2,-110.1
156800683.6,-110.0
156801416.0,-110.0
156802148.4,-110.0
156802880.9,-110.0
156803613.3,-110.0
156804345.7,-110.0
156805078.1,-109.9
156805810.5,-109.9
156806543.0,-109.8
156807275.4,-109.7
156808007.8,-109.7
156808740.2,-109.8
156809472.7,-109.7
156810205.1,-109.7
156810937.5,-109.7
156811669.9,-109.6
156812402.3,-109.6
156813134.8,-109.4
156813867.2,-109.4
156814599.6,-109.4
156815332.0,-109.3
156816064.5,-109.3
156816796.9,-109.3
156817529.3,-109.2
156818261.7,-109.3
156818994.1,-109.4
156819726.6,-109.3
156820459.0,-109.4
156821191.4,-109.3
156821923.8,-109.1
156822656.2,-109.0
156823388.7,-109.1
156824121.1,-109.1
156824853.5,-109.1
156825585.9,-109.1
156826318.4,-109.1
156827050.8,-109.0
156827783.2,-108.9
156828515.6,-109.0
156829248.0,-109.1
156829980.5,-109.0
156830712.9,-108.8
156831445.3,-108.7
156832177.7,-108.7
156832910.2,-108.6
156833642.6,-108.7
156834375.0,-108.7
156835107.4,-108.7
156835839.8,-108.7
156836572.3,-108.7
156837304.7,-108.6
156838037.1,-108.5
156838769.5,-108.5
156839502.0,-108.4
156840234.4,-108.4
156840966.8,-108.5
156841699.2,-108.4
156842431.6,-108.5
156843164.1,-108.4
156843896.5,-108.4
156844628.9,-108.3
156845361.3,-108.0
156846093.8,-107.7
156846826.2,-108.2
156847558.6,-108.2
156848291.0,-108.2
156849023.4,-108.2
156849755.9,-108.3
156850488.3,-108.1
156851220.7,-108.1
156851953.1,-108.2
156852685.5,-108.2
156853418.0,-108.1
156854150.4,-107.9
156854882.8,-107.7
156855615.2,-108.0
156856347.7,-108.0
156857080.1,-108.0
156857812.5,-108.0
156858544.9,-108.0
156859277.3,-107.7
156860009.8,-107.8
156860742.2,-108.0
156861474.6,-107.9
156862207.0,-107.9
156862939.5,-107.9
156863671.9,-107.8
156864404.3,-107.8
156865136.7,-107.8
156865869.1,-107.8
156866601.6,-107.8
156867334.0,-107.8
156868066.4,-107.7
156868798.8,-107.7
156869531.2,-107.7
156870263.7,-107.8
156870996.1,-107.7
156871728.5,-107.5
156872460.9,-107.6
156873193.4,-107.7
156873925.8,-107.5
156874658.2,-107.5
156875390.6,-107.6
156876123.0,-107.7
156876855.5,-107.6
156877587.9,-107.6
156878320.3,-107.6
156879052.7,-107.4
156879785.2,-107.4
156880517.6,-107.4
156881250.0,-107.6
156881982.4,-107.6
156882714.8,-107.4
156883447.3,-107.5
156884179.7,-107.4
156884912.1,-107.4
156885644.5,-107.4
156886377.0,-107.3
156887109.4,-107.3
156887841.8,-107.3
156888574.2,-107.2
156889306.6,-107.3
156890039.1,-107.4
156890771.5,-107.3
156891503.9,-107.2
156892236.3,-106.7
156892968.8,-104.9
156893701.2,-106.3
156894433.6,-107.1
156895166.0,-107.1
156895898.4,-107.1
156896630.9,-107.0
156897363.3,-107.1
156898095.7,-107.1
156898828.1,-107.2
156899560.5,-107.1
156900293.0,-107.2
156901025.4,-107.1
156901757.8,-107.1
156902490.2,-107.1
156903222.7,-107.1
156903955.1,-107.0
156904687.5,-107.0
156905419.9,-107.1
156906152.3,-107.0
156906884.8,-106.9
156907617.2,-107.1
156908349.6,-107.1
156909082.0,-107.0
156909814.5,-107.0
156910546.9,-107.0
156911279.3,-106.9
156912011.7,-106.9
156912744.1,-107.0
156913476.6,-106.9
156914209.0,-106.8
156914941.4,-106.9
156915673.8,-107.0
156916406.2,-106.8
156917138.7,-106.9
156917871.1,-106.9
156918603.5,-106.9
156919335.9,-106.8
156920068.4,-106.8
156920800.8,-106.9
156921533.2,-106.8
156922265.6,-106.9
156922998.0,-106.8
156923730.5,-106.8
156924462.9,-106.8
156925195.3,-106.7
156925927.7,-106.8
156926660.2,-106.8
156927392.6,-106.9
156928125.0,-106.8
156928857.4,-106.7
156929589.8,-106.6
156930322.3,-106.7
156931054.7,-106.7
156931787.1,-106.6
156932519.5,-106.6
156933252.0,-106.7
156933984.4,-106.7
156934716.8,-106.7
156935449.2,-106.6
156936181.6,-106.6
156936914.1,-106.7
156937646.5,-106.7
156938378.9,-106.6
156939111.3,-106.6
156939843.8,-106.6
156940576.2,-106.6
156941308.6,-106.7
156942041.0,-106.5
156942773.4,-106.4
156943505.9,-106.5
156944238.3,-106.4
156944970.7,-106.6
156945703.1,-106.7
156946435.5,-106.7
156947168.0,-106.7
156947900.4,-106.6
156948632.8,-106.5
156949365.2,-106.6
156950097.7,-106.5
156950830.1,-106.4
156951562.5,-106.5
156952294.9,-106.6
156953027.3,-106.5
156953759.8,-106.6
156954492.2,-106.5
156955224.6,-106.5
156955957.0,-106.5
156956689.5,-106.5
156957421.9,-106.5
156958154.3,-106.6
156958886.7,-106.7
156959619.1,-106.5
156960351.6,-106.5
156961084.0,-106.5
156961816.4,-106.5
156962548.8,-106.6
156963281.2,-106.5
156964013.7,-106.5
156964746.1,-106.6
156965478.5,-106.5
156966210.9,-106.5
156966943.4,-106.6
156967675.8,-106.6
156968408.2,-106.6
156969140.6,-106.7
156969873.0,-106.6
156970605.5,-106.5
156971337.9,-106.6
156972070.3,-106.6
156972802.7,-106.6
156973535.2,-106.6
156974267.6,-106.7
156975000.0,-106.7
156975732.4,-106.5
156976464.8,-106.5
156977197.3,-106.5
156977929.7,-106.7
156978662.1,-106.7
156979394.5,-106.6
156980127.0,-106.6
156980859.4,-106.6
156981591.8,-106.5
156982324.2,-106.4
156983056.6,-106.4
156983789.1,-106.5
156984521.5,-106.7
156985253.9,-106.7
156985986.3,-106.6
156986718.8,-106.5
156987451.2,-106.5
156988183.6,-106.7
156988916.0,-106.7
156989648.4,-106.7
156990380.9,-106.6
156991113.3,-106.6
156991845.7,-106.6
156992578.1,-106.6
156993310.5,-106.6
156994043.0,-106.6
156994775.4,-106.7
156995507.8,-106.7
156996240.2,-106.6
156996972.7,-106.5
156997705.1,-106.7
156998437.5,-106.5
156999169.9,-106.5
156999902.3,-106.6
157000634.8,-106.7
157001367.2,-106.8
157002099.6,-106.7
157002832.0,-106.7
157003564.5,-106.7
157004296.9,-106.6
157005029.3,-106.7
157005761.7,-106.7
157006494.1,-106.6
157007226.6,-106.8
157007959.0,-106.7
157008691.4,-106.7
157009423.8,-106.7
157010156.2,-106.8
157010888.7,-106.9
157011621.1,-106.8
157012353.5,-106.8
157013085.9,-106.8
157013818.4,-106.8
157014550.8,-106.7
157015283.2,-106.7
157016015.6,-106.6
157016748.0,-106.7
157017480.5,-106.7
157018212.9,-106.7
157018945.3,-106.7
157019677.7,-106.7
157020410.2,-106.7
157021142.6,-106.8
157021875.0,-106.8
157022607.4,-106.8
157023339.8,-106.7
157024072.3,-106.4
157024804.7,-102.8
157025537.1,-103.3
157026269.5,-106.7
157027002.0,-106.9
157027734.4,-106.9
157028466.8,-106.8
157029199.2,-106.8
157029931.6,-106.8
157030664.1,-106.7
157031396.5,-106.8
157032128.9,-106.8
157032861.3,-106.9
157033593.8,-106.9
157034326.2,-106.9
157035058.6,-106.9
157035791.0,-106.9
157036523.4,-106.9
157037255.9,-106.9
157037988.3,-106.9
157038720.7,-106.8
157039453.1,-106.8
157040185.5,-106.8
157040918.0,-106.8
157041650.4,-106.9
157042382.8,-106.9
157043115.2,-106.9
157043847.7,-106.8
157044580.1,-106.8
157045312.5,-106.9
157046044.9,-107.0
157046777.3,-106.9
157047509.8,-106.9
157048242.2,-106.8
157048974.6,-106.8
157049707.0,-106.8
157050439.5,-106.9
157051171.9,-106.9
157051904.3,-107.0
157052636.7,-106.9
157053369.1,-107.0
157054101.6,-107.0
157054834.0,-106.9
157055566.4,-106.6
157056298.8,-106.7
157057031.2,-107.0
157057763.7,-107.0
157058496.1,-106.9
157059228.5,-106.9
157059960.9,-106.9
157060693.4,-106.9
157061425.8,-106.9
157062158.2,-106.9
157062890.6,-107.0
157063623.0,-107.0
157064355.5,-106.8
157065087.9,-107.0
157065820.3,-107.0
157066552.7,-107.0
157067285.2,-107.0
157068017.6,-107.1
157068750.0,-107.0
157069482.4,-107.0
157070214.8,-107.0
157070947.3,-107.0
157071679.7,-107.0
157072412.1,-107.0
157073144.5,-107.0
157073877.0,-107.1
157074609.4,-107.0
157075341.8,-107.1
157076074.2,-107.0
157076806.6,-107.1
157077539.1,-107.1
157078271.5,-107.0
157079003.9,-107.0
157079736.3,-107.0
157080468.8,-106.9
157081201.2,-107.0
157081933.6,-107.0
157082666.0,-107.1
157083398.4,-107.1
157084130.9,-107.1
157084863.3,-107.1
157085595.7,-107.1
157086328.1,-107.1
157087060.5,-107.1
157087793.0,-107.1
157088525.4,-107.1
157089257.8,-107.1
157089990.2,-107.1
157090722.7,-107.1
157091455.1,-107.1
157092187.5,-107.1
157092919.9,-107.1
157093652.3,-107.2
157094384.8,-107.0
157095117.2,-107.0
157095849.6,-107.1
157096582.0,-107.2
157097314.5,-107.2
157098046.9,-107.1
157098779.3,-107.1
157099511.7,-107.1
157100244.1,-107.1
157100976.6,-107.0
157101709.0,-107.1
157102441.4,-107.1
157103173.8,-107.0
157103906.2,-107.1
157104638.7,-107.2
157105371.1,-107.1
157106103.5,-107.1
157106835.9,-107.2
157107568.4,-107.2
157108300.8,-107.2
157109033.2,-107.1
157109765.6,-107.2
157110498.0,-107.2
157111230.5,-107.1
157111962.9,-107.1
157112695.3,-107.2
157113427.7,-107.3
157114160.2,-107.3
157114892.6,-107.2
157115625.0,-107.1
157116357.4,-107.2
157117089.8,-107.2
157117822.3,-107.2
157118554.7,-106.6
157119287.1,-104.0
157120019.5,-105.4
157120752.0,-107.3
157121484.4,-107.4
157122216.8,-107.3
157122949.2,-107.2
157123681.6,-107.3
157124414.1,-107.2
157125146.5,-107.2
157125878.9,-107.3
157126611.3,-107.2
157127343.8,-107.2
157128076.2,-107.2
157128808.6,-107.1
157129541.0,-107.2
157130273.4,-107.3
157131005.9,-107.3
157131738.3,-107.3
157132470.7,-107.3
157133203.1,-107.4
157133935.5,-107.4
157134668.0,-107.3
157135400.4,-107.2
157136132.8,-107.3
157136865.2,-107.3
157137597.7,-107.3
157138330.1,-107.2
157139062.5,-107.3
157139794.9,-107.4
157140527.3,-107.3
157141259.8,-107.4
157141992.2,-107.4
157142724.6,-107.3
157143457.0,-107.2
157144189.5,-107.2
157144921.9,-107.3
157145654.3,-107.3
157146386.7,-107.3
157147119.1,-107.4
157147851.6,-107.3
157148584.0,-107.3
157149316.4,-107.3
157150048.8,-107.2
157150781.2,-107.3
157151513.7,-107.3
157152246.1,-107.3
157152978.5,-107.2
157153710.9,-107.2
157154443.4,-107.3
157155175.8,-107.4
157155908.2,-107.4
157156640.6,-107.3
157157373.0,-107.3
157158105.5,-107.4
157158837.9,-107.3
157159570.3,-107.3
157160302.7,-107.3
157161035.2,-107.3
157161767.6,-107.3
157162500.0,-107.4
157163232.4,-107.4
157163964.8,-107.3
157164697.3,-107.5
157165429.7,-107.4
157166162.1,-107.3
157166894.5,-107.3
157167627.0,-107.4
157168359.4,-107.3
157169091.8,-107.4
157169824.2,-107.4
157170556.6,-107.4
157171289.1,-107.3
157172021.5,-107.4
157172753.9,-107.5
157173486.3,-107.5
157174218.8,-107.4
157174951.2,-107.4
157175683.6,-107.3
157176416.0,-107.3
157177148.4,-107.4
157177880.9,-107.5
157178613.3,-107.4
157179345.7,-107.4
157180078.1,-107.5
157180810.5,-107.3
157181543.0,-107.3
157182275.4,-107.3
157183007.8,-107.3
157183740.2,-107.2
157184472.7,-107.3
157185205.1,-107.3
157185937.5,-107.4
157186669.9,-107.4
157187402.3,-107.4
157188134.8,-107.3
157188867.2,-107.3
157189599.6,-107.3
157190332.0,-107.3
157191064.5,-107.3
157191796.9,-107.3
157192529.3,-107.3
157193261.7,-107.2
157193994.1,-107.2
157194726.6,-107.3
157195459.0,-107.3
157196191.4,-107.3
157196923.8,-107.4
157197656.2,-107.4
157198388.7,-107.3
157199121.1,-107.3
157199853.5,-107.3
157200585.9,-107.3
157201318.4,-107.2
157202050.8,-107.3
157202783.2,-107.4
157203515.6,-106.6
157204248.0,-105.3
157204980.5,-106.7
157205712.9,-107.3
157206445.3,-107.3
157207177.7,-107.3
157207910.2,-107.4
157208642.6,-107.3
157209375.0,-107.4
157210107.4,-107.3
157210839.8,-107.3
157211572.3,-107.3
157212304.7,-107.2
157213037.1,-107.3
157213769.5,-107.4
157214502.0,-107.3
157215234.4,-107.3
157215966.8,-107.3
157216699.2,-107.3
157217431.6,-107.4
157218164.1,-107.4
157218896.5,-107.3
157219628.9,-107.3
157220361.3,-107.3
157221093.8,-107.4
157221826.2,-107.4
157222558.6,-107.2
157223291.0,-107.2
157224023.4,-107.3
157224755.9,-107.2
157225488.3,-107.3
157226220.7,-107.2
157226953.1,-107.2
157227685.5,-107.3
157228418.0,-107.3
157229150.4,-107.2
157229882.8,-107.2
157230615.2,-107.2
157231347.7,-107.2
157232080.1,-107.2
157232812.5,-107.1
157233544.9,-107.3
157234277.3,-107.4
157235009.8,-107.3
157235742.2,-107.2
157236474.6,-107.2
157237207.0,-107.2
157237939.5,-107.1
157238671.9,-107.2
157239404.3,-107.3
157240136.7,-107.1
157240869.1,-107.2
157241601.6,-107.2
157242334.0,-107.2
157243066.4,-107.2
157243798.8,-107.2
157244531.2,-107.3
157245263.7,-107.4
157245996.1,-107.3
157246728.5,-107.2
157247460.9,-107.1
157248193.4,-107.1
157248925.8,-107.1
157249658.2,-107.2
157250390.6,-107.2
157251123.0,-107.2
157251855.5,-107.2
157252587.9,-107.2
157253320.3,-107.2
157254052.7,-107.2
157254785.2,-107.2
157255517.6,-107.1
157256250.0,-107.0
157256982.4,-106.8
157257714.8,-107.1
157258447.3,-107.1
157259179.7,-107.1
157259912.1,-107.1
157260644.5,-107.1
157261377.0,-107.3
157262109.4,-107.3
157262841.8,-107.2
157263574.2,-107.2
157264306.6,-107.1
157265039.1,-107.3
157265771.5,-107.2
157266503.9,-107.2
157267236.3,-107.2
157267968.8,-107.1
157268701.2,-107.2
157269433.6,-107.2
157270166.0,-107.3
157270898.4,-107.1
157271630.9,-107.1
157272363.3,-107.1
157273095.7,-107.1
157273828.1,-107.1
157274560.5,-107.0
157275293.0,-107.2
157276025.4,-107.3
157276757.8,-107.3
157277490.2,-107.2
157278222.7,-107.1
157278955.1,-107.1
157279687.5,-107.2
157280419.9,-107.1
157281152.3,-107.1
157281884.8,-107.2
157282617.2,-107.2
157283349.6,-107.1
157284082.0,-107.2
157284814.5,-107.1
157285546.9,-107.1
157286279.3,-107.2
157287011.7,-107.2
157287744.1,-107.1
157288476.6,-107.2
157289209.0,-107.1
157289941.4,-107.1
157290673.8,-107.1
157291406.2,-107.1
157292138.7,-107.2
157292871.1,-107.2
157293603.5,-107.2
157294335.9,-107.1
157295068.4,-107.0
157295800.8,-107.0
157296533.2,-107.0
157297265.6,-107.1
157297998.0,-107.2
157298730.5,-107.2
157299462.9,-107.1
157300195.3,-107.1
157300927.7,-107.2
157301660.2,-107.1
157302392.6,-107.1
157303125.0,-107.1
157303857.4,-107.0
157304589.8,-107.1
157305322.3,-107.0
157306054.7,-106.9
157306787.1,-107.1
157307519.5,-107.1
157308252.0,-107.0
157308984.4,-107.0
157309716.8,-107.0
157310449.2,-107.0
157311181.6,-107.1
157311914.1,-107.1
157312646.5,-107.0
157313378.9,-106.9
157314111.3,-107.0
157314843.8,-107.0
157315576.2,-107.0
157316308.6,-106.9
157317041.0,-107.0
157317773.4,-107.1
157318505.9,-107.0
157319238.3,-107.0
157319970.7,-106.9
157320703.1,-107.0
157321435.5,-107.1
157322168.0,-107.0
157322900.4,-107.1
157323632.8,-107.0
157324365.2,-107.0
157325097.7,-107.1
157325830.1,-107.0
157326562.5,-107.0
157327294.9,-106.9
157328027.3,-106.8
157328759.8,-106.9
157329492.2,-107.0
157330224.6,-106.9
157330957.0,-106.9
157331689.5,-106.9
157332421.9,-107.0
157333154.3,-107.0
157333886.7,-106.9
157334619.1,-106.7
157335351.6,-106.9
157336084.0,-107.0
157336816.4,-107.0
157337548.8,-107.0
157338281.2,-107.0
157339013.7,-107.0
157339746.1,-106.9
157340478.5,-106.9
157341210.9,-107.1
157341943.4,-107.0
157342675.8,-106.9
157343408.2,-106.8
157344140.6,-106.9
157344873.0,-106.8
157345605.5,-106.5
157346337.9,-106.7
157347070.3,-107.0
157347802.7,-107.1
157348535.2,-107.0
157349267.6,-106.9
157350000.0,-107.0
157350732.4,-106.9
157351464.8,-106.9
157352197.3,-106.9
157352929.7,-107.0
157353662.1,-106.9
157354394.5,-107.0
157355127.0,-107.1
157355859.4,-107.0
157356591.8,-107.0
157357324.2,-107.0
157358056.6,-107.0
157358789.1,-107.0
157359521.5,-107.0
157360253.9,-106.9
157360986.3,-106.9
157361718.8,-106.9
157362451.2,-106.9
157363183.6,-106.9
157363916.0,-107.0
157364648.4,-106.9
157365380.9,-106.9
157366113.3,-107.0
157366845.7,-107.0
157367578.1,-107.0
157368310.5,-107.0
157369043.0,-107.0
157369775.4,-107.0
157370507.8,-107.0
157371240.2,-106.9
157371972.7,-107.0
157372705.1,-107.1
157373437.5,-106.9
157374169.9,-107.0
157374902.3,-106.9
157375634.8,-106.9
157376367.2,-106.9
157377099.6,-106.9
157377832.0,-106.9
157378564.5,-107.1
157379296.9,-107.0
157380029.3,-106.8
157380761.7,-106.9
157381494.1,-107.0
157382226.6,-107.0
157382959.0,-106.9
157383691.4,-106.8
157384423.8,-106.8
157385156.2,-106.9
157385888.7,-106.9
157386621.1,-106.9
157387353.5,-106.9
157388085.9,-107.0
157388818.4,-107.0
157389550.8,-107.0
157390283.2,-107.0
157391015.6,-107.0
157391748.0,-106.9
157392480.5,-106.9
157393212.9,-107.0
157393945.3,-107.0
157394677.7,-107.0
157395410.2,-107.1
157396142.6,-107.1
157396875.0,-107.0
157397607.4,-107.0
157398339.8,-106.9
157399072.3,-106.9
157399804.7,-107.0
157400537.1,-106.9
157401269.5,-107.0
157402002.0,-107.0
157402734.4,-107.0
157403466.8,-107.0
157404199.2,-107.1
157404931.6,-107.0
157405664.1,-106.9
157406396.5,-107.0
157407128.9,-107.0
157407861.3,-107.0
157408593.8,-107.0
157409326.2,-107.0
157410058.6,-106.9
157410791.0,-106.9
157411523.4,-107.0
157412255.9,-106.9
157412988.3,-107.0
157413720.7,-107.0
157414453.1,-107.0
157415185.5,-106.9
157415918.0,-106.9
157416650.4,-107.0
157417382.8,-107.0
157418115.2,-107.1
157418847.7,-106.9
157419580.1,-106.9
157420312.5,-106.9
157421044.9,-107.0
157421777.3,-107.0
157422509.8,-107.0
157423242.2,-106.9
157423974.6,-106.9
157424707.0,-106.9
157425439.5,-106.9
157426171.9,-106.9
157426904.3,-107.0
157427636.7,-107.1
157428369.1,-107.1
157429101.6,-107.1
157429834.0,-107.0
157430566.4,-107.0
157431298.8,-106.9
157432031.2,-106.9
157432763.7,-107.0
157433496.1,-107.0
157434228.5,-107.0
157434960.9,-107.0
157435693.4,-106.9
157436425.8,-106.9
157437158.2,-107.0
157437890.6,-106.9
157438623.0,-106.9
157439355.5,-106.9
157440087.9,-106.9
157440820.3,-107.0
157441552.7,-106.9
157442285.2,-106.8
157443017.6,-106.8
157443750.0,-106.9
157444482.4,-107.0
157445214.8,-106.9
157445947.3,-106.9
157446679.7,-107.0
157447412.1,-106.7
157448144.5,-106.6
157448877.0,-106.8
157449609.4,-106.9
157450341.8,-106.8
157451074.2,-106.9
157451806.6,-106.9
157452539.1,-106.9
157453271.5,-106.9
157454003.9,-106.9
157454736.3,-107.0
157455468.8,-107.0
157456201.2,-106.8
157456933.6,-106.9
157457666.0,-106.7
157458398.4,-106.7
157459130.9,-106.9
157459863.3,-106.9
157460595.7,-106.9
157461328.1,-106.8
157462060.5,-106.8
157462793.0,-106.9
157463525.4,-106.9
157464257.8,-107.0
157464990.2,-106.9
157465722.7,-106.9
157466455.1,-106.9
157467187.5,-106.9
157467919.9,-106.9
157468652.3,-106.9
157469384.8,-106.9
157470117.2,-106.9
157470849.6,-106.9
157471582.0,-106.8
157472314.5,-106.9
157473046.9,-107.0
157473779.3,-107.0
157474511.7,-106.9
157475244.1,-106.9
157475976.6,-107.0
157476709.0,-107.0
157477441.4,-106.9
157478173.8,-106.9
157478906.2,-106.9
157479638.7,-107.0
157480371.1,-106.9
157481103.5,-106.9
157481835.9,-106.8
157482568.4,-106.9
157483300.8,-106.9
157484033.2,-107.0
157484765.6,-107.1
157485498.0,-106.9
157486230.5,-106.9
157486962.9,-106.9
157487695.3,-106.9
157488427.7,-107.0
157489160.2,-106.9
157489892.6,-107.0
157490625.0,-107.0
157491357.4,-107.0
157492089.8,-106.9
157492822.3,-106.9
157493554.7,-106.9
157494287.1,-106.8
157495019.5,-106.8
157495752.0,-106.9
157496484.4,-106.9
157497216.8,-106.9
157497949.2,-107.0
157498681.6,-106.9
157499414.1,-106.9
157500146.5,-106.9
157500878.9,-106.9
157501611.3,-106.9
157502343.8,-106.9
157503076.2,-106.8
157503808.6,-106.8
157504541.0,-106.8
157505273.4,-106.9
157506005.9,-106.9
157506738.3,-106.9
157507470.7,-106.9
157508203.1,-106.9
157508935.5,-107.0
157509668.0,-107.0
157510400.4,-107.0
157511132.8,-106.8
157511865.2,-106.9
157512597.7,-106.9
157513330.1,-106.8
157514062.5,-106.9
157514794.9,-106.9
157515527.3,-106.8
157516259.8,-106.8
157516992.2,-106.9
157517724.6,-106.9
157518457.0,-106.9
157519189.5,-106.9
157519921.9,-106.9
157520654.3,-106.9
157521386.7,-106.9
157522119.1,-106.9
157522851.6,-106.9
157523584.0,-107.0
157524316.4,-107.0
157525048.8,-106.9
157525781.2,-106.9
157526513.7,-106.9
157527246.1,-106.9
157527978.5,-106.9
157528710.9,-106.9
157529443.4,-106.8
157530175.8,-106.9
157530908.2,-106.9
157531640.6,-106.9
157532373.0,-106.9
157533105.5,-106.9
157533837.9,-107.0
157534570.3,-107.0
157535302.7,-106.9
157536035.2,-106.9
157536767.6,-106.8
157537500.0,-106.9
157538232.4,-106.9
157538964.8,-106.8
157539697.3,-106.9
157540429.7,-106.9
157541162.1,-106.9
157541894.5,-106.9
157542627.0,-106.9
157543359.4,-106.9
157544091.8,-106.9
157544824.2,-106.8
157545556.6,-106.8
157546289.1,-106.8
157547021.5,-106.9
157547753.9,-106.9
157548486.3,-107.0
157549218.8,-106.9
157549951.2,-106.8
157550683.6,-106.9
157551416.0,-106.8
157552148.4,-106.7
157552880.9,-106.9
157553613.3,-107.0
157554345.7,-107.0
157555078.1,-107.0
157555810.5,-107.0
157556543.0,-107.1
157557275.4,-107.0
157558007.8,-106.8
157558740.2,-106.8
157559472.7,-106.8
157560205.1,-106.9
157560937.5,-106.8
157561669.9,-106.8
157562402.3,-106.9
157563134.8,-107.0
157563867.2,-107.0
157564599.6,-106.9
157565332.0,-106.9
157566064.5,-106.8
157566796.9,-106.9
157567529.3,-106.8
157568261.7,-106.8
157568994.1,-106.9
157569726.6,-106.9
157570459.0,-107.0
157571191.4,-106.9
157571923.8,-106.9
157572656.2,-106.8
157573388.7,-106.8
157574121.1,-106.8
157574853.5,-106.9
157575585.9,-107.0
157576318.4,-106.9
157577050.8,-106.9
157577783.2,-107.0
157578515.6,-106.9
157579248.0,-106.9
157579980.5,-106.8
157580712.9,-106.9
157581445.3,-106.9
157582177.7,-106.9
157582910.2,-106.9
157583642.6,-106.9
157584375.0,-106.8
157585107.4,-106.8
157585839.8,-106.9
157586572.3,-106.9
157587304.7,-107.0
157588037.1,-107.0
157588769.5,-107.0
157589502.0,-107.0
157590234.4,-107.0
157590966.8,-106.9
157591699.2,-106.8
157592431.6,-106.9
157593164.1,-106.9
157593896.5,-106.8
157594628.9,-106.8
157595361.3,-106.9
157596093.8,-106.9
157596826.2,-106.8
157597558.6,-106.8
157598291.0,-107.0
157599023.4,-106.9
157599755.9,-106.9
157600488.3,-106.8
157601220.7,-106.9
157601953.1,-106.8
157602685.5,-106.8
157603418.0,-107.0
157604150.4,-107.0
157604882.8,-106.9
157605615.2,-106.9
157606347.7,-106.9
157607080.1,-106.8
157607812.5,-106.8
157608544.9,-106.9
157609277.3,-107.0
157610009.8,-107.0
157610742.2,-106.9
157611474.6,-106.9
157612207.0,-106.9
157612939.5,-107.0
157613671.9,-106.9
157614404.3,-106.9
157615136.7,-106.9
157615869.1,-106.8
157616601.6,-106.8
157617334.0,-106.9
157618066.4,-106.9
157618798.8,-106.9
157619531.2,-107.0
157620263.7,-106.8
157620996.1,-106.9
157621728.5,-107.0
157622460.9,-106.9
157623193.4,-106.9
157623925.8,-106.8
157624658.2,-106.9
157625390.6,-107.0
157626123.0,-106.9
157626855.5,-106.8
157627587.9,-106.9
157628320.3,-106.9
157629052.7,-106.9
157629785.2,-106.8
157630517.6,-106.9
157631250.0,-106.8
157631982.4,-106.7
157632714.8,-106.8
157633447.3,-106.9
157634179.7,-106.8
157634912.1,-106.8
157635644.5,-106.8
157636377.0,-106.8
157637109.4,-106.8
157637841.8,-106.9
157638574.2,-106.8
157639306.6,-106.7
157640039.1,-106.7
157640771.5,-106.8
157641503.9,-106.8
157642236.3,-106.9
157642968.8,-106.9
157643701.2,-106.9
157644433.6,-106.9
157645166.0,-106.9
157645898.4,-106.9
157646630.9,-106.7
157647363.3,-106.5
157648095.7,-106.5
157648828.1,-102.7
157649560.5,-88.7
157650293.0,-87.5
157651025.4,-98.9
157651757.8,-106.6
157652490.2,-106.9
157653222.7,-106.9
157653955.1,-106.9
157654687.5,-106.8
157655419.9,-106.7
157656152.3,-106.7
157656884.8,-106.9
157657617.2,-106.9
157658349.6,-106.9
157659082.0,-106.6
157659814.5,-106.8
157660546.9,-106.8
157661279.3,-106.8
157662011.7,-106.9
157662744.1,-106.8
157663476.6,-106.8
157664209.0,-106.8
157664941.4,-106.8
157665673.8,-106.9
157666406.2,-107.0
157667138.7,-107.0
157667871.1,-106.9
157668603.5,-106.9
157669335.9,-106.9
157670068.4,-106.8
157670800.8,-106.8
157671533.2,-106.8
157672265.6,-106.8
157672998.0,-106.9
157673730.5,-107.0
157674462.9,-106.9
157675195.3,-106.8
157675927.7,-106.9
157676660.2,-106.9
157677392.6,-107.0
157678125.0,-107.0
157678857.4,-106.9
157679589.8,-106.8
157680322.3,-106.8
157681054.7,-106.9
157681787.1,-107.0
157682519.5,-106.7
157683252.0,-106.5
157683984.4,-106.8
157684716.8,-106.9
157685449.2,-106.9
157686181.6,-106.9
157686914.1,-106.8
157687646.5,-106.9
157688378.9,-106.9
157689111.3,-107.0
157689843.8,-107.0
157690576.2,-106.9
157691308.6,-107.0
157692041.0,-106.9
157692773.4,-106.9
157693505.9,-106.9
157694238.3,-106.8
157694970.7,-106.8
157695703.1,-106.8
157696435.5,-106.8
157697168.0,-106.9
157697900.4,-106.8
157698632.8,-106.8
157699365.2,-106.9
157700097.7,-106.9
157700830.1,-106.9
157701562.5,-106.9
157702294.9,-107.0
157703027.3,-106.9
157703759.8,-106.8
157704492.2,-106.9
157705224.6,-106.9
157705957.0,-106.9
157706689.5,-106.9
157707421.9,-106.8
157708154.3,-106.8
157708886.7,-106.8
157709619.1,-106.8
157710351.6,-106.8
157711084.0,-106.9
157711816.4,-106.9
157712548.8,-106.9
157713281.2,-107.0
157714013.7,-106.9
157714746.1,-106.9
157715478.5,-106.8
157716210.9,-106.8
157716943.4,-106.9
157717675.8,-106.9
157718408.2,-106.8
157719140.6,-106.8
157719873.0,-106.7
157720605.5,-106.7
157721337.9,-106.9
157722070.3,-106.9
157722802.7,-106.9
157723535.2,-106.8
157724267.6,-106.9
157725000.0,-106.9
157725732.4,-106.9
157726464.8,-106.8
157727197.3,-106.8
157727929.7,-106.8
157728662.1,-106.9
157729394.5,-106.9
157730127.0,-106.9
157730859.4,-107.0
157731591.8,-107.0
157732324.2,-106.8
157733056.6,-106.7
157733789.1,-106.8
157734521.5,-106.8
157735253.9,-106.8
157735986.3,-106.8
157736718.8,-106.9
157737451.2,-106.9
157738183.6,-106.8
157738916.0,-106.9
157739648.4,-106.9
157740380.9,-106.9
157741113.3,-106.9
157741845.7,-107.0
157742578.1,-106.9
157743310.5,-106.9
157744043.0,-106.8
157744775.4,-106.9
157745507.8,-106.9
157746240.2,-107.0
157746972.7,-106.9
157747705.1,-107.0
157748437.5,-106.9
157749169.9,-107.0
157749902.3,-107.0
157750634.8,-106.8
157751367.2,-106.8
157752099.6,-106.8
157752832.0,-106.9
157753564.5,-107.0
157754296.9,-107.0
157755029.3,-106.9
157755761.7,-106.8
157756494.1,-106.9
157757226.6,-107.0
157757959.0,-107.0
157758691.4,-106.9
157759423.8,-106.9
157760156.2,-106.9
157760888.7,-106.9
157761621.1,-106.9
157762353.5,-106.9
157763085.9,-106.9
157763818.4,-106.9
157764550.8,-107.0
157765283.2,-107.0
157766015.6,-106.9
157766748.0,-106.8
157767480.5,-106.8
157768212.9,-106.9
157768945.3,-106.9
157769677.7,-107.0
157770410.2,-107.0
157771142.6,-107.0
157771875.0,-106.8
157772607.4,-106.8
157773339.8,-106.9
157774072.3,-106.8
157774804.7,-106.8
157775537.1,-106.9
157776269.5,-106.9
157777002.0,-106.9
157777734.4,-106.9
157778466.8,-106.8
157779199.2,-106.9
157779931.6,-106.9
157780664.1,-107.0
157781396.5,-107.0
157782128.9,-107.0
157782861.3,-106.9
157783593.8,-106.8
157784326.2,-106.9
157785058.6,-106.9
157785791.0,-106.8
157786523.4,-106.8
157787255.9,-107.0
157787988.3,-107.1
157788720.7,-107.1
157789453.1,-107.0
157790185.5,-107.0
157790918.0,-107.0
157791650.4,-106.9
157792382.8,-107.0
157793115.2,-107.1
157793847.7,-107.0
157794580.1,-107.0
157795312.5,-107.1
157796044.9,-107.0
157796777.3,-106.9
157797509.8,-107.1
157798242.2,-107.0
157798974.6,-107.0
157799707.0,-107.0
157800439.5,-106.9
157801171.9,-107.0
157801904.3,-107.0
157802636.7,-107.0
157803369.1,-107.0
157804101.6,-107.0
157804834.0,-107.1
157805566.4,-107.1
157806298.8,-106.9
157807031.2,-106.9
157807763.7,-106.9
157808496.1,-106.7
157809228.5,-106.9
157809960.9,-106.9
157810693.4,-107.0
157811425.8,-107.1
157812158.2,-107.1
157812890.6,-107.0
157813623.0,-106.9
157814355.5,-107.0
157815087.9,-107.0
157815820.3,-107.0
157816552.7,-106.9
157817285.2,-107.0
157818017.6,-107.0
157818750.0,-107.0
157819482.4,-107.1
157820214.8,-107.1
157820947.3,-107.1
157821679.7,-107.1
157822412.1,-107.0
157823144.5,-106.9
157823877.0,-106.9
157824609.4,-107.0
157825341.8,-107.0
157826074.2,-107.1
157826806.6,-107.1
157827539.1,-107.2
157828271.5,-107.1
157829003.9,-107.0
157829736.3,-107.1
157830468.8,-107.1
157831201.2,-106.9
157831933.6,-106.8
157832666.0,-107.0
157833398.4,-107.0
157834130.9,-107.0
157834863.3,-106.9
157835595.7,-107.0
157836328.1,-107.0
157837060.5,-107.0
157837793.0,-107.0
157838525.4,-107.1
157839257.8,-107.1
157839990.2,-107.0
157840722.7,-106.9
157841455.1,-107.0
157842187.5,-107.0
157842919.9,-106.9
157843652.3,-106.9
157844384.8,-107.0
157845117.2,-107.0
157845849.6,-106.9
157846582.0,-107.0
157847314.5,-107.1
157848046.9,-107.1
157848779.3,-107.0
157849511.7,-106.9
157850244.1,-107.0
157850976.6,-107.0
157851709.0,-107.0
157852441.4,-107.0
157853173.8,-106.9
157853906.2,-106.9
157854638.7,-107.0
157855371.1,-107.0
157856103.5,-106.8
157856835.9,-106.9
157857568.4,-107.1
157858300.8,-107.1
157859033.2,-107.0
157859765.6,-106.7
157860498.0,-106.7
157861230.5,-107.0
157861962.9,-107.0
157862695.3,-107.1
157863427.7,-106.9
157864160.2,-106.9
157864892.6,-106.9
157865625.0,-107.0
157866357.4,-107.1
157867089.8,-107.1
157867822.3,-107.1
157868554.7,-107.0
157869287.1,-107.1
157870019.5,-107.0
157870752.0,-107.0
157871484.4,-107.0
157872216.8,-107.0
157872949.2,-107.0
157873681.6,-107.0
157874414.1,-107.0
157875146.5,-107.0
157875878.9,-107.0
157876611.3,-107.1
157877343.8,-107.0
157878076.2,-107.0
157878808.6,-107.0
157879541.0,-107.0
157880273.4,-107.0
157881005.9,-107.0
157881738.3,-107.0
157882470.7,-107.0
157883203.1,-107.0
157883935.5,-107.1
157884668.0,-107.0
157885400.4,-106.9
157886132.8,-106.9
157886865.2,-107.0
157887597.7,-106.9
157888330.1,-106.8
157889062.5,-106.8
157889794.9,-106.9
157890527.3,-107.0
157891259.8,-106.8
157891992.2,-106.9
157892724.6,-107.0
157893457.0,-107.0
157894189.5,-107.0
157894921.9,-107.0
157895654.3,-106.9
157896386.7,-106.8
157897119.1,-107.0
157897851.6,-107.0
157898584.0,-106.9
157899316.4,-106.9
157900048.8,-107.0
157900781.2,-107.1
157901513.7,-107.1
157902246.1,-107.0
157902978.5,-107.0
157903710.9,-107.0
157904443.4,-107.0
157905175.8,-107.1
157905908.2,-107.1
157906640.6,-107.0
157907373.0,-107.1
157908105.5,-107.0
157908837.9,-107.0
157909570.3,-107.1
157910302.7,-107.0
157911035.2,-107.0
157911767.6,-107.0
157912500.0,-107.1
157913232.4,-107.1
157913964.8,-107.0
157914697.3,-107.1
157915429.7,-107.1
157916162.1,-107.0
157916894.5,-107.0
157917627.0,-107.0
157918359.4,-106.7
157919091.8,-106.9
157919824.2,-107.0
157920556.6,-106.9
157921289.1,-107.0
157922021.5,-107.0
157922753.9,-107.0
157923486.3,-107.0
157924218.8,-107.1
157924951.2,-107.1
157925683.6,-107.0
157926416.0,-107.1
157927148.4,-107.0
157927880.9,-107.0
157928613.3,-107.0
157929345.7,-107.1
157930078.1,-107.2
157930810.5,-107.1
157931543.0,-107.1
157932275.4,-107.1
157933007.8,-107.0
157933740.2,-107.1
157934472.7,-107.2
157935205.1,-107.1
157935937.5,-107.1
157936669.9,-107.0
157937402.3,-107.1
157938134.8,-107.0
157938867.2,-106.9
157939599.6,-107.0
157940332.0,-107.0
157941064.5,-107.0
157941796.9,-107.0
157942529.3,-107.1
157943261.7,-107.1
157943994.1,-107.1
157944726.6,-107.1
157945459.0,-107.0
157946191.4,-107.1
157946923.8,-107.0
157947656.2,-107.0
157948388.7,-107.0
157949121.1,-107.0
157949853.5,-107.1
157950585.9,-107.0
157951318.4,-107.0
157952050.8,-106.9
157952783.2,-107.0
157953515.6,-107.0
157954248.0,-107.1
157954980.5,-107.0
157955712.9,-107.0
157956445.3,-107.1
157957177.7,-107.1
157957910.2,-106.9
157958642.6,-106.9
157959375.0,-106.9
157960107.4,-106.9
157960839.8,-107.0
157961572.3,-107.1
157962304.7,-107.1
157963037.1,-107.1
157963769.5,-107.1
157964502.0,-107.0
157965234.4,-107.0
157965966.8,-107.1
157966699.2,-107.1
157967431.6,-107.0
157968164.1,-106.9
157968896.5,-107.0
157969628.9,-107.1
157970361.3,-107.0
157971093.8,-107.0
157971826.2,-107.0
157972558.6,-107.0
157973291.0,-107.1
157974023.4,-107.2
157974755.9,-107.2
157975488.3,-107.0
157976220.7,-107.0
157976953.1,-107.1
157977685.5,-107.1
157978418.0,-107.1
157979150.4,-107.1
157979882.8,-107.1
157980615.2,-107.1
157981347.7,-107.0
157982080.1,-107.0
157982812.5,-107.1
157983544.9,-107.1
157984277.3,-107.1
157985009.8,-107.1
157985742.2,-107.1
157986474.6,-107.2
157987207.0,-107.2
157987939.5,-107.1
157988671.9,-107.1
157989404.3,-107.1
157990136.7,-107.0
157990869.1,-107.0
157991601.6,-107.0
157992334.0,-106.9
157993066.4,-107.0
157993798.8,-107.0
157994531.2,-107.1
157995263.7,-107.0
157995996.1,-106.1
157996728.5,-106.1
157997460.9,-106.9
157998193.4,-106.8
157998925.8,-107.1
157999658.2,-107.1
158000390.6,-107.1
158001123.0,-107.0
158001855.5,-106.9
158002587.9,-107.0
158003320.3,-107.2
158004052.7,-107.1
158004785.2,-107.1
158005517.6,-107.1
158006250.0,-107.0
158006982.4,-107.0
158007714.8,-106.9
158008447.3,-106.9
158009179.7,-107.1
158009912.1,-107.1
158010644.5,-107.1
158011377.0,-107.1
158012109.4,-107.1
158012841.8,-107.2
158013574.2,-107.1
158014306.6,-107.0
158015039.1,-107.0
158015771.5,-107.1
158016503.9,-107.0
158017236.3,-107.0
158017968.8,-107.0
158018701.2,-107.0
158019433.6,-107.0
158020166.0,-107.1
158020898.4,-107.0
158021630.9,-106.9
158022363.3,-107.0
158023095.7,-106.9
158023828.1,-106.9
158024560.5,-107.0
158025293.0,-107.1
158026025.4,-107.1
158026757.8,-107.1
158027490.2,-107.0
158028222.7,-107.0
158028955.1,-107.0
158029687.5,-107.0
158030419.9,-107.1
158031152.3,-106.9
158031884.8,-106.9
158032617.2,-107.0
158033349.6,-107.0
158034082.0,-107.1
158034814.5,-107.1
158035546.9,-107.0
158036279.3,-106.8
158037011.7,-107.0
158037744.1,-107.2
158038476.6,-107.1
158039209.0,-106.9
158039941.4,-106.9
158040673.8,-106.8
158041406.2,-107.0
158042138.7,-106.9
158042871.1,-107.0
158043603.5,-107.1
158044335.9,-107.1
158045068.4,-107.0
158045800.8,-107.0
158046533.2,-107.1
158047265.6,-107.0
158047998.0,-106.9
158048730.5,-107.0
158049462.9,-107.0
158050195.3,-107.0
158050927.7,-107.1
158051660.2,-107.1
158052392.6,-107.1
158053125.0,-107.0
158053857.4,-107.1
158054589.8,-107.1
158055322.3,-106.9
158056054.7,-106.9
158056787.1,-107.0
158057519.5,-107.0
158058252.0,-107.0
158058984.4,-107.0
158059716.8,-107.0
158060449.2,-107.0
158061181.6,-106.9
158061914.1,-107.0
158062646.5,-107.0
158063378.9,-107.1
158064111.3,-107.1
158064843.8,-107.1
158065576.2,-107.1
158066308.6,-107.0
158067041.0,-107.1
158067773.4,-107.0
158068505.9,-107.0
158069238.3,-107.1
158069970.7,-107.0
158070703.1,-107.0
158071435.5,-107.0
158072168.0,-107.0
158072900.4,-107.0
158073632.8,-106.9
158074365.2,-107.0
158075097.7,-107.1
158075830.1,-107.1
158076562.5,-107.1
158077294.9,-107.1
158078027.3,-107.1
158078759.8,-107.0
158079492.2,-107.1
158080224.6,-107.0
158080957.0,-106.9
158081689.5,-106.9
158082421.9,-107.0
158083154.3,-107.1
158083886.7,-107.0
158084619.1,-107.0
158085351.6,-107.0
158086084.0,-107.0
158086816.4,-107.1
158087548.8,-107.2
158088281.2,-107.1
158089013.7,-107.0
158089746.1,-107.0
158090478.5,-107.0
158091210.9,-107.0
158091943.4,-107.1
158092675.8,-107.1
158093408.2,-107.1
158094140.6,-107.1
158094873.0,-107.0
158095605.5,-107.0
158096337.9,-107.0
158097070.3,-107.1
158097802.7,-107.1
158098535.2,-107.1
158099267.6,-107.2
158100000.0,-107.1
158100732.4,-107.1
158101464.8,-107.2
158102197.3,-107.1
158102929.7,-107.1
158103662.1,-107.0
158104394.5,-106.9
158105127.0,-107.0
158105859.4,-107.1
158106591.8,-107.1
158107324.2,-107.2
158108056.6,-107.1
158108789.1,-107.1
158109521.5,-107.1
158110253.9,-107.0
158110986.3,-107.1
158111718.8,-107.2
158112451.2,-107.0
158113183.6,-107.0
158113916.0,-107.1
158114648.4,-107.1
158115380.9,-107.1
158116113.3,-107.1
158116845.7,-107.1
158117578.1,-107.0
158118310.5,-107.1
158119043.0,-107.1
158119775.4,-107.1
158120507.8,-107.1
158121240.2,-107.2
158121972.7,-107.1
158122705.1,-107.1
158123437.5,-107.1
158124169.9,-107.1
158124902.3,-107.1
158125634.8,-107.0
158126367.2,-107.0
158127099.6,-107.1
158127832.0,-107.1
158128564.5,-107.1
158129296.9,-107.1
158130029.3,-107.1
158130761.7,-107.0
158131494.1,-107.0
158132226.6,-107.0
158132959.0,-107.1
158133691.4,-107.0
158134423.8,-107.0
158135156.2,-107.1
158135888.7,-107.1
158136621.1,-107.0
158137353.5,-107.0
158138085.9,-107.1
158138818.4,-107.1
158139550.8,-107.2
158140283.2,-107.1
158141015.6,-107.2
158141748.0,-107.2
158142480.5,-107.1
158143212.9,-107.0
158143945.3,-107.0
158144677.7,-107.1
158145410.2,-107.1
158146142.6,-107.1
158146875.0,-107.1
158147607.4,-107.0
158148339.8,-107.0
158149072.3,-107.0
158149804.7,-107.0
158150537.1,-107.1
158151269.5,-107.1
158152002.0,-107.0
158152734.4,-107.0
158153466.8,-107.1
158154199.2,-107.1
158154931.6,-107.0
158155664.1,-107.0
158156396.5,-107.1
158157128.9,-107.2
158157861.3,-107.2
158158593.8,-107.1
158159326.2,-106.9
158160058.6,-106.9
158160791.0,-107.0
158161523.4,-107.2
158162255.9,-107.1
158162988.3,-107.1
158163720.7,-107.1
158164453.1,-107.1
158165185.5,-107.2
158165918.0,-107.2
158166650.4,-107.2
158167382.8,-107.0
158168115.2,-106.9
158168847.7,-107.1
158169580.1,-107.2
158170312.5,-107.1
158171044.9,-107.2
158171777.3,-107.1
158172509.8,-107.2
158173242.2,-107.2
158173974.6,-107.1
158174707.0,-107.1
158175439.5,-107.1
158176171.9,-107.1
158176904.3,-107.2
158177636.7,-107.1
158178369.1,-107.0
158179101.6,-107.0
158179834.0,-107.2
158180566.4,-107.2
158181298.8,-107.1
158182031.2,-107.1
158182763.7,-107.1
158183496.1,-107.1
158184228.5,-107.1
158184960.9,-107.2
158185693.4,-107.2
158186425.8,-107.2
158187158.2,-107.1
158187890.6,-107.1
158188623.0,-107.2
158189355.5,-107.1
158190087.9,-107.1
158190820.3,-107.1
158191552.7,-107.0
158192285.2,-107.1
158193017.6,-107.1
158193750.0,-107.2
158194482.4,-107.2
158195214.8,-107.1
158195947.3,-107.1
158196679.7,-107.2
158197412.1,-107.0
158198144.5,-107.0
158198877.0,-107.1
158199609.4,-107.3
158200341.8,-107.1
158201074.2,-107.1
158201806.6,-107.3
158202539.1,-107.2
158203271.5,-107.2
158204003.9,-107.1
158204736.3,-107.2
158205468.8,-107.3
158206201.2,-107.1
158206933.6,-107.2
158207666.0,-107.3
158208398.4,-107.2
158209130.9,-107.1
158209863.3,-107.2
158210595.7,-107.2
158211328.1,-107.1
158212060.5,-107.2
158212793.0,-107.2
158213525.4,-107.2
158214257.8,-107.2
158214990.2,-107.2
158215722.7,-107.1
158216455.1,-107.0
158217187.5,-107.1
158217919.9,-107.2
158218652.3,-107.2
158219384.8,-107.2
158220117.2,-107.2
158220849.6,-107.3
158221582.0,-107.2
158222314.5,-107.0
158223046.9,-107.0
158223779.3,-107.1
158224511.7,-107.2
158225244.1,-107.2
158225976.6,-107.2
158226709.0,-107.3
158227441.4,-107.2
158228173.8,-107.1
158228906.2,-107.1
158229638.7,-107.3
158230371.1,-107.2
158231103.5,-107.2
158231835.9,-107.2
158232568.4,-107.1
158233300.8,-107.2
158234033.2,-107.2
158234765.6,-107.1
158235498.0,-107.1
158236230.5,-107.1
158236962.9,-107.2
158237695.3,-107.2
158238427.7,-107.1
158239160.2,-107.1
158239892.6,-107.1
158240625.0,-107.2
158241357.4,-107.3
158242089.8,-107.2
158242822.3,-107.1
158243554.7,-107.2
158244287.1,-107.2
158245019.5,-107.2
158245752.0,-107.1
158246484.4,-107.1
158247216.8,-107.1
158247949.2,-107.1
158248681.6,-107.0
158249414.1,-107.2
158250146.5,-107.2
158250878.9,-107.2
158251611.3,-107.1
158252343.8,-107.2
158253076.2,-107.2
158253808.6,-107.1
158254541.0,-107.2
158255273.4,-107.2
158256005.9,-107.1
158256738.3,-107.1
158257470.7,-107.2
158258203.1,-107.2
158258935.5,-107.1
158259668.0,-107.2
158260400.4,-107.1
158261132.8,-107.1
158261865.2,-107.0
158262597.7,-106.8
158263330.1,-107.1
158264062.5,-107.3
158264794.9,-107.3
158265527.3,-107.1
158266259.8,-107.0
158266992.2,-107.2
158267724.6,-107.2
158268457.0,-107.2
158269189.5,-107.2
158269921.9,-107.2
158270654.3,-107.1
158271386.7,-106.8
158272119.1,-107.0
158272851.6,-107.2
158273584.0,-107.2
158274316.4,-107.2
158275048.8,-107.1
158275781.2,-107.2
158276513.7,-107.1
158277246.1,-107.1
158277978.5,-107.1
158278710.9,-107.1
158279443.4,-107.0
158280175.8,-107.2
158280908.2,-107.2
158281640.6,-107.3
158282373.0,-107.3
158283105.5,-107.2
158283837.9,-107.2
158284570.3,-107.2
158285302.7,-107.2
158286035.2,-107.1
158286767.6,-107.2
158287500.0,-107.2
158288232.4,-107.1
158288964.8,-107.2
158289697.3,-107.3
158290429.7,-107.2
158291162.1,-107.2
158291894.5,-107.2
158292627.0,-107.2
158293359.4,-107.2
158294091.8,-107.2
158294824.2,-107.3
158295556.6,-107.1
158296289.1,-107.0
158297021.5,-107.1
158297753.9,-107.1
158298486.3,-107.2
158299218.8,-107.2
158299951.2,-107.1
158300683.6,-107.2
158301416.0,-107.2
158302148.4,-107.2
158302880.9,-107.2
158303613.3,-107.2
158304345.7,-107.1
158305078.1,-107.2
158305810.5,-107.2
158306543.0,-107.3
158307275.4,-107.3
158308007.8,-107.3
158308740.2,-107.3
158309472.7,-107.2
158310205.1,-107.2
158310937.5,-107.1
158311669.9,-107.1
158312402.3,-107.2
158313134.8,-107.3
158313867.2,-107.3
158314599.6,-107.3
158315332.0,-107.3
158316064.5,-107.2
158316796.9,-107.3
158317529.3,-107.1
158318261.7,-107.1
158318994.1,-107.1
158319726.6,-107.2
158320459.0,-107.1
158321191.4,-107.1
158321923.8,-107.2
158322656.2,-107.3
158323388.7,-107.3
158324121.1,-107.2
158324853.5,-107.1
158325585.9,-107.2
158326318.4,-107.3
158327050.8,-107.2
158327783.2,-107.3
158328515.6,-107.3
158329248.0,-107.2
158329980.5,-107.1
158330712.9,-107.2
158331445.3,-107.2
158332177.7,-107.2
158332910.2,-107.2
158333642.6,-107.2
158334375.0,-107.1
158335107.4,-107.1
158335839.8,-107.1
158336572.3,-107.2
158337304.7,-107.3
158338037.1,-107.3
158338769.5,-107.1
158339502.0,-107.2
158340234.4,-107.3
158340966.8,-107.2
158341699.2,-107.2
158342431.6,-107.2
158343164.1,-107.2
158343896.5,-107.2
158344628.9,-107.2
158345361.3,-107.2
158346093.8,-107.2
158346826.2,-107.2
158347558.6,-107.2
158348291.0,-107.1
158349023.4,-107.2
158349755.9,-107.1
158350488.3,-107.1
158351220.7,-107.2
158351953.1,-107.1
158352685.5,-107.2
158353418.0,-107.2
158354150.4,-107.1
158354882.8,-107.1
158355615.2,-107.3
158356347.7,-107.2
158357080.1,-107.2
158357812.5,-107.2
158358544.9,-107.1
158359277.3,-107.1
158360009.8,-107.0
158360742.2,-107.1
158361474.6,-107.2
158362207.0,-107.3
158362939.5,-107.3
158363671.9,-107.2
158364404.3,-107.1
158365136.7,-107.0
158365869.1,-107.2
158366601.6,-107.2
158367334.0,-107.3
158368066.4,-107.2
158368798.8,-107.1
158369531.2,-107.2
158370263.7,-107.2
158370996.1,-107.2
158371728.5,-107.2
158372460.9,-107.2
158373193.4,-107.2
158373925.8,-107.2
158374658.2,-107.2
158375390.6,-107.1
158376123.0,-107.1
158376855.5,-107.1
158377587.9,-107.2
158378320.3,-107.1
158379052.7,-107.2
158379785.2,-107.3
158380517.6,-107.2
158381250.0,-107.3
158381982.4,-107.3
158382714.8,-107.3
158383447.3,-107.3
158384179.7,-107.3
158384912.1,-107.2
158385644.5,-107.2
158386377.0,-107.2
158387109.4,-107.3
158387841.8,-107.2
158388574.2,-107.2
158389306.6,-107.3
158390039.1,-107.3
158390771.5,-107.1
158391503.9,-107.1
158392236.3,-107.2
158392968.8,-107.2
158393701.2,-107.2
158394433.6,-107.2
158395166.0,-107.4
158395898.4,-107.3
158396630.9,-107.2
158397363.3,-107.2
158398095.7,-107.3
158398828.1,-107.2
158399560.5,-107.1
158400293.0,-107.2
158401025.4,-107.2
158401757.8,-107.3
158402490.2,-107.3
158403222.7,-107.2
158403955.1,-107.1
158404687.5,-107.3
158405419.9,-107.2
158406152.3,-107.2
158406884.8,-107.2
158407617.2,-107.2
158408349.6,-107.2
158409082.0,-107.2
158409814.5,-107.2
158410546.9,-107.0
158411279.3,-107.0
158412011.7,-107.1
158412744.1,-107.1
158413476.6,-107.2
158414209.0,-107.3
158414941.4,-107.1
158415673.8,-107.1
158416406.2,-107.0
158417138.7,-107.2
158417871.1,-107.2
158418603.5,-107.3
158419335.9,-107.3
158420068.4,-107.2
158420800.8,-107.3
158421533.2,-107.3
158422265.6,-107.3
158422998.0,-107.1
158423730.5,-107.0
158424462.9,-107.1
158425195.3,-107.2
158425927.7,-107.2
158426660.2,-107.1
158427392.6,-107.2
158428125.0,-107.2
158428857.4,-107.2
158429589.8,-107.1
158430322.3,-107.2
158431054.7,-107.2
158431787.1,-107.0
158432519.5,-107.0
158433252.0,-107.1
158433984.4,-107.1
158434716.8,-107.2
158435449.2,-107.2
158436181.6,-107.2
158436914.1,-107.2
158437646.5,-107.2
158438378.9,-107.2
158439111.3,-107.1
158439843.8,-107.1
158440576.2,-107.1
158441308.6,-107.1
158442041.0,-107.2
158442773.4,-107.2
158443505.9,-107.2
158444238.3,-107.3
158444970.7,-107.3
158445703.1,-107.2
158446435.5,-107.2
158447168.0,-107.2
158447900.4,-107.1
158448632.8,-106.9
158449365.2,-107.0
158450097.7,-107.2
158450830.1,-107.2
158451562.5,-107.3
158452294.9,-107.2
158453027.3,-107.1
158453759.8,-107.2
158454492.2,-107.1
158455224.6,-107.1
158455957.0,-107.2
158456689.5,-107.1
158457421.9,-107.1
158458154.3,-107.2
158458886.7,-107.2
158459619.1,-107.2
158460351.6,-107.1
158461084.0,-107.2
158461816.4,-107.2
158462548.8,-107.0
158463281.2,-106.9
158464013.7,-107.0
158464746.1,-107.1
158465478.5,-107.3
158466210.9,-107.3
158466943.4,-107.1
158467675.8,-107.2
158468408.2,-107.1
158469140.6,-107.2
158469873.0,-107.2
158470605.5,-107.2
158471337.9,-107.3
158472070.3,-107.2
158472802.7,-107.1
158473535.2,-107.2
158474267.6,-107.2
158475000.0,-107.2
158475732.4,-107.2
158476464.8,-107.1
158477197.3,-107.2
158477929.7,-107.1
158478662.1,-107.1
158479394.5,-107.1
158480127.0,-107.2
158480859.4,-107.2
158481591.8,-107.4
158482324.2,-107.3
158483056.6,-107.3
158483789.1,-107.3
158484521.5,-107.2
158485253.9,-107.2
158485986.3,-107.2
158486718.8,-107.2
158487451.2,-107.2
158488183.6,-107.2
158488916.0,-107.2
158489648.4,-107.2
158490380.9,-107.1
158491113.3,-107.1
158491845.7,-107.2
158492578.1,-107.2
158493310.5,-107.2
158494043.0,-107.2
158494775.4,-107.2
158495507.8,-107.2
158496240.2,-107.1
158496972.7,-107.1
158497705.1,-107.2
158498437.5,-107.2
158499169.9,-107.2
158499902.3,-107.2
158500634.8,-107.1
158501367.2,-107.1
158502099.6,-107.1
158502832.0,-107.1
158503564.5,-107.2
158504296.9,-107.2
158505029.3,-107.3
158505761.7,-107.2
158506494.1,-106.9
158507226.6,-107.2
158507959.0,-107.4
158508691.4,-107.3
158509423.8,-107.3
158510156.2,-107.2
158510888.7,-107.3
158511621.1,-107.3
158512353.5,-107.2
158513085.9,-107.2
158513818.4,-107.2
158514550.8,-107.4
158515283.2,-107.3
158516015.6,-107.2
158516748.0,-107.3
158517480.5,-107.3
158518212.9,-107.3
158518945.3,-107.3
158519677.7,-107.3
158520410.2,-107.2
158521142.6,-107.3
158521875.0,-107.3
158522607.4,-107.2
158523339.8,-107.2
158524072.3,-107.2
158524804.7,-107.3
158525537.1,-107.3
158526269.5,-107.3
158527002.0,-107.3
158527734.4,-107.2
158528466.8,-107.2
158529199.2,-107.3
158529931.6,-107.3
158530664.1,-107.3
158531396.5,-107.3
158532128.9,-107.3
158532861.3,-107.3
158533593.8,-107.3
158534326.2,-107.2
158535058.6,-107.1
158535791.0,-107.2
158536523.4,-107.2
158537255.9,-107.3
158537988.3,-107.4
158538720.7,-107.3
158539453.1,-107.3
158540185.5,-107.3
158540918.0,-107.3
158541650.4,-107.3
158542382.8,-107.2
158543115.2,-107.3
158543847.7,-107.3
158544580.1,-107.2
158545312.5,-107.4
158546044.9,-107.4
158546777.3,-107.2
158547509.8,-107.3
158548242.2,-107.3
158548974.6,-107.4
158549707.0,-107.4
158550439.5,-107.3
158551171.9,-107.3
158551904.3,-107.3
158552636.7,-107.1
158553369.1,-107.2
158554101.6,-107.2
158554834.0,-107.2
158555566.4,-107.3
158556298.8,-107.3
158557031.2,-107.2
158557763.7,-107.3
158558496.1,-107.3
158559228.5,-107.2
158559960.9,-107.2
158560693.4,-107.3
158561425.8,-107.3
158562158.2,-107.2
158562890.6,-107.2
158563623.0,-107.3
158564355.5,-107.3
158565087.9,-107.2
158565820.3,-107.2
158566552.7,-107.3
158567285.2,-107.3
158568017.6,-107.1
158568750.0,-107.2
158569482.4,-107.2
158570214.8,-107.2
158570947.3,-107.3
158571679.7,-107.3
158572412.1,-107.2
158573144.5,-107.1
158573877.0,-107.1
158574609.4,-107.1
158575341.8,-107.2
158576074.2,-107.2
158576806.6,-107.2
158577539.1,-107.3
158578271.5,-107.4
158579003.9,-107.2
158579736.3,-107.3
158580468.8,-107.2
158581201.2,-107.3
158581933.6,-107.4
158582666.0,-107.3
158583398.4,-107.2
158584130.9,-107.2
158584863.3,-107.3
158585595.7,-107.2
158586328.1,-107.2
158587060.5,-107.2
158587793.0,-107.2
158588525.4,-107.3
158589257.8,-107.3
158589990.2,-107.3
158590722.7,-107.2
158591455.1,-107.3
158592187.5,-107.3
158592919.9,-107.2
158593652.3,-107.2
158594384.8,-107.2
158595117.2,-107.3
158595849.6,-107.4
158596582.0,-107.3
158597314.5,-107.2
158598046.9,-107.2
158598779.3,-107.3
158599511.7,-107.3
158600244.1,-107.2
158600976.6,-107.3
158601709.0,-107.3
158602441.4,-107.3
158603173.8,-107.3
158603906.2,-107.3
158604638.7,-107.3
158605371.1,-107.3
158606103.5,-107.3
158606835.9,-107.2
158607568.4,-107.1
158608300.8,-107.2
158609033.2,-107.2
158609765.6,-107.3
158610498.0,-107.2
158611230.5,-107.3
158611962.9,-107.3
158612695.3,-107.2
158613427.7,-107.2
158614160.2,-107.2
158614892.6,-107.1
158615625.0,-107.2
158616357.4,-107.1
158617089.8,-107.2
158617822.3,-107.2
158618554.7,-107.2
158619287.1,-107.2
158620019.5,-107.3
158620752.0,-107.3
158621484.4,-107.2
158622216.8,-107.2
158622949.2,-107.2
158623681.6,-107.2
158624414.1,-107.3
158625146.5,-107.2
158625878.9,-107.2
158626611.3,-107.2
158627343.8,-107.3
158628076.2,-107.3
158628808.6,-107.2
158629541.0,-107.2
158630273.4,-107.1
158631005.9,-107.2
158631738.3,-107.2
158632470.7,-107.3
158633203.1,-107.4
158633935.5,-107.2
158634668.0,-107.2
158635400.4,-107.3
158636132.8,-107.3
158636865.2,-107.2
158637597.7,-107.2
158638330.1,-107.2
158639062.5,-107.3
158639794.9,-107.3
158640527.3,-107.2
158641259.8,-107.2
158641992.2,-107.1
158642724.6,-107.2
158643457.0,-107.3
158644189.5,-107.2
158644921.9,-107.2
158645654.3,-107.3
158646386.7,-107.3
158647119.1,-107.2
158647851.6,-107.2
158648584.0,-107.3
158649316.4,-107.2
158650048.8,-107.2
158650781.2,-107.2
158651513.7,-107.2
158652246.1,-107.3
158652978.5,-107.2
158653710.9,-107.2
158654443.4,-107.3
158655175.8,-107.2
158655908.2,-107.2
158656640.6,-107.2
158657373.0,-107.1
158658105.5,-107.1
158658837.9,-107.2
158659570.3,-107.2
158660302.7,-107.2
158661035.2,-107.2
158661767.6,-107.2
158662500.0,-107.2
158663232.4,-107.2
158663964.8,-107.1
158664697.3,-106.9
158665429.7,-107.2
158666162.1,-107.3
158666894.5,-107.2
158667627.0,-107.2
158668359.4,-107.2
158669091.8,-107.3
158669824.2,-107.3
158670556.6,-107.2
158671289.1,-107.0
158672021.5,-107.0
158672753.9,-107.1
158673486.3,-107.2
158674218.8,-107.2
158674951.2,-107.3
158675683.6,-107.2
158676416.0,-107.1
158677148.4,-107.1
158677880.9,-107.1
158678613.3,-107.0
158679345.7,-107.0
158680078.1,-107.2
158680810.5,-107.2
158681543.0,-107.3
158682275.4,-107.2
158683007.8,-107.1
158683740.2,-107.1
158684472.7,-107.1
158685205.1,-107.1
158685937.5,-107.2
158686669.9,-107.2
158687402.3,-107.2
158688134.8,-107.1
158688867.2,-107.2
158689599.6,-107.2
158690332.0,-107.1
158691064.5,-107.1
158691796.9,-107.2
158692529.3,-107.2
158693261.7,-107.1
158693994.1,-107.1
158694726.6,-107.1
158695459.0,-107.1
158696191.4,-107.1
158696923.8,-107.1
158697656.2,-107.2
158698388.7,-107.2
158699121.1,-107.1
158699853.5,-107.1
158700585.9,-107.2
158701318.4,-107.1
158702050.8,-107.1
158702783.2,-107.2
158703515.6,-107.1
158704248.0,-107.2
158704980.5,-107.1
158705712.9,-107.1
158706445.3,-107.2
158707177.7,-107.2
158707910.2,-107.2
158708642.6,-107.3
158709375.0,-107.2
158710107.4,-107.1
158710839.8,-107.0
158711572.3,-107.1
158712304.7,-107.1
158713037.1,-107.0
158713769.5,-107.1
158714502.0,-107.1
158715234.4,-107.0
158715966.8,-107.1
158716699.2,-107.1
158717431.6,-107.1
158718164.1,-107.0
158718896.5,-107.0
158719628.9,-107.0
158720361.3,-107.1
158721093.8,-107.1
158721826.2,-107.0
158722558.6,-107.1
158723291.0,-107.1
158724023.4,-107.2
158724755.9,-107.2
158725488.3,-107.2
158726220.7,-107.2
158726953.1,-107.1
158727685.5,-107.1
158728418.0,-107.0
158729150.4,-107.1
158729882.8,-107.1
158730615.2,-107.0
158731347.7,-107.0
158732080.1,-107.1
158732812.5,-107.0
158733544.9,-107.0
158734277.3,-107.0
158735009.8,-106.9
158735742.2,-107.1
158736474.6,-107.2
158737207.0,-107.1
158737939.5,-107.1
158738671.9,-107.0
158739404.3,-106.9
158740136.7,-107.0
158740869.1,-107.0
158741601.6,-106.9
158742334.0,-107.0
158743066.4,-107.1
158743798.8,-107.1
158744531.2,-107.1
158745263.7,-107.1
158745996.1,-107.1
158746728.5,-107.1
158747460.9,-107.1
158748193.4,-107.1
158748925.8,-107.1
158749658.2,-107.1
158750390.6,-107.1
158751123.0,-107.2
158751855.5,-107.1
158752587.9,-107.1
158753320.3,-107.1
158754052.7,-107.1
158754785.2,-107.1
158755517.6,-107.1
158756250.0,-107.2
158756982.4,-107.1
158757714.8,-107.1
158758447.3,-107.0
158759179.7,-106.9
158759912.1,-107.0
158760644.5,-107.0
158761377.0,-106.9
158762109.4,-107.0
158762841.8,-107.1
158763574.2,-107.2
158764306.6,-107.2
158765039.1,-107.1
158765771.5,-107.1
158766503.9,-107.1
158767236.3,-107.1
158767968.8,-107.0
158768701.2,-107.1
158769433.6,-107.1
158770166.0,-107.0
158770898.4,-107.0
158771630.9,-107.0
158772363.3,-107.1
158773095.7,-107.1
158773828.1,-107.0
158774560.5,-107.0
158775293.0,-107.0
158776025.4,-106.8
158776757.8,-106.9
158777490.2,-107.0
158778222.7,-107.0
158778955.1,-107.0
158779687.5,-107.0
158780419.9,-107.0
158781152.3,-107.1
158781884.8,-107.0
158782617.2,-107.0
158783349.6,-106.9
158784082.0,-106.9
158784814.5,-107.0
158785546.9,-107.0
158786279.3,-107.0
158787011.7,-107.1
158787744.1,-107.0
158788476.6,-107.1
158789209.0,-107.1
158789941.4,-107.0
158790673.8,-106.9
158791406.2,-106.9
158792138.7,-106.9
158792871.1,-107.1
158793603.5,-107.1
158794335.9,-107.1
158795068.4,-107.1
158795800.8,-107.0
158796533.2,-107.0
158797265.6,-107.0
158797998.0,-107.0
158798730.5,-107.1
158799462.9,-107.0
158800195.3,-107.0
158800927.7,-107.0
158801660.2,-106.9
158802392.6,-107.0
158803125.0,-107.0
158803857.4,-107.0
158804589.8,-107.1
158805322.3,-107.1
158806054.7,-107.0
158806787.1,-106.9
158807519.5,-106.9
158808252.0,-107.0
158808984.4,-106.9
158809716.8,-106.9
158810449.2,-107.0
158811181.6,-107.1
158811914.1,-107.0
158812646.5,-107.0
158813378.9,-107.0
158814111.3,-107.0
158814843.8,-107.0
158815576.2,-107.0
158816308.6,-107.0
158817041.0,-107.0
158817773.4,-107.0
158818505.9,-107.0
158819238.3,-106.9
158819970.7,-107.0
158820703.1,-107.0
158821435.5,-107.0
158822168.0,-107.0
158822900.4,-106.9
158823632.8,-106.9
158824365.2,-106.9
158825097.7,-106.9
158825830.1,-106.9
158826562.5,-107.0
158827294.9,-107.0
158828027.3,-107.0
158828759.8,-107.0
158829492.2,-107.0
158830224.6,-106.8
158830957.0,-106.8
158831689.5,-107.0
158832421.9,-107.0
158833154.3,-107.0
158833886.7,-107.1
158834619.1,-107.2
158835351.6,-107.0
158836084.0,-107.0
158836816.4,-107.0
158837548.8,-107.0
158838281.2,-107.0
158839013.7,-107.0
158839746.1,-107.0
158840478.5,-107.0
158841210.9,-107.0
158841943.4,-106.9
158842675.8,-106.9
158843408.2,-106.8
158844140.6,-107.0
158844873.0,-107.0
158845605.5,-107.0
158846337.9,-107.0
158847070.3,-106.9
158847802.7,-107.0
158848535.2,-107.0
158849267.6,-107.0
158850000.0,-107.0
158850732.4,-107.0
158851464.8,-106.9
158852197.3,-107.0
158852929.7,-107.1
158853662.1,-107.1
158854394.5,-107.0
158855127.0,-106.9
158855859.4,-106.9
158856591.8,-107.0
158857324.2,-107.0
158858056.6,-107.0
158858789.1,-107.0
158859521.5,-106.9
158860253.9,-106.9
158860986.3,-107.0
158861718.8,-107.0
158862451.2,-107.0
158863183.6,-107.0
158863916.0,-107.0
158864648.4,-107.0
158865380.9,-106.6
158866113.3,-106.7
158866845.7,-107.0
158867578.1,-107.1
158868310.5,-107.0
158869043.0,-107.0
158869775.4,-107.0
158870507.8,-107.1
158871240.2,-107.1
158871972.7,-107.0
158872705.1,-107.1
158873437.5,-107.1
158874169.9,-107.0
158874902.3,-107.0
158875634.8,-107.1
158876367.2,-107.0
158877099.6,-107.0
158877832.0,-107.0
158878564.5,-107.0
158879296.9,-107.0
158880029.3,-107.1
158880761.7,-107.0
158881494.1,-107.1
158882226.6,-107.1
158882959.0,-107.1
158883691.4,-107.1
158884423.8,-107.2
158885156.2,-107.1
158885888.7,-107.0
158886621.1,-107.1
158887353.5,-107.0
158888085.9,-107.0
158888818.4,-107.1
158889550.8,-107.1
158890283.2,-107.0
158891015.6,-107.1
158891748.0,-107.1
158892480.5,-107.1
158893212.9,-107.2
158893945.3,-107.1
158894677.7,-106.9
158895410.2,-107.0
158896142.6,-107.0
158896875.0,-107.0
158897607.4,-107.1
158898339.8,-107.0
158899072.3,-107.0
158899804.7,-107.1
158900537.1,-107.0
158901269.5,-107.1
158902002.0,-107.1
158902734.4,-107.1
158903466.8,-107.1
158904199.2,-107.0
158904931.6,-107.1
158905664.1,-107.1
158906396.5,-107.0
158907128.9,-107.1
158907861.3,-107.0
158908593.8,-107.1
158909326.2,-107.1
158910058.6,-107.1
158910791.0,-107.1
158911523.4,-107.1
158912255.9,-107.0
158912988.3,-107.1
158913720.7,-107.2
158914453.1,-107.1
158915185.5,-107.0
158915918.0,-107.0
158916650.4,-107.1
158917382.8,-107.2
158918115.2,-107.1
158918847.7,-107.0
158919580.1,-107.1
158920312.5,-107.0
158921044.9,-107.0
158921777.3,-107.1
158922509.8,-107.1
158923242.2,-107.1
158923974.6,-107.2
158924707.0,-107.1
158925439.5,-107.2
158926171.9,-107.2
158926904.3,-107.1
158927636.7,-107.1
158928369.1,-107.0
158929101.6,-107.1
158929834.0,-107.1
158930566.4,-107.2
158931298.8,-107.2
158932031.2,-107.1
158932763.7,-107.1
158933496.1,-107.2
158934228.5,-107.1
158934960.9,-107.1
158935693.4,-107.1
158936425.8,-107.0
158937158.2,-107.1
158937890.6,-107.1
158938623.0,-107.2
158939355.5,-107.2
158940087.9,-107.3
158940820.3,-107.1
158941552.7,-107.1
158942285.2,-107.1
158943017.6,-107.1
158943750.0,-107.0
158944482.4,-107.1
158945214.8,-107.1
158945947.3,-107.2
158946679.7,-107.2
158947412.1,-107.2
158948144.5,-107.2
158948877.0,-107.2
158949609.4,-107.1
158950341.8,-107.1
158951074.2,-107.0
158951806.6,-107.1
158952539.1,-107.2
158953271.5,-107.3
158954003.9,-107.2
158954736.3,-107.2
158955468.8,-107.2
158956201.2,-107.2
158956933.6,-107.1
158957666.0,-107.2
158958398.4,-107.2
158959130.9,-107.3
158959863.3,-107.3
158960595.7,-107.2
158961328.1,-107.2
158962060.5,-107.1
158962793.0,-107.0
158963525.4,-107.0
158964257.8,-107.1
158964990.2,-107.1
158965722.7,-107.2
158966455.1,-107.2
158967187.5,-107.1
158967919.9,-107.1
158968652.3,-107.1
158969384.8,-107.1
158970117.2,-107.1
158970849.6,-107.1
158971582.0,-107.1
158972314.5,-107.2
158973046.9,-107.1
158973779.3,-107.1
158974511.7,-107.1
158975244.1,-107.1
158975976.6,-107.0
158976709.0,-107.0
158977441.4,-107.0
158978173.8,-107.1
158978906.2,-107.1
158979638.7,-107.0
158980371.1,-107.1
158981103.5,-107.2
158981835.9,-107.1
158982568.4,-107.0
158983300.8,-107.1
158984033.2,-107.1
158984765.6,-107.1
158985498.0,-107.2
158986230.5,-107.3
158986962.9,-107.2
158987695.3,-107.1
158988427.7,-107.2
158989160.2,-107.2
158989892.6,-107.1
158990625.0,-107.2
158991357.4,-107.2
158992089.8,-107.1
158992822.3,-107.1
158993554.7,-107.2
158994287.1,-107.2
158995019.5,-107.2
158995752.0,-107.0
158996484.4,-106.9
158997216.8,-107.2
158997949.2,-107.1
158998681.6,-107.1
158999414.1,-107.3
159000146.5,-107.2
159000878.9,-107.1
159001611.3,-107.1
159002343.8,-107.1
159003076.2,-107.1
159003808.6,-107.2
159004541.0,-107.1
159005273.4,-107.1
159006005.9,-107.1
159006738.3,-107.1
159007470.7,-107.0
159008203.1,-107.0
159008935.5,-107.2
159009668.0,-107.2
159010400.4,-107.2
159011132.8,-107.2
159011865.2,-107.1
159012597.7,-107.1
159013330.1,-107.3
159014062.5,-107.2
159014794.9,-107.1
159015527.3,-107.2
159016259.8,-107.2
159016992.2,-107.2
159017724.6,-107.2
159018457.0,-107.1
159019189.5,-107.2
159019921.9,-107.2
159020654.3,-107.2
159021386.7,-107.2
159022119.1,-107.1
159022851.6,-107.1
159023584.0,-107.2
159024316.4,-107.2
159025048.8,-107.1
159025781.2,-107.1
159026513.7,-107.1
159027246.1,-107.1
159027978.5,-107.2
159028710.9,-107.2
159029443.4,-107.1
159030175.8,-107.2
159030908.2,-107.2
159031640.6,-107.2
159032373.0,-107.2
159033105.5,-107.2
159033837.9,-107.2
159034570.3,-107.2
159035302.7,-107.2
159036035.2,-107.3
159036767.6,-107.2
159037500.0,-107.1
159038232.4,-107.2
159038964.8,-107.2
159039697.3,-107.2
159040429.7,-107.1
159041162.1,-107.2
159041894.5,-107.2
159042627.0,-107.2
159043359.4,-107.2
159044091.8,-107.2
159044824.2,-107.2
159045556.6,-107.2
159046289.1,-107.2
159047021.5,-107.1
159047753.9,-107.2
159048486.3,-107.1
159049218.8,-107.2
159049951.2,-107.2
159050683.6,-107.2
159051416.0,-107.2
159052148.4,-107.2
159052880.9,-107.3
159053613.3,-107.2
159054345.7,-107.2
159055078.1,-107.1
159055810.5,-107.1
159056543.0,-107.0
159057275.4,-107.1
159058007.8,-107.2
159058740.2,-107.0
159059472.7,-107.0
159060205.1,-107.1
159060937.5,-107.1
159061669.9,-107.1
159062402.3,-107.1
159063134.8,-107.2
159063867.2,-107.2
159064599.6,-107.1
159065332.0,-107.1
159066064.5,-106.9
159066796.9,-106.6
159067529.3,-107.0
159068261.7,-107.1
159068994.1,-107.2
159069726.6,-107.1
159070459.0,-107.0
159071191.4,-107.1
159071923.8,-107.1
159072656.2,-107.1
159073388.7,-107.2
159074121.1,-107.2
159074853.5,-107.2
159075585.9,-107.1
159076318.4,-107.1
159077050.8,-107.1
159077783.2,-107.1
159078515.6,-107.1
159079248.0,-107.1
159079980.5,-107.0
159080712.9,-107.0
159081445.3,-107.0
159082177.7,-107.0
159082910.2,-107.2
159083642.6,-107.2
159084375.0,-107.1
159085107.4,-107.0
159085839.8,-107.1
159086572.3,-107.0
159087304.7,-107.0
159088037.1,-107.1
159088769.5,-107.1
159089502.0,-107.0
159090234.4,-107.0
159090966.8,-107.1
159091699.2,-107.1
159092431.6,-107.1
159093164.1,-107.2
159093896.5,-107.1
159094628.9,-106.8
159095361.3,-106.8
159096093.8,-107.0
159096826.2,-107.1
159097558.6,-107.0
159098291.0,-106.9
159099023.4,-106.9
159099755.9,-107.1
159100488.3,-107.1
159101220.7,-107.2
159101953.1,-107.2
159102685.5,-107.0
159103418.0,-107.0
159104150.4,-107.0
159104882.8,-107.0
159105615.2,-107.0
159106347.7,-107.1
159107080.1,-107.0
159107812.5,-107.1
159108544.9,-107.1
159109277.3,-107.1
159110009.8,-107.1
159110742.2,-107.0
159111474.6,-107.1
159112207.0,-107.1
159112939.5,-107.0
159113671.9,-107.0
159114404.3,-107.1
159115136.7,-107.0
159115869.1,-107.1
159116601.6,-107.1
159117334.0,-107.1
159118066.4,-107.1
159118798.8,-107.1
159119531.2,-107.0
159120263.7,-106.9
159120996.1,-107.0
159121728.5,-107.1
159122460.9,-107.2
159123193.4,-107.2
159123925.8,-107.2
159124658.2,-107.1
159125390.6,-107.0
159126123.0,-107.0
159126855.5,-107.0
159127587.9,-107.1
159128320.3,-107.0
159129052.7,-107.0
159129785.2,-107.1
159130517.6,-107.0
159131250.0,-107.0
159131982.4,-107.0
159132714.8,-107.1
159133447.3,-107.0
159134179.7,-107.0
159134912.1,-107.0
159135644.5,-107.1
159136377.0,-107.0
159137109.4,-107.1
159137841.8,-107.0
159138574.2,-107.1
159139306.6,-107.1
159140039.1,-107.1
159140771.5,-107.1
159141503.9,-107.1
159142236.3,-107.1
159142968.8,-107.1
159143701.2,-107.0
159144433.6,-107.1
159145166.0,-107.1
159145898.4,-107.0
159146630.9,-107.0
159147363.3,-107.1
159148095.7,-107.1
159148828.1,-107.1
159149560.5,-107.1
159150293.0,-107.1
159151025.4,-107.0
159151757.8,-107.0
159152490.2,-107.0
159153222.7,-107.1
159153955.1,-107.0
159154687.5,-106.9
159155419.9,-107.0
159156152.3,-107.0
159156884.8,-107.1
159157617.2,-107.1
159158349.6,-107.1
159159082.0,-106.9
159159814.5,-107.1
159160546.9,-107.1
159161279.3,-107.1
159162011.7,-107.1
159162744.1,-107.1
159163476.6,-107.1
159164209.0,-107.2
159164941.4,-107.0
159165673.8,-107.0
159166406.2,-107.0
159167138.7,-106.9
159167871.1,-107.0
159168603.5,-107.1
159169335.9,-107.1
159170068.4,-107.2
159170800.8,-107.2
159171533.2,-107.1
159172265.6,-107.0
159172998.0,-107.0
159173730.5,-107.0
159174462.9,-107.1
159175195.3,-106.9
159175927.7,-106.9
159176660.2,-106.9
159177392.6,-107.0
159178125.0,-107.0
159178857.4,-107.1
159179589.8,-107.1
159180322.3,-107.0
159181054.7,-107.0
159181787.1,-107.0
159182519.5,-106.9
159183252.0,-106.9
159183984.4,-106.9
159184716.8,-106.9
159185449.2,-107.0
159186181.6,-107.0
159186914.1,-107.0
159187646.5,-107.0
159188378.9,-107.0
159189111.3,-106.9
159189843.8,-107.0
159190576.2,-107.0
159191308.6,-106.9
159192041.0,-106.9
159192773.4,-106.9
159193505.9,-107.1
159194238.3,-107.1
159194970.7,-107.1
159195703.1,-107.1
159196435.5,-107.0
159197168.0,-106.9
159197900.4,-106.9
159198632.8,-106.9
159199365.2,-107.0
159200097.7,-107.0
159200830.1,-106.8
159201562.5,-106.7
159202294.9,-106.9
159203027.3,-106.9
159203759.8,-107.0
159204492.2,-106.9
159205224.6,-107.1
159205957.0,-107.0
159206689.5,-106.9
159207421.9,-106.8
159208154.3,-106.8
159208886.7,-107.0
159209619.1,-107.0
159210351.6,-106.9
159211084.0,-107.0
159211816.4,-107.0
159212548.8,-107.0
159213281.2,-106.9
159214013.7,-106.9
159214746.1,-106.7
159215478.5,-106.8
159216210.9,-106.9
159216943.4,-107.0
159217675.8,-107.0
159218408.2,-107.0
159219140.6,-106.9
159219873.0,-107.0
159220605.5,-107.0
159221337.9,-107.0
159222070.3,-106.9
159222802.7,-107.0
159223535.2,-107.0
159224267.6,-106.9
159225000.0,-107.0
159225732.4,-107.0
159226464.8,-107.1
159227197.3,-107.0
159227929.7,-107.0
159228662.1,-107.1
159229394.5,-107.1
159230127.0,-107.0
159230859.4,-106.9
159231591.8,-106.9
159232324.2,-107.0
159233056.6,-107.1
159233789.1,-107.1
159234521.5,-107.0
159235253.9,-106.9
159235986.3,-107.0
159236718.8,-106.9
159237451.2,-107.2
159238183.6,-107.2
159238916.0,-106.9
159239648.4,-106.9
159240380.9,-106.9
159241113.3,-107.0
159241845.7,-107.0
159242578.1,-107.0
159243310.5,-107.1
159244043.0,-107.0
159244775.4,-106.9
159245507.8,-107.0
159246240.2,-107.1
159246972.7,-107.0
159247705.1,-107.0
159248437.5,-106.9
159249169.9,-107.1
159249902.3,-107.2
159250634.8,-107.2
159251367.2,-107.1
159252099.6,-107.0
159252832.0,-106.9
159253564.5,-106.9
159254296.9,-107.0
159255029.3,-106.9
159255761.7,-107.0
159256494.1,-107.0
159257226.6,-107.0
159257959.0,-107.0
159258691.4,-107.1
159259423.8,-107.1
159260156.2,-107.1
159260888.7,-107.1
159261621.1,-107.0
159262353.5,-107.1
159263085.9,-107.1
159263818.4,-107.0
159264550.8,-107.1
159265283.2,-107.1
159266015.6,-107.2
159266748.0,-107.2
159267480.5,-107.0
159268212.9,-106.9
159268945.3,-107.0
159269677.7,-107.0
159270410.2,-107.0
159271142.6,-106.9
159271875.0,-107.0
159272607.4,-107.0
159273339.8,-107.0
159274072.3,-107.1
159274804.7,-107.1
159275537.1,-107.1
159276269.5,-107.1
159277002.0,-107.1
159277734.4,-107.1
159278466.8,-107.0
159279199.2,-106.9
159279931.6,-107.0
159280664.1,-107.1
159281396.5,-107.1
159282128.9,-107.1
159282861.3,-107.1
159283593.8,-107.1
159284326.2,-107.0
159285058.6,-106.9
159285791.0,-106.9
159286523.4,-107.1
159287255.9,-107.1
159287988.3,-107.1
159288720.7,-107.2
159289453.1,-107.1
159290185.5,-107.2
159290918.0,-107.2
159291650.4,-107.1
159292382.8,-107.1
159293115.2,-107.2
159293847.7,-107.2
159294580.1,-107.2
159295312.5,-107.0
159296044.9,-107.1
159296777.3,-107.2
159297509.8,-107.2
159298242.2,-107.2
159298974.6,-107.2
159299707.0,-107.1
159300439.5,-107.1
159301171.9,-107.3
159301904.3,-107.1
159302636.7,-107.1
159303369.1,-107.1
159304101.6,-107.2
159304834.0,-107.1
159305566.4,-107.2
159306298.8,-107.3
159307031.2,-107.0
159307763.7,-107.0
159308496.1,-107.1
159309228.5,-107.2
159309960.9,-107.2
159310693.4,-107.1
159311425.8,-107.2
159312158.2,-107.2
159312890.6,-107.2
159313623.0,-107.1
159314355.5,-107.1
159315087.9,-107.2
159315820.3,-107.2
159316552.7,-107.2
159317285.2,-107.2
159318017.6,-107.1
159318750.0,-107.2
159319482.4,-107.2
159320214.8,-107.1
159320947.3,-107.1
159321679.7,-107.1
159322412.1,-107.2
159323144.5,-107.2
159323877.0,-107.3
159324609.4,-107.2
159325341.8,-107.3
159326074.2,-107.2
159326806.6,-107.2
159327539.1,-107.1
159328271.5,-107.1
159329003.9,-107.2
159329736.3,-106.9
159330468.8,-106.8
159331201.2,-107.1
159331933.6,-107.1
159332666.0,-107.2
159333398.4,-107.2
159334130.9,-107.1
159334863.3,-107.2
159335595.7,-107.2
159336328.1,-107.2
159337060.5,-107.2
159337793.0,-107.2
159338525.4,-107.2
159339257.8,-107.3
159339990.2,-107.3
159340722.7,-107.3
159341455.1,-107.2
159342187.5,-107.0
159342919.9,-107.2
159343652.3,-107.3
159344384.8,-107.2
159345117.2,-107.1
159345849.6,-107.2
159346582.0,-107.3
159347314.5,-107.3
159348046.9,-107.2
159348779.3,-107.2
159349511.7,-107.2
159350244.1,-107.3
159350976.6,-107.1
159351709.0,-107.2
159352441.4,-107.1
159353173.8,-107.2
159353906.2,-107.1
159354638.7,-107.1
159355371.1,-107.1
159356103.5,-107.1
159356835.9,-107.1
159357568.4,-107.2
159358300.8,-107.2
159359033.2,-107.1
159359765.6,-107.1
159360498.0,-107.2
159361230.5,-107.2
159361962.9,-107.2
159362695.3,-107.2
159363427.7,-107.2
159364160.2,-107.2
159364892.6,-107.2
159365625.0,-107.3
159366357.4,-107.3
159367089.8,-107.4
159367822.3,-107.3
159368554.7,-107.2
159369287.1,-107.3
159370019.5,-107.3
159370752.0,-107.3
159371484.4,-107.3
159372216.8,-107.2
159372949.2,-107.1
159373681.6,-107.2
159374414.1,-107.3
159375146.5,-107.2
159375878.9,-107.3
159376611.3,-107.2
159377343.8,-107.2
159378076.2,-107.2
159378808.6,-107.3
159379541.0,-107.3
159380273.4,-107.3
159381005.9,-106.8
159381738.3,-106.2
159382470.7,-107.1
159383203.1,-107.2
159383935.5,-107.2
159384668.0,-107.1
159385400.4,-107.2
159386132.8,-107.3
159386865.2,-107.3
159387597.7,-107.3
159388330.1,-107.3
159389062.5,-107.3
159389794.9,-107.3
159390527.3,-107.1
159391259.8,-107.1
159391992.2,-107.2
159392724.6,-107.2
159393457.0,-107.2
159394189.5,-107.1
159394921.9,-107.3
159395654.3,-107.3
159396386.7,-107.3
159397119.1,-107.2
159397851.6,-107.2
159398584.0,-107.2
159399316.4,-107.3
159400048.8,-107.4
159400781.2,-107.3
159401513.7,-107.3
159402246.1,-107.2
159402978.5,-107.2
159403710.9,-107.3
159404443.4,-107.2
159405175.8,-107.1
159405908.2,-107.1
159406640.6,-107.1
159407373.0,-107.2
159408105.5,-107.2
159408837.9,-107.2
159409570.3,-107.2
159410302.7,-107.2
159411035.2,-107.1
159411767.6,-107.7
159412500.0,-111.5
159413232.4,-107.7
159413964.8,-107.1
159414697.3,-107.2
159415429.7,-107.3
159416162.1,-107.3
159416894.5,-107.2
159417627.0,-107.1
159418359.4,-107.1
159419091.8,-107.3
159419824.2,-107.2
159420556.6,-107.2
159421289.1,-107.2
159422021.5,-107.3
159422753.9,-107.2
159423486.3,-107.2
159424218.8,-107.3
159424951.2,-107.2
159425683.6,-107.3
159426416.0,-107.3
159427148.4,-107.3
159427880.9,-107.3
159428613.3,-107.4
159429345.7,-107.3
159430078.1,-107.3
159430810.5,-107.3
159431543.0,-107.2
159432275.4,-107.2
159433007.8,-107.3
159433740.2,-107.3
159434472.7,-107.3
159435205.1,-107.2
159435937.5,-107.3
159436669.9,-107.3
159437402.3,-107.3
159438134.8,-107.2
159438867.2,-107.3
159439599.6,-107.3
159440332.0,-107.3
159441064.5,-107.3
159441796.9,-107.2
159442529.3,-107.3
159443261.7,-107.3
159443994.1,-107.3
159444726.6,-107.3
159445459.0,-107.3
159446191.4,-107.3
159446923.8,-107.3
159447656.2,-107.3
159448388.7,-107.3
159449121.1,-107.2
159449853.5,-107.3
159450585.9,-107.3
159451318.4,-107.3
159452050.8,-107.3
159452783.2,-107.2
159453515.6,-107.3
159454248.0,-107.3
159454980.5,-107.2
159455712.9,-107.3
159456445.3,-107.2
159457177.7,-107.2
159457910.2,-107.2
159458642.6,-107.3
159459375.0,-107.4
159460107.4,-107.2
159460839.8,-107.2
159461572.3,-107.2
159462304.7,-107.2
159463037.1,-107.2
159463769.5,-107.3
159464502.0,-107.2
159465234.4,-107.3
159465966.8,-107.3
159466699.2,-107.3
159467431.6,-107.4
159468164.1,-107.3
159468896.5,-107.0
159469628.9,-107.2
159470361.3,-107.2
159471093.8,-107.3
159471826.2,-107.5
159472558.6,-107.3
159473291.0,-107.3
159474023.4,-107.4
159474755.9,-107.3
159475488.3,-107.3
159476220.7,-107.3
159476953.1,-107.2
159477685.5,-107.2
159478418.0,-107.2
159479150.4,-107.2
159479882.8,-107.1
159480615.2,-107.1
159481347.7,-107.2
159482080.1,-107.2
159482812.5,-107.3
159483544.9,-107.3
159484277.3,-107.3
159485009.8,-107.3
159485742.2,-107.2
159486474.6,-107.3
159487207.0,-107.2
159487939.5,-107.2
159488671.9,-107.2
159489404.3,-107.2
159490136.7,-107.2
159490869.1,-107.2
159491601.6,-107.2
159492334.0,-107.1
159493066.4,-107.1
159493798.8,-107.2
159494531.2,-107.2
159495263.7,-107.2
159495996.1,-107.3
159496728.5,-107.3
159497460.9,-107.2
159498193.4,-107.1
159498925.8,-107.1
159499658.2,-107.2
159500390.6,-107.2
159501123.0,-107.3
159501855.5,-107.3
159502587.9,-107.2
159503320.3,-107.1
159504052.7,-107.2
159504785.2,-107.2
159505517.6,-107.2
159506250.0,-107.3
159506982.4,-107.3
159507714.8,-107.2
159508447.3,-107.2
159509179.7,-107.2
159509912.1,-107.2
159510644.5,-107.2
159511377.0,-107.1
159512109.4,-107.1
159512841.8,-107.1
159513574.2,-107.1
159514306.6,-107.1
159515039.1,-107.1
159515771.5,-107.0
159516503.9,-107.1
159517236.3,-107.2
159517968.8,-107.1
159518701.2,-107.1
159519433.6,-107.1
159520166.0,-107.0
159520898.4,-107.1
159521630.9,-107.1
159522363.3,-107.2
159523095.7,-107.2
159523828.1,-107.1
159524560.5,-107.2
159525293.0,-107.2
159526025.4,-107.1
159526757.8,-107.0
159527490.2,-107.1
159528222.7,-107.1
159528955.1,-107.1
159529687.5,-107.2
159530419.9,-107.2
159531152.3,-107.2
159531884.8,-107.1
159532617.2,-107.2
159533349.6,-107.1
159534082.0,-107.1
159534814.5,-107.1
159535546.9,-107.1
159536279.3,-107.0
159537011.7,-107.0
159537744.1,-107.0
159538476.6,-107.2
159539209.0,-107.1
159539941.4,-107.1
159540673.8,-107.1
159541406.2,-107.1
159542138.7,-107.0
159542871.1,-107.1
159543603.5,-107.1
159544335.9,-107.2
159545068.4,-107.1
159545800.8,-107.1
159546533.2,-107.1
159547265.6,-107.1
159547998.0,-107.1
159548730.5,-107.2
159549462.9,-107.1
159550195.3,-107.0
159550927.7,-107.0
159551660.2,-107.1
159552392.6,-107.1
159553125.0,-107.0
159553857.4,-107.1
159554589.8,-107.1
159555322.3,-107.0
159556054.7,-107.0
159556787.1,-107.0
159557519.5,-107.0
159558252.0,-107.0
159558984.4,-106.9
159559716.8,-106.9
159560449.2,-106.9
159561181.6,-106.9
159561914.1,-107.0
159562646.5,-107.1
159563378.9,-107.0
159564111.3,-107.0
159564843.8,-107.0
159565576.2,-106.8
159566308.6,-106.9
159567041.0,-106.9
159567773.4,-107.0
159568505.9,-107.0
159569238.3,-107.0
159569970.7,-107.0
159570703.1,-107.0
159571435.5,-107.0
159572168.0,-107.0
159572900.4,-106.9
159573632.8,-106.9
159574365.2,-106.9
159575097.7,-106.8
159575830.1,-106.9
159576562.5,-107.0
159577294.9,-107.0
159578027.3,-106.9
159578759.8,-107.0
159579492.2,-106.9
159580224.6,-107.0
159580957.0,-107.0
159581689.5,-106.9
159582421.9,-106.8
159583154.3,-106.8
159583886.7,-106.8
159584619.1,-106.8
159585351.6,-106.8
159586084.0,-106.9
159586816.4,-106.8
159587548.8,-107.0
159588281.2,-107.0
159589013.7,-106.9
159589746.1,-106.8
159590478.5,-106.9
159591210.9,-106.8
159591943.4,-106.9
159592675.8,-106.8
159593408.2,-106.7
159594140.6,-106.8
159594873.0,-106.9
159595605.5,-106.8
159596337.9,-106.9
159597070.3,-106.9
159597802.7,-106.9
159598535.2,-106.8
159599267.6,-106.7
159600000.0,-106.8
159600732.4,-106.8
159601464.8,-106.8
159602197.3,-106.9
159602929.7,-106.9
159603662.1,-106.9
159604394.5,-106.9
159605127.0,-106.9
159605859.4,-106.9
159606591.8,-106.7
159607324.2,-106.6
159608056.6,-106.7
159608789.1,-106.8
159609521.5,-106.9
159610253.9,-106.9
159610986.3,-106.9
159611718.8,-106.9
159612451.2,-106.9
159613183.6,-106.9
159613916.0,-106.9
159614648.4,-106.8
159615380.9,-106.6
159616113.3,-106.6
159616845.7,-106.8
159617578.1,-106.8
159618310.5,-106.9
159619043.0,-106.9
159619775.4,-106.9
159620507.8,-106.8
159621240.2,-106.9
159621972.7,-106.8
159622705.1,-106.8
159623437.5,-106.8
159624169.9,-106.9
159624902.3,-106.9
159625634.8,-106.8
159626367.2,-106.9
159627099.6,-106.8
159627832.0,-106.8
159628564.5,-106.9
159629296.9,-107.0
159630029.3,-106.9
159630761.7,-106.8
159631494.1,-106.8
159632226.6,-106.8
159632959.0,-106.9
159633691.4,-107.0
159634423.8,-106.9
159635156.2,-106.9
159635888.7,-106.9
159636621.1,-107.0
159637353.5,-106.8
159638085.9,-106.8
159638818.4,-106.8
159639550.8,-106.7
159640283.2,-106.7
159641015.6,-106.8
159641748.0,-106.8
159642480.5,-106.9
159643212.9,-106.9
159643945.3,-107.0
159644677.7,-107.0
159645410.2,-106.9
159646142.6,-106.9
159646875.0,-106.9
159647607.4,-107.0
159648339.8,-107.0
159649072.3,-106.9
159649804.7,-107.0
159650537.1,-107.0
159651269.5,-107.1
159652002.0,-106.9
159652734.4,-106.8
159653466.8,-106.9
159654199.2,-106.9
159654931.6,-106.8
159655664.1,-106.9
159656396.5,-106.9
159657128.9,-107.0
159657861.3,-107.0
159658593.8,-107.1
159659326.2,-107.1
159660058.6,-107.1
159660791.0,-107.0
159661523.4,-107.0
159662255.9,-107.0
159662988.3,-107.0
159663720.7,-107.0
159664453.1,-107.0
159665185.5,-107.1
159665918.0,-107.1
159666650.4,-107.1
159667382.8,-107.1
159668115.2,-107.1
159668847.7,-107.0
159669580.1,-106.8
159670312.5,-106.8
159671044.9,-107.0
159671777.3,-107.0
159672509.8,-107.1
159673242.2,-107.1
159673974.6,-107.0
159674707.0,-107.1
159675439.5,-107.1
159676171.9,-107.0
159676904.3,-107.0
159677636.7,-107.0
159678369.1,-107.1
159679101.6,-107.0
159679834.0,-107.0
159680566.4,-107.1
159681298.8,-107.0
159682031.2,-107.0
159682763.7,-107.0
159683496.1,-107.0
159684228.5,-107.1
159684960.9,-107.0
159685693.4,-107.0
159686425.8,-107.1
159687158.2,-107.0
159687890.6,-107.0
159688623.0,-107.1
159689355.5,-107.0
159690087.9,-107.0
159690820.3,-106.9
159691552.7,-107.0
159692285.2,-107.1
159693017.6,-107.1
159693750.0,-107.0
159694482.4,-107.0
159695214.8,-107.0
159695947.3,-107.0
159696679.7,-107.0
159697412.1,-107.0
159698144.5,-107.0
159698877.0,-107.1
159699609.4,-107.1
159700341.8,-107.0
159701074.2,-106.9
159701806.6,-107.0
159702539.1,-107.1
159703271.5,-107.1
159704003.9,-107.2
159704736.3,-107.1
159705468.8,-107.1
159706201.2,-107.0
159706933.6,-106.9
159707666.0,-107.0
159708398.4,-107.1
159709130.9,-107.0
159709863.3,-107.1
159710595.7,-107.1
159711328.1,-107.1
159712060.5,-107.1
159712793.0,-107.1
159713525.4,-107.1
159714257.8,-107.1
159714990.2,-107.1
159715722.7,-107.1
159716455.1,-107.0
159717187.5,-107.0
159717919.9,-107.1
159718652.3,-107.1
159719384.8,-107.1
159720117.2,-107.0
159720849.6,-107.1
159721582.0,-107.1
159722314.5,-107.1
159723046.9,-107.0
159723779.3,-107.1
159724511.7,-107.1
159725244.1,-107.2
159725976.6,-107.2
159726709.0,-107.1
159727441.4,-107.2
159728173.8,-107.2
159728906.2,-107.1
159729638.7,-107.1
159730371.1,-107.1
159731103.5,-107.0
159731835.9,-107.1
159732568.4,-107.1
159733300.8,-107.3
159734033.2,-107.3
159734765.6,-107.2
159735498.0,-107.2
159736230.5,-107.2
159736962.9,-107.2
159737695.3,-107.1
159738427.7,-107.0
159739160.2,-107.0
159739892.6,-107.1
159740625.0,-107.1
159741357.4,-107.1
159742089.8,-106.7
159742822.3,-106.8
159743554.7,-107.0
159744287.1,-107.1
159745019.5,-107.3
159745752.0,-107.3
159746484.4,-107.1
159747216.8,-107.1
159747949.2,-107.2
159748681.6,-107.2
159749414.1,-107.2
159750146.5,-107.2
159750878.9,-107.1
159751611.3,-107.1
159752343.8,-107.2
159753076.2,-107.1
159753808.6,-107.1
159754541.0,-107.2
159755273.4,-107.2
159756005.9,-107.2
159756738.3,-107.2
159757470.7,-107.3
159758203.1,-107.3
159758935.5,-107.3
159759668.0,-107.3
159760400.4,-107.3
159761132.8,-107.1
159761865.2,-107.1
159762597.7,-107.2
159763330.1,-107.2
159764062.5,-107.2
159764794.9,-107.1
159765527.3,-107.2
159766259.8,-107.2
159766992.2,-107.1
159767724.6,-107.2
159768457.0,-107.2
159769189.5,-107.2
159769921.9,-107.2
159770654.3,-107.2
159771386.7,-107.2
159772119.1,-107.2
159772851.6,-107.1
159773584.0,-107.3
159774316.4,-107.3
159775048.8,-107.3
159775781.2,-107.2
159776513.7,-107.2
159777246.1,-107.1
159777978.5,-107.2
159778710.9,-107.3
159779443.4,-107.3
159780175.8,-107.3
159780908.2,-107.3
159781640.6,-107.1
159782373.0,-107.2
159783105.5,-107.3
159783837.9,-107.3
159784570.3,-107.3
159785302.7,-107.4
159786035.2,-107.4
159786767.6,-107.2
159787500.0,-107.3
159788232.4,-107.3
159788964.8,-107.3
159789697.3,-107.2
159790429.7,-107.2
159791162.1,-107.3
159791894.5,-107.3
159792627.0,-107.3
159793359.4,-107.3
159794091.8,-107.3
159794824.2,-107.3
159795556.6,-107.3
159796289.1,-107.2
159797021.5,-107.1
159797753.9,-107.2
159798486.3,-107.3
159799218.8,-107.3
159799951.2,-107.2
159800683.6,-107.2
159801416.0,-107.2
159802148.4,-107.4
159802880.9,-107.3
159803613.3,-107.3
159804345.7,-107.3
159805078.1,-107.3
159805810.5,-107.3
159806543.0,-107.2
159807275.4,-107.2
159808007.8,-107.2
159808740.2,-107.3
159809472.7,-107.3
159810205.1,-107.3
159810937.5,-107.2
159811669.9,-107.2
159812402.3,-107.2
159813134.8,-107.3
159813867.2,-107.3
159814599.6,-107.4
159815332.0,-107.2
159816064.5,-107.4
159816796.9,-107.3
159817529.3,-107.3
159818261.7,-107.3
159818994.1,-107.3
159819726.6,-107.4
159820459.0,-107.3
159821191.4,-107.4
159821923.8,-107.3
159822656.2,-107.2
159823388.7,-107.2
159824121.1,-107.2
159824853.5,-107.3
159825585.9,-107.2
159826318.4,-107.2
159827050.8,-107.3
159827783.2,-107.3
159828515.6,-107.2
159829248.0,-107.2
159829980.5,-107.3
159830712.9,-107.2
159831445.3,-107.3
159832177.7,-107.3
159832910.2,-107.2
159833642.6,-107.3
159834375.0,-107.4
159835107.4,-107.3
159835839.8,-107.2
159836572.3,-107.2
159837304.7,-107.3
159838037.1,-107.3
159838769.5,-107.3
159839502.0,-107.3
159840234.4,-107.3
159840966.8,-107.2
159841699.2,-107.3
159842431.6,-107.4
159843164.1,-107.4
159843896.5,-107.3
159844628.9,-107.2
159845361.3,-107.2
159846093.8,-107.2
159846826.2,-107.2
159847558.6,-107.3
159848291.0,-107.3
159849023.4,-107.3
159849755.9,-107.3
159850488.3,-107.3
159851220.7,-107.3
159851953.1,-107.2
159852685.5,-107.3
159853418.0,-107.4
159854150.4,-107.4
159854882.8,-107.3
159855615.2,-107.3
159856347.7,-107.3
159857080.1,-107.3
159857812.5,-107.3
159858544.9,-107.3
159859277.3,-107.3
159860009.8,-107.3
159860742.2,-107.4
159861474.6,-107.4
159862207.0,-107.4
159862939.5,-107.4
159863671.9,-107.3
159864404.3,-107.3
159865136.7,-107.4
159865869.1,-107.3
159866601.6,-107.2
159867334.0,-107.3
159868066.4,-107.3
159868798.8,-107.3
159869531.2,-107.3
159870263.7,-107.3
159870996.1,-106.9
159871728.5,-107.1
159872460.9,-107.3
159873193.4,-107.4
159873925.8,-107.3
159874658.2,-107.2
159875390.6,-107.2
159876123.0,-107.3
159876855.5,-107.3
159877587.9,-107.4
159878320.3,-107.3
159879052.7,-107.3
159879785.2,-107.2
159880517.6,-107.1
159881250.0,-107.3
159881982.4,-107.3
159882714.8,-107.2
159883447.3,-107.3
159884179.7,-107.3
159884912.1,-107.2
159885644.5,-107.2
159886377.0,-107.2
159887109.4,-107.2
159887841.8,-107.2
159888574.2,-107.3
159889306.6,-107.2
159890039.1,-107.1
159890771.5,-107.1
159891503.9,-107.2
159892236.3,-107.3
159892968.8,-107.3
159893701.2,-107.2
159894433.6,-107.3
159895166.0,-107.1
159895898.4,-107.2
159896630.9,-107.3
159897363.3,-107.2
159898095.7,-107.2
159898828.1,-107.1
159899560.5,-107.2
159900293.0,-107.2
159901025.4,-107.2
159901757.8,-107.1
159902490.2,-107.1
159903222.7,-107.2
159903955.1,-107.1
159904687.5,-107.0
159905419.9,-107.0
159906152.3,-107.1
159906884.8,-107.1
159907617.2,-107.1
159908349.6,-107.1
159909082.0,-107.2
159909814.5,-107.2
159910546.9,-107.2
159911279.3,-107.1
159912011.7,-107.1
159912744.1,-107.2
159913476.6,-107.2
159914209.0,-107.2
159914941.4,-107.2
159915673.8,-107.2
159916406.2,-107.3
159917138.7,-107.2
159917871.1,-107.1
159918603.5,-106.9
159919335.9,-107.1
159920068.4,-107.1
159920800.8,-107.2
159921533.2,-107.2
159922265.6,-107.2
159922998.0,-107.2
159923730.5,-107.3
159924462.9,-107.2
159925195.3,-107.2
159925927.7,-107.1
159926660.2,-107.1
159927392.6,-107.2
159928125.0,-107.2
159928857.4,-107.2
159929589.8,-107.3
159930322.3,-107.3
159931054.7,-107.3
159931787.1,-107.3
159932519.5,-107.2
159933252.0,-107.1
159933984.4,-107.3
159934716.8,-107.4
159935449.2,-107.3
159936181.6,-107.2
159936914.1,-107.2
159937646.5,-107.3
159938378.9,-107.2
159939111.3,-107.1
159939843.8,-107.1
159940576.2,-107.2
159941308.6,-107.3
159942041.0,-107.3
159942773.4,-107.3
159943505.9,-107.1
159944238.3,-107.2
159944970.7,-107.1
159945703.1,-107.1
159946435.5,-107.2
159947168.0,-107.2
159947900.4,-107.1
159948632.8,-107.2
159949365.2,-107.2
159950097.7,-107.1
159950830.1,-107.1
159951562.5,-107.1
159952294.9,-107.2
159953027.3,-107.2
159953759.8,-107.2
159954492.2,-107.2
159955224.6,-107.2
159955957.0,-107.2
159956689.5,-107.2
159957421.9,-107.2
159958154.3,-107.1
159958886.7,-107.2
159959619.1,-107.1
159960351.6,-107.1
159961084.0,-107.1
159961816.4,-107.2
159962548.8,-107.2
159963281.2,-107.1
159964013.7,-107.1
159964746.1,-106.7
159965478.5,-106.9
159966210.9,-107.1
159966943.4,-106.9
159967675.8,-107.1
159968408.2,-107.1
159969140.6,-107.2
159969873.0,-107.2
159970605.5,-107.2
159971337.9,-107.1
159972070.3,-107.0
159972802.7,-107.1
159973535.2,-107.2
159974267.6,-107.2
159975000.0,-107.1
159975732.4,-107.0
159976464.8,-107.0
159977197.3,-107.0
159977929.7,-107.1
159978662.1,-107.1
159979394.5,-107.1
159980127.0,-107.2
159980859.4,-107.1
159981591.8,-107.0
159982324.2,-107.0
159983056.6,-107.0
159983789.1,-107.0
159984521.5,-107.0
159985253.9,-107.0
159985986.3,-107.0
159986718.8,-107.0
159987451.2,-107.1
159988183.6,-107.1
159988916.0,-107.1
159989648.4,-107.0
159990380.9,-107.0
159991113.3,-106.9
159991845.7,-107.0
159992578.1,-107.0
159993310.5,-107.2
159994043.0,-107.2
159994775.4,-107.1
159995507.8,-106.7
159996240.2,-105.2
159996972.7,-106.1
159997705.1,-106.7
159998437.5,-106.6
159999169.9,-106.4
159999902.3,-106.4
160000634.8,-106.5
160001367.2,-106.5
160002099.6,-106.6
160002832.0,-105.0
160003564.5,-106.2
160004296.9,-107.1
160005029.3,-107.0
160005761.7,-107.0
160006494.1,-107.0
160007226.6,-107.0
160007959.0,-106.9
160008691.4,-107.0
160009423.8,-107.1
160010156.2,-107.1
160010888.7,-107.1
160011621.1,-107.1
160012353.5,-107.2
160013085.9,-107.1
160013818.4,-106.9
160014550.8,-107.0
160015283.2,-107.1
160016015.6,-107.0
160016748.0,-107.1
160017480.5,-107.1
160018212.9,-107.0
160018945.3,-107.1
160019677.7,-107.1
160020410.2,-107.1
160021142.6,-107.2
160021875.0,-107.1
160022607.4,-107.1
160023339.8,-107.0
160024072.3,-107.1
160024804.7,-107.2
160025537.1,-107.1
160026269.5,-107.1
160027002.0,-107.1
160027734.4,-107.1
160028466.8,-107.0
160029199.2,-107.1
160029931.6,-107.1
160030664.1,-107.1
160031396.5,-107.0
160032128.9,-107.0
160032861.3,-107.1
160033593.8,-107.1
160034326.2,-107.2
160035058.6,-107.1
160035791.0,-107.1
160036523.4,-107.1
160037255.9,-107.1
160037988.3,-107.2
160038720.7,-107.1
160039453.1,-107.1
160040185.5,-107.1
160040918.0,-107.0
160041650.4,-107.1
160042382.8,-107.2
160043115.2,-107.3
160043847.7,-107.2
160044580.1,-107.2
160045312.5,-107.2
160046044.9,-107.2
160046777.3,-107.1
160047509.8,-107.2
160048242.2,-107.1
160048974.6,-107.2
160049707.0,-107.1
160050439.5,-107.0
160051171.9,-107.0
160051904.3,-107.2
160052636.7,-107.3
160053369.1,-107.2
160054101.6,-107.2
160054834.0,-107.2
160055566.4,-107.2
160056298.8,-107.1
160057031.2,-107.2
160057763.7,-107.2
160058496.1,-107.3
160059228.5,-107.3
160059960.9,-107.1
160060693.4,-107.1
160061425.8,-107.2
160062158.2,-107.1
160062890.6,-107.2
160063623.0,-107.2
160064355.5,-107.2
160065087.9,-107.1
160065820.3,-107.2
160066552.7,-107.2
160067285.2,-107.2
160068017.6,-107.2
160068750.0,-107.1
160069482.4,-107.1
160070214.8,-107.2
160070947.3,-107.3
160071679.7,-107.1
160072412.1,-106.9
160073144.5,-107.1
160073877.0,-107.1
160074609.4,-107.2
160075341.8,-107.2
160076074.2,-107.2
160076806.6,-107.2
160077539.1,-107.3
160078271.5,-107.3
160079003.9,-107.2
160079736.3,-107.1
160080468.8,-107.1
160081201.2,-107.1
160081933.6,-107.2
160082666.0,-107.2
160083398.4,-107.1
160084130.9,-107.2
160084863.3,-107.3
160085595.7,-107.2
160086328.1,-107.3
160087060.5,-107.2
160087793.0,-107.2
160088525.4,-107.2
160089257.8,-107.1
160089990.2,-107.1
160090722.7,-107.1
160091455.1,-107.1
160092187.5,-107.1
160092919.9,-107.2
160093652.3,-107.2
160094384.8,-107.1
160095117.2,-107.2
160095849.6,-107.2
160096582.0,-106.8
160097314.5,-106.8
160098046.9,-107.2
160098779.3,-107.2
160099511.7,-107.1
160100244.1,-107.1
160100976.6,-107.3
160101709.0,-107.2
160102441.4,-107.1
160103173.8,-107.2
160103906.2,-107.3
160104638.7,-107.4
160105371.1,-107.2
160106103.5,-107.3
160106835.9,-107.2
160107568.4,-107.2
160108300.8,-107.3
160109033.2,-107.2
160109765.6,-107.1
160110498.0,-107.1
160111230.5,-107.2
160111962.9,-107.3
160112695.3,-107.2
160113427.7,-107.2
160114160.2,-107.3
160114892.6,-107.3
160115625.0,-107.3
160116357.4,-107.2
160117089.8,-107.2
160117822.3,-107.2
160118554.7,-107.3
160119287.1,-107.3
160120019.5,-107.1
160120752.0,-107.1
160121484.4,-107.2
160122216.8,-107.2
160122949.2,-107.2
160123681.6,-107.3
160124414.1,-107.3
160125146.5,-107.1
160125878.9,-107.2
160126611.3,-107.3
160127343.8,-107.3
160128076.2,-107.1
160128808.6,-107.2
160129541.0,-107.2
160130273.4,-107.2
160131005.9,-107.2
160131738.3,-107.2
160132470.7,-107.2
160133203.1,-107.2
160133935.5,-107.3
160134668.0,-107.2
160135400.4,-107.2
160136132.8,-107.2
160136865.2,-107.2
160137597.7,-107.2
160138330.1,-107.3
160139062.5,-107.3
160139794.9,-107.3
160140527.3,-107.3
160141259.8,-107.3
160141992.2,-107.4
160142724.6,-107.3
160143457.0,-107.2
160144189.5,-107.2
160144921.9,-107.3
160145654.3,-107.3
160146386.7,-107.4
160147119.1,-107.4
160147851.6,-107.4
160148584.0,-107.3
160149316.4,-107.4
160150048.8,-107.3
160150781.2,-107.2
160151513.7,-107.2
160152246.1,-107.2
160152978.5,-107.2
160153710.9,-106.8
160154443.4,-107.1
160155175.8,-107.4
160155908.2,-107.4
160156640.6,-107.3
160157373.0,-107.3
160158105.5,-107.4
160158837.9,-107.4
160159570.3,-107.4
160160302.7,-107.4
160161035.2,-107.3
160161767.6,-107.2
160162500.0,-107.3
160163232.4,-107.4
160163964.8,-107.4
160164697.3,-107.4
160165429.7,-107.4
160166162.1,-107.4
160166894.5,-107.4
160167627.0,-107.4
160168359.4,-107.4
160169091.8,-107.4
160169824.2,-107.3
160170556.6,-107.3
160171289.1,-107.4
160172021.5,-107.4
160172753.9,-107.3
160173486.3,-107.4
160174218.8,-107.4
160174951.2,-107.4
160175683.6,-107.4
160176416.0,-107.3
160177148.4,-107.4
160177880.9,-107.4
160178613.3,-107.3
160179345.7,-107.4
160180078.1,-107.4
160180810.5,-107.5
160181543.0,-107.4
160182275.4,-107.4
160183007.8,-107.5
160183740.2,-107.4
160184472.7,-107.3
160185205.1,-107.3
160185937.5,-107.4
160186669.9,-107.5
160187402.3,-107.4
160188134.8,-107.3
160188867.2,-107.4
160189599.6,-107.4
160190332.0,-107.3
160191064.5,-107.0
160191796.9,-107.1
160192529.3,-107.4
160193261.7,-107.4
160193994.1,-107.4
160194726.6,-107.4
160195459.0,-107.3
160196191.4,-107.4
160196923.8,-107.4
160197656.2,-107.4
160198388.7,-107.4
160199121.1,-107.4
160199853.5,-106.9
160200585.9,-106.6
160201318.4,-107.3
160202050.8,-107.4
160202783.2,-107.5
160203515.6,-107.5
160204248.0,-107.3
160204980.5,-107.3
160205712.9,-107.4
160206445.3,-107.4
160207177.7,-107.5
160207910.2,-107.4
160208642.6,-107.4
160209375.0,-107.4
160210107.4,-107.4
160210839.8,-107.4
160211572.3,-107.4
160212304.7,-107.5
160213037.1,-107.5
160213769.5,-107.5
160214502.0,-107.4
160215234.4,-107.4
160215966.8,-107.6
160216699.2,-107.5
160217431.6,-107.4
160218164.1,-107.4
160218896.5,-107.4
160219628.9,-107.4
160220361.3,-107.4
160221093.8,-107.4
160221826.2,-107.5
160222558.6,-107.5
160223291.0,-107.5
160224023.4,-107.5
160224755.9,-107.5
160225488.3,-107.4
160226220.7,-107.5
160226953.1,-107.5
160227685.5,-107.5
160228418.0,-107.5
160229150.4,-107.4
160229882.8,-107.5
160230615.2,-107.6
160231347.7,-107.5
160232080.1,-107.3
160232812.5,-107.4
160233544.9,-107.5
160234277.3,-107.5
160235009.8,-107.5
160235742.2,-107.5
160236474.6,-107.5
160237207.0,-107.4
160237939.5,-107.4
160238671.9,-107.5
160239404.3,-107.5
160240136.7,-107.5
160240869.1,-107.5
160241601.6,-107.6
160242334.0,-107.6
160243066.4,-107.5
160243798.8,-107.5
160244531.2,-107.5
160245263.7,-107.5
160245996.1,-107.6
160246728.5,-107.6
160247460.9,-107.6
160248193.4,-107.6
160248925.8,-107.5
160249658.2,-107.5
160250390.6,-107.5
160251123.0,-107.5
160251855.5,-107.5
160252587.9,-107.5
160253320.3,-107.5
160254052.7,-107.5
160254785.2,-107.4
160255517.6,-107.4
160256250.0,-107.5
160256982.4,-107.6
160257714.8,-107.6
160258447.3,-107.5
160259179.7,-107.4
160259912.1,-107.4
160260644.5,-107.4
160261377.0,-107.5
160262109.4,-107.5
160262841.8,-107.5
160263574.2,-107.6
160264306.6,-107.5
160265039.1,-107.5
160265771.5,-107.5
160266503.9,-107.5
160267236.3,-107.5
160267968.8,-107.6
160268701.2,-107.5
160269433.6,-107.5
160270166.0,-107.5
160270898.4,-107.5
160271630.9,-107.5
160272363.3,-107.5
160273095.7,-107.1
160273828.1,-107.3
160274560.5,-107.5
160275293.0,-107.5
160276025.4,-107.4
160276757.8,-107.5
160277490.2,-107.7
160278222.7,-107.6
160278955.1,-107.6
160279687.5,-107.5
160280419.9,-107.4
160281152.3,-107.5
160281884.8,-107.5
160282617.2,-107.6
160283349.6,-107.6
160284082.0,-107.5
160284814.5,-107.6
160285546.9,-107.6
160286279.3,-107.5
160287011.7,-107.6
160287744.1,-107.5
160288476.6,-107.4
160289209.0,-107.5
160289941.4,-107.5
160290673.8,-107.5
160291406.2,-107.4
160292138.7,-107.5
160292871.1,-107.6
160293603.5,-107.5
160294335.9,-107.5
160295068.4,-107.4
160295800.8,-107.5
160296533.2,-107.4
160297265.6,-107.5
160297998.0,-107.6
160298730.5,-107.5
160299462.9,-107.5
160300195.3,-107.5
160300927.7,-107.6
160301660.2,-107.4
160302392.6,-107.5
160303125.0,-107.5
160303857.4,-107.5
160304589.8,-107.4
160305322.3,-107.4
160306054.7,-107.5
160306787.1,-107.5
160307519.5,-107.5
160308252.0,-107.5
160308984.4,-107.4
160309716.8,-107.5
160310449.2,-107.5
160311181.6,-107.4
160311914.1,-107.4
160312646.5,-107.5
160313378.9,-107.6
160314111.3,-107.5
160314843.8,-107.5
160315576.2,-107.4
160316308.6,-107.6
160317041.0,-107.6
160317773.4,-107.5
160318505.9,-107.5
160319238.3,-107.5
160319970.7,-107.4
160320703.1,-107.5
160321435.5,-107.6
160322168.0,-107.5
160322900.4,-107.6
160323632.8,-107.6
160324365.2,-107.4
160325097.7,-107.4
160325830.1,-107.4
160326562.5,-107.5
160327294.9,-107.5
160328027.3,-107.5
160328759.8,-107.5
160329492.2,-107.6
160330224.6,-107.4
160330957.0,-107.5
160331689.5,-107.5
160332421.9,-107.6
160333154.3,-107.4
160333886.7,-107.4
160334619.1,-107.5
160335351.6,-107.6
160336084.0,-107.5
160336816.4,-107.5
160337548.8,-107.6
160338281.2,-107.5
160339013.7,-107.5
160339746.1,-107.5
160340478.5,-107.5
160341210.9,-107.5
160341943.4,-107.3
160342675.8,-107.5
160343408.2,-107.5
160344140.6,-107.5
160344873.0,-107.6
160345605.5,-107.5
160346337.9,-107.6
160347070.3,-107.6
160347802.7,-107.5
160348535.2,-107.4
160349267.6,-107.5
160350000.0,-107.5
160350732.4,-107.5
160351464.8,-107.5
160352197.3,-107.6
160352929.7,-107.5
160353662.1,-107.5
160354394.5,-107.5
160355127.0,-107.4
160355859.4,-107.4
160356591.8,-107.4
160357324.2,-107.4
160358056.6,-107.4
160358789.1,-107.4
160359521.5,-107.4
160360253.9,-107.4
160360986.3,-107.3
160361718.8,-107.4
160362451.2,-107.4
160363183.6,-107.5
160363916.0,-107.5
160364648.4,-107.6
160365380.9,-107.6
160366113.3,-107.5
160366845.7,-107.4
160367578.1,-107.5
160368310.5,-107.5
160369043.0,-107.4
160369775.4,-107.4
160370507.8,-107.6
160371240.2,-107.5
160371972.7,-107.4
160372705.1,-107.4
160373437.5,-107.5
160374169.9,-107.3
160374902.3,-107.2
160375634.8,-107.4
160376367.2,-107.5
160377099.6,-107.4
160377832.0,-107.4
160378564.5,-107.4
160379296.9,-107.2
160380029.3,-107.4
160380761.7,-107.4
160381494.1,-107.4
160382226.6,-107.4
160382959.0,-107.4
160383691.4,-107.4
160384423.8,-107.3
160385156.2,-107.4
160385888.7,-107.3
160386621.1,-107.4
160387353.5,-107.5
160388085.9,-107.3
160388818.4,-104.7
160389550.8,-104.2
160390283.2,-107.1
160391015.6,-107.3
160391748.0,-107.4
160392480.5,-107.4
160393212.9,-107.5
160393945.3,-107.4
160394677.7,-107.4
160395410.2,-107.5
160396142.6,-107.5
160396875.0,-107.5
160397607.4,-107.4
160398339.8,-107.4
160399072.3,-107.3
160399804.7,-107.3
160400537.1,-107.3
160401269.5,-107.4
160402002.0,-107.4
160402734.4,-107.4
160403466.8,-107.5
160404199.2,-107.5
160404931.6,-107.4
160405664.1,-107.4
160406396.5,-107.4
160407128.9,-107.5
160407861.3,-107.4
160408593.8,-107.4
160409326.2,-107.4
160410058.6,-107.4
160410791.0,-107.4
160411523.4,-107.4
160412255.9,-107.5
160412988.3,-107.4
160413720.7,-107.3
160414453.1,-107.2
160415185.5,-107.4
160415918.0,-107.5
160416650.4,-107.5
160417382.8,-107.4
160418115.2,-107.3
160418847.7,-107.3
160419580.1,-107.3
160420312.5,-107.4
160421044.9,-107.4
160421777.3,-107.4
160422509.8,-107.3
160423242.2,-107.1
160423974.6,-107.4
160424707.0,-107.5
160425439.5,-107.6
160426171.9,-107.6
160426904.3,-107.5
160427636.7,-107.4
160428369.1,-107.5
160429101.6,-107.5
160429834.0,-107.4
160430566.4,-107.3
160431298.8,-107.4
160432031.2,-107.4
160432763.7,-107.3
160433496.1,-107.3
160434228.5,-107.5
160434960.9,-107.4
160435693.4,-107.5
160436425.8,-107.5
160437158.2,-107.4
160437890.6,-107.4
160438623.0,-107.4
160439355.5,-107.4
160440087.9,-107.5
160440820.3,-107.5
160441552.7,-107.5
160442285.2,-107.4
160443017.6,-107.5
160443750.0,-107.5
160444482.4,-107.5
160445214.8,-107.4
160445947.3,-107.4
160446679.7,-107.5
160447412.1,-107.3
160448144.5,-107.4
160448877.0,-107.4
160449609.4,-107.4
160450341.8,-107.4
160451074.2,-107.6
160451806.6,-107.5
160452539.1,-107.4
160453271.5,-107.4
160454003.9,-107.4
160454736.3,-107.5
160455468.8,-107.5
160456201.2,-107.5
160456933.6,-107.5
160457666.0,-107.5
160458398.4,-107.4
160459130.9,-107.5
160459863.3,-107.5
160460595.7,-107.5
160461328.1,-107.5
160462060.5,-107.4
160462793.0,-107.3
160463525.4,-107.5
160464257.8,-107.6
160464990.2,-107.5
160465722.7,-107.5
160466455.1,-107.5
160467187.5,-107.5
160467919.9,-107.6
160468652.3,-107.6
160469384.8,-107.6
160470117.2,-107.6
160470849.6,-107.6
160471582.0,-107.5
160472314.5,-107.4
160473046.9,-107.4
160473779.3,-107.4
160474511.7,-107.2
160475244.1,-107.4
160475976.6,-107.4
160476709.0,-107.4
160477441.4,-107.4
160478173.8,-106.8
160478906.2,-107.0
160479638.7,-107.4
160480371.1,-107.5
160481103.5,-107.5
160481835.9,-107.4
160482568.4,-107.4
160483300.8,-107.4
160484033.2,-107.5
160484765.6,-107.5
160485498.0,-107.5
160486230.5,-107.5
160486962.9,-107.5
160487695.3,-107.4
160488427.7,-107.4
160489160.2,-107.4
160489892.6,-107.5
160490625.0,-107.4
160491357.4,-107.5
160492089.8,-107.4
160492822.3,-107.4
160493554.7,-107.4
160494287.1,-107.3
160495019.5,-107.3
160495752.0,-107.3
160496484.4,-107.2
160497216.8,-107.3
160497949.2,-107.4
160498681.6,-107.5
160499414.1,-107.4
160500146.5,-107.3
160500878.9,-107.4
160501611.3,-107.4
160502343.8,-107.4
160503076.2,-107.4
160503808.6,-107.4
160504541.0,-107.4
160505273.4,-107.3
160506005.9,-107.1
160506738.3,-106.5
160507470.7,-107.0
160508203.1,-107.5
160508935.5,-107.4
160509668.0,-107.5
160510400.4,-107.4
160511132.8,-107.3
160511865.2,-107.4
160512597.7,-107.5
160513330.1,-107.4
160514062.5,-107.5
160514794.9,-107.4
160515527.3,-107.4
160516259.8,-107.3
160516992.2,-107.3
160517724.6,-107.4
160518457.0,-107.3
160519189.5,-107.5
160519921.9,-107.5
160520654.3,-107.5
160521386.7,-107.5
160522119.1,-107.5
160522851.6,-107.4
160523584.0,-107.5
160524316.4,-107.3
160525048.8,-107.4
160525781.2,-107.4
160526513.7,-107.3
160527246.1,-107.4
160527978.5,-107.5
160528710.9,-107.5
160529443.4,-107.4
160530175.8,-107.5
160530908.2,-107.6
160531640.6,-107.6
160532373.0,-107.4
160533105.5,-107.4
160533837.9,-107.4
160534570.3,-107.4
160535302.7,-107.4
160536035.2,-107.4
160536767.6,-107.5
160537500.0,-107.4
160538232.4,-107.4
160538964.8,-107.4
160539697.3,-107.4
160540429.7,-107.5
160541162.1,-107.4
160541894.5,-107.5
160542627.0,-107.5
160543359.4,-107.4
160544091.8,-107.4
160544824.2,-107.4
160545556.6,-107.5
160546289.1,-107.6
160547021.5,-107.4
160547753.9,-107.5
160548486.3,-107.6
160549218.8,-107.5
160549951.2,-107.5
160550683.6,-107.4
160551416.0,-107.4
160552148.4,-107.5
160552880.9,-107.5
160553613.3,-107.5
160554345.7,-107.5
160555078.1,-107.4
160555810.5,-107.4
160556543.0,-107.4
160557275.4,-107.5
160558007.8,-107.5
160558740.2,-107.4
160559472.7,-107.5
160560205.1,-107.4
160560937.5,-107.4
160561669.9,-107.5
160562402.3,-107.5
160563134.8,-107.5
160563867.2,-107.5
160564599.6,-107.4
160565332.0,-107.5
160566064.5,-107.4
160566796.9,-107.4
160567529.3,-107.5
160568261.7,-107.4
160568994.1,-107.4
160569726.6,-107.4
160570459.0,-107.4
160571191.4,-107.4
160571923.8,-107.5
160572656.2,-107.5
160573388.7,-107.6
160574121.1,-107.6
160574853.5,-107.5
160575585.9,-107.5
160576318.4,-107.5
160577050.8,-107.4
160577783.2,-107.4
160578515.6,-107.5
160579248.0,-107.3
160579980.5,-107.4
160580712.9,-107.5
160581445.3,-107.4
160582177.7,-107.4
160582910.2,-107.4
160583642.6,-107.5
160584375.0,-107.6
160585107.4,-107.5
160585839.8,-107.5
160586572.3,-107.5
160587304.7,-107.5
160588037.1,-107.5
160588769.5,-107.5
160589502.0,-107.5
160590234.4,-107.5
160590966.8,-107.5
160591699.2,-107.4
160592431.6,-107.4
160593164.1,-107.5
160593896.5,-107.5
160594628.9,-107.6
160595361.3,-107.0
160596093.8,-105.8
160596826.2,-107.0
160597558.6,-107.4
160598291.0,-107.5
160599023.4,-107.5
160599755.9,-107.5
160600488.3,-107.4
160601220.7,-107.4
160601953.1,-107.5
160602685.5,-107.4
160603418.0,-107.4
160604150.4,-107.4
160604882.8,-107.5
160605615.2,-107.5
160606347.7,-107.4
160607080.1,-107.5
160607812.5,-107.5
160608544.9,-107.4
160609277.3,-107.4
160610009.8,-107.4
160610742.2,-107.4
160611474.6,-107.4
160612207.0,-107.5
160612939.5,-107.5
160613671.9,-107.4
160614404.3,-107.3
160615136.7,-107.4
160615869.1,-107.4
160616601.6,-107.4
160617334.0,-107.5
160618066.4,-107.5
160618798.8,-107.5
160619531.2,-107.5
160620263.7,-107.4
160620996.1,-107.5
160621728.5,-107.6
160622460.9,-107.5
160623193.4,-107.5
160623925.8,-107.2
160624658.2,-106.8
160625390.6,-107.4
160626123.0,-107.5
160626855.5,-107.5
160627587.9,-107.5
160628320.3,-107.5
160629052.7,-107.4
160629785.2,-107.5
160630517.6,-107.4
160631250.0,-107.4
160631982.4,-107.5
160632714.8,-107.5
160633447.3,-107.5
160634179.7,-107.5
160634912.1,-107.5
160635644.5,-107.5
160636377.0,-107.5
160637109.4,-107.5
160637841.8,-107.3
160638574.2,-107.4
160639306.6,-107.4
160640039.1,-107.5
160640771.5,-107.5
160641503.9,-107.5
160642236.3,-107.6
160642968.8,-107.5
160643701.2,-107.4
160644433.6,-107.5
160645166.0,-107.4
160645898.4,-107.5
160646630.9,-107.4
160647363.3,-107.4
160648095.7,-107.5
160648828.1,-107.6
160649560.5,-107.6
160650293.0,-107.5
160651025.4,-107.6
160651757.8,-107.6
160652490.2,-107.5
160653222.7,-107.4
160653955.1,-107.5
160654687.5,-107.5
160655419.9,-107.5
160656152.3,-107.4
160656884.8,-107.5
160657617.2,-107.6
160658349.6,-107.5
160659082.0,-107.5
160659814.5,-107.4
160660546.9,-107.4
160661279.3,-107.4
160662011.7,-107.4
160662744.1,-107.5
160663476.6,-107.5
160664209.0,-107.4
160664941.4,-107.4
160665673.8,-107.5
160666406.2,-107.6
160667138.7,-107.7
160667871.1,-107.6
160668603.5,-107.6
160669335.9,-107.5
160670068.4,-107.5
160670800.8,-107.5
160671533.2,-107.6
160672265.6,-107.4
160672998.0,-107.4
160673730.5,-107.3
160674462.9,-107.4
160675195.3,-107.0
160675927.7,-107.1
160676660.2,-107.5
160677392.6,-107.4
160678125.0,-107.4
160678857.4,-107.4
160679589.8,-107.4
160680322.3,-107.5
160681054.7,-107.5
160681787.1,-107.4
160682519.5,-107.4
160683252.0,-107.4
160683984.4,-107.4
160684716.8,-107.5
160685449.2,-107.5
160686181.6,-107.5
160686914.1,-107.4
160687646.5,-107.4
160688378.9,-107.4
160689111.3,-107.5
160689843.8,-107.4
160690576.2,-107.5
160691308.6,-107.5
160692041.0,-107.5
160692773.4,-107.5
160693505.9,-107.5
160694238.3,-107.4
160694970.7,-107.4
160695703.1,-107.5
160696435.5,-107.5
160697168.0,-107.4
160697900.4,-107.4
160698632.8,-107.5
160699365.2,-107.5
160700097.7,-107.5
160700830.1,-107.5
160701562.5,-107.4
160702294.9,-107.4
160703027.3,-107.3
160703759.8,-107.4
160704492.2,-107.4
160705224.6,-107.3
160705957.0,-107.5
160706689.5,-107.4
160707421.9,-107.4
160708154.3,-107.4
160708886.7,-107.4
160709619.1,-107.4
160710351.6,-107.4
160711084.0,-107.4
160711816.4,-107.4
160712548.8,-107.3
160713281.2,-104.9
160714013.7,-104.2
160714746.1,-107.1
160715478.5,-107.4
160716210.9,-107.4
160716943.4,-107.4
160717675.8,-107.4
160718408.2,-107.4
160719140.6,-107.3
160719873.0,-107.5
160720605.5,-107.4
160721337.9,-107.4
160722070.3,-107.3
160722802.7,-107.3
160723535.2,-107.4
160724267.6,-107.4
160725000.0,-107.4
160725732.4,-107.5
160726464.8,-107.4
160727197.3,-107.3
160727929.7,-107.4
160728662.1,-107.4
160729394.5,-107.5
160730127.0,-107.4
160730859.4,-107.5
160731591.8,-107.5
160732324.2,-107.5
160733056.6,-107.5
160733789.1,-107.4
160734521.5,-107.4
160735253.9,-107.3
160735986.3,-107.5
160736718.8,-107.5
160737451.2,-107.6
160738183.6,-107.5
160738916.0,-107.5
160739648.4,-107.5
160740380.9,-107.5
160741113.3,-107.5
160741845.7,-107.4
160742578.1,-107.3
160743310.5,-107.4
160744043.0,-107.5
160744775.4,-107.4
160745507.8,-107.3
160746240.2,-107.4
160746972.7,-107.4
160747705.1,-107.4
160748437.5,-107.4
160749169.9,-107.4
160749902.3,-107.5
160750634.8,-107.4
160751367.2,-107.4
160752099.6,-107.3
160752832.0,-107.4
160753564.5,-107.4
160754296.9,-107.4
160755029.3,-107.5
160755761.7,-107.4
160756494.1,-107.4
160757226.6,-107.4
160757959.0,-107.4
160758691.4,-107.3
160759423.8,-107.3
160760156.2,-107.4
160760888.7,-107.4
160761621.1,-107.3
160762353.5,-107.3
160763085.9,-107.4
160763818.4,-107.5
160764550.8,-107.5
160765283.2,-107.5
160766015.6,-107.5
160766748.0,-107.4
160767480.5,-107.3
160768212.9,-107.3
160768945.3,-107.3
160769677.7,-107.4
160770410.2,-107.4
160771142.6,-107.3
160771875.0,-107.3
160772607.4,-107.4
160773339.8,-107.5
160774072.3,-107.4
160774804.7,-107.4
160775537.1,-107.5
160776269.5,-107.4
160777002.0,-107.4
160777734.4,-107.5
160778466.8,-107.5
160779199.2,-107.5
160779931.6,-107.4
160780664.1,-107.4
160781396.5,-107.4
160782128.9,-107.4
160782861.3,-107.3
160783593.8,-107.4
160784326.2,-107.3
160785058.6,-107.4
160785791.0,-107.5
160786523.4,-107.4
160787255.9,-107.5
160787988.3,-107.4
160788720.7,-107.4
160789453.1,-107.4
160790185.5,-107.3
160790918.0,-107.2
160791650.4,-107.4
160792382.8,-107.4
160793115.2,-107.4
160793847.7,-107.4
160794580.1,-107.4
160795312.5,-107.3
160796044.9,-107.4
160796777.3,-107.5
160797509.8,-107.4
160798242.2,-107.3
160798974.6,-107.3
160799707.0,-107.3
160800439.5,-107.3
160801171.9,-107.3
160801904.3,-107.3
160802636.7,-107.3
160803369.1,-107.4
160804101.6,-107.5
160804834.0,-107.5
160805566.4,-107.4
160806298.8,-107.4
160807031.2,-107.4
160807763.7,-107.4
160808496.1,-107.4
160809228.5,-107.4
160809960.9,-107.5
160810693.4,-107.4
160811425.8,-107.4
160812158.2,-107.4
160812890.6,-107.4
160813623.0,-107.4
160814355.5,-107.4
160815087.9,-107.4
160815820.3,-107.4
160816552.7,-107.3
160817285.2,-107.5
160818017.6,-107.5
160818750.0,-107.5
160819482.4,-107.3
160820214.8,-107.3
160820947.3,-107.3
160821679.7,-107.5
160822412.1,-107.4
160823144.5,-107.4
160823877.0,-107.4
160824609.4,-107.4
160825341.8,-107.4
160826074.2,-107.4
160826806.6,-107.5
160827539.1,-107.5
160828271.5,-107.5
160829003.9,-107.4
160829736.3,-107.3
160830468.8,-107.1
160831201.2,-105.3
160831933.6,-106.2
160832666.0,-107.5
160833398.4,-107.5
160834130.9,-107.3
160834863.3,-107.4
160835595.7,-107.4
160836328.1,-107.5
160837060.5,-107.5
160837793.0,-107.4
160838525.4,-107.5
160839257.8,-107.5
160839990.2,-107.5
160840722.7,-107.4
160841455.1,-107.3
160842187.5,-107.5
160842919.9,-107.4
160843652.3,-107.4
160844384.8,-107.5
160845117.2,-107.5
160845849.6,-107.3
160846582.0,-107.4
160847314.5,-107.5
160848046.9,-107.5
160848779.3,-107.4
160849511.7,-107.5
160850244.1,-107.4
160850976.6,-107.4
160851709.0,-107.4
160852441.4,-107.4
160853173.8,-107.4
160853906.2,-107.4
160854638.7,-107.3
160855371.1,-107.4
160856103.5,-107.4
160856835.9,-107.5
160857568.4,-107.4
160858300.8,-107.4
160859033.2,-107.5
160859765.6,-107.5
160860498.0,-107.4
160861230.5,-107.4
160861962.9,-107.5
160862695.3,-107.4
160863427.7,-107.3
160864160.2,-107.5
160864892.6,-107.5
160865625.0,-107.5
160866357.4,-107.4
160867089.8,-107.4
160867822.3,-107.4
160868554.7,-107.4
160869287.1,-107.5
160870019.5,-107.4
160870752.0,-107.4
160871484.4,-107.3
160872216.8,-107.4
160872949.2,-107.6
160873681.6,-107.4
160874414.1,-107.4
160875146.5,-107.5
160875878.9,-107.5
160876611.3,-107.2
160877343.8,-107.3
160878076.2,-107.4
160878808.6,-107.5
160879541.0,-107.5
160880273.4,-107.4
160881005.9,-107.5
160881738.3,-107.6
160882470.7,-107.6
160883203.1,-107.3
160883935.5,-107.4
160884668.0,-107.4
160885400.4,-107.4
160886132.8,-107.4
160886865.2,-107.3
160887597.7,-107.4
160888330.1,-107.5
160889062.5,-107.4
160889794.9,-107.3
160890527.3,-107.4
160891259.8,-107.4
160891992.2,-107.4
160892724.6,-107.4
160893457.0,-107.4
160894189.5,-107.4
160894921.9,-107.4
160895654.3,-107.4
160896386.7,-107.4
160897119.1,-107.4
160897851.6,-107.4
160898584.0,-107.4
160899316.4,-107.4
160900048.8,-107.5
160900781.2,-107.5
160901513.7,-107.5
160902246.1,-107.4
160902978.5,-107.3
160903710.9,-107.4
160904443.4,-107.5
160905175.8,-107.4
160905908.2,-107.5
160906640.6,-107.4
160907373.0,-107.4
160908105.5,-107.4
160908837.9,-107.5
160909570.3,-107.5
160910302.7,-107.3
160911035.2,-107.4
160911767.6,-107.3
160912500.0,-107.3
160913232.4,-107.3
160913964.8,-107.4
160914697.3,-107.5
160915429.7,-107.3
160916162.1,-107.3
160916894.5,-107.3
160917627.0,-107.3
160918359.4,-107.4
160919091.8,-107.4
160919824.2,-107.4
160920556.6,-107.5
160921289.1,-107.5
160922021.5,-107.3
160922753.9,-107.3
160923486.3,-107.4
160924218.8,-107.4
160924951.2,-107.4
160925683.6,-107.4
160926416.0,-107.3
160927148.4,-107.3
160927880.9,-107.4
160928613.3,-107.4
160929345.7,-107.4
160930078.1,-107.4
160930810.5,-107.5
160931543.0,-107.5
160932275.4,-107.4
160933007.8,-107.4
160933740.2,-107.3
160934472.7,-107.4
160935205.1,-107.4
160935937.5,-107.4
160936669.9,-107.4
160937402.3,-107.4
160938134.8,-107.3
160938867.2,-107.5
160939599.6,-107.6
160940332.0,-107.4
160941064.5,-107.5
160941796.9,-107.4
160942529.3,-107.5
160943261.7,-107.5
160943994.1,-107.4
160944726.6,-107.3
160945459.0,-107.3
160946191.4,-107.3
160946923.8,-107.3
160947656.2,-107.3
160948388.7,-107.1
160949121.1,-106.4
160949853.5,-106.4
160950585.9,-107.0
160951318.4,-107.4
160952050.8,-107.4
160952783.2,-107.2
160953515.6,-107.2
160954248.0,-107.4
160954980.5,-107.5
160955712.9,-107.5
160956445.3,-107.4
160957177.7,-107.4
160957910.2,-107.4
160958642.6,-107.3
160959375.0,-107.3
160960107.4,-107.4
160960839.8,-107.4
160961572.3,-107.4
160962304.7,-107.4
160963037.1,-107.3
160963769.5,-107.4
160964502.0,-107.4
160965234.4,-107.4
160965966.8,-107.4
160966699.2,-107.3
160967431.6,-107.3
160968164.1,-107.3
160968896.5,-107.5
160969628.9,-107.5
160970361.3,-107.5
160971093.8,-107.4
160971826.2,-107.3
160972558.6,-107.3
160973291.0,-107.4
160974023.4,-107.4
160974755.9,-107.5
160975488.3,-107.4
160976220.7,-107.4
160976953.1,-107.4
160977685.5,-107.1
160978418.0,-107.4
160979150.4,-107.5
160979882.8,-107.5
160980615.2,-107.4
160981347.7,-107.4
160982080.1,-107.4
160982812.5,-107.4
160983544.9,-107.5
160984277.3,-107.4
160985009.8,-107.4
160985742.2,-107.4
160986474.6,-107.4
160987207.0,-107.3
160987939.5,-107.3
160988671.9,-107.3
160989404.3,-107.3
160990136.7,-107.4
160990869.1,-107.3
160991601.6,-107.4
160992334.0,-107.4
160993066.4,-107.4
160993798.8,-107.4
160994531.2,-107.4
160995263.7,-107.3
160995996.1,-107.1
160996728.5,-107.2
160997460.9,-107.4
160998193.4,-107.3
160998925.8,-107.3
160999658.2,-107.4
161000390.6,-107.4
161001123.0,-107.5
161001855.5,-107.5
161002587.9,-107.4
161003320.3,-107.4
161004052.7,-107.5
161004785.2,-107.5
161005517.6,-107.4
161006250.0,-107.3
161006982.4,-107.3
161007714.8,-107.3
161008447.3,-107.4
161009179.7,-107.5
161009912.1,-107.4
161010644.5,-107.3
161011377.0,-107.3
161012109.4,-107.4
161012841.8,-107.3
161013574.2,-107.3
161014306.6,-107.4
161015039.1,-107.4
161015771.5,-107.4
161016503.9,-107.4
161017236.3,-107.4
161017968.8,-107.4
161018701.2,-107.5
161019433.6,-107.5
161020166.0,-107.3
161020898.4,-107.3
161021630.9,-107.5
161022363.3,-107.4
161023095.7,-107.3
161023828.1,-107.3
161024560.5,-107.4
161025293.0,-107.3
161026025.4,-107.3
161026757.8,-107.3
161027490.2,-107.4
161028222.7,-107.4
161028955.1,-107.4
161029687.5,-107.5
161030419.9,-107.4
161031152.3,-107.2
161031884.8,-107.3
161032617.2,-107.4
161033349.6,-107.3
161034082.0,-107.3
161034814.5,-107.5
161035546.9,-107.4
161036279.3,-107.3
161037011.7,-107.4
161037744.1,-107.5
161038476.6,-107.4
161039209.0,-107.4
161039941.4,-107.4
161040673.8,-107.4
161041406.2,-107.4
161042138.7,-107.4
161042871.1,-107.4
161043603.5,-107.4
161044335.9,-107.4
161045068.4,-107.3
161045800.8,-107.3
161046533.2,-107.4
161047265.6,-107.4
161047998.0,-107.3
161048730.5,-107.3
161049462.9,-107.4
161050195.3,-107.4
161050927.7,-107.2
161051660.2,-107.3
161052392.6,-107.4
161053125.0,-107.3
161053857.4,-107.3
161054589.8,-107.3
161055322.3,-107.4
161056054.7,-107.4
161056787.1,-107.4
161057519.5,-107.3
161058252.0,-107.4
161058984.4,-107.4
161059716.8,-107.3
161060449.2,-107.4
161061181.6,-107.4
161061914.1,-107.3
161062646.5,-107.3
161063378.9,-107.3
161064111.3,-107.3
161064843.8,-107.3
161065576.2,-107.4
161066308.6,-107.3
161067041.0,-107.4
161067773.4,-107.4
161068505.9,-107.2
161069238.3,-107.3
161069970.7,-107.4
161070703.1,-107.5
161071435.5,-107.5
161072168.0,-107.5
161072900.4,-107.4
161073632.8,-107.4
161074365.2,-107.3
161075097.7,-107.3
161075830.1,-107.3
161076562.5,-107.4
161077294.9,-107.1
161078027.3,-107.0
161078759.8,-107.3
161079492.2,-107.4
161080224.6,-107.4
161080957.0,-107.4
161081689.5,-107.4
161082421.9,-107.4
161083154.3,-107.3
161083886.7,-107.4
161084619.1,-107.4
161085351.6,-107.3
161086084.0,-107.3
161086816.4,-107.4
161087548.8,-107.3
161088281.2,-107.3
161089013.7,-107.4
161089746.1,-107.3
161090478.5,-107.2
161091210.9,-107.3
161091943.4,-107.3
161092675.8,-107.4
161093408.2,-107.4
161094140.6,-107.4
161094873.0,-107.3
161095605.5,-107.3
161096337.9,-107.3
161097070.3,-107.3
161097802.7,-107.3
161098535.2,-107.3
161099267.6,-107.3
161100000.0,-107.4
161100732.4,-107.4
161101464.8,-107.3
161102197.3,-107.2
161102929.7,-107.2
161103662.1,-107.2
161104394.5,-107.2
161105127.0,-107.3
161105859.4,-107.4
161106591.8,-107.3
161107324.2,-107.3
161108056.6,-107.2
161108789.1,-107.3
161109521.5,-107.4
161110253.9,-107.3
161110986.3,-107.4
161111718.8,-107.4
161112451.2,-107.3
161113183.6,-107.2
161113916.0,-107.3
161114648.4,-107.3
161115380.9,-107.3
161116113.3,-107.3
161116845.7,-107.3
161117578.1,-107.4
161118310.5,-107.3
161119043.0,-107.3
161119775.4,-107.3
161120507.8,-107.4
161121240.2,-107.4
161121972.7,-107.3
161122705.1,-107.3
161123437.5,-107.3
161124169.9,-107.3
161124902.3,-107.3
161125634.8,-107.3
161126367.2,-107.2
161127099.6,-107.2
161127832.0,-107.2
161128564.5,-107.2
161129296.9,-107.2
161130029.3,-107.1
161130761.7,-107.1
161131494.1,-107.2
161132226.6,-107.2
161132959.0,-107.3
161133691.4,-107.2
161134423.8,-107.2
161135156.2,-107.1
161135888.7,-107.0
161136621.1,-107.1
161137353.5,-107.2
161138085.9,-107.3
161138818.4,-107.3
161139550.8,-107.3
161140283.2,-107.2
161141015.6,-107.2
161141748.0,-107.2
161142480.5,-107.1
161143212.9,-107.1
161143945.3,-107.3
161144677.7,-107.4
161145410.2,-107.3
161146142.6,-107.3
161146875.0,-107.3
161147607.4,-107.2
161148339.8,-107.3
161149072.3,-107.2
161149804.7,-107.0
161150537.1,-107.1
161151269.5,-107.1
161152002.0,-107.2
161152734.4,-107.1
161153466.8,-107.1
161154199.2,-107.1
161154931.6,-107.2
161155664.1,-107.3
161156396.5,-107.3
161157128.9,-107.2
161157861.3,-107.0
161158593.8,-107.1
161159326.2,-107.1
161160058.6,-107.2
161160791.0,-107.2
161161523.4,-107.1
161162255.9,-107.2
161162988.3,-107.2
161163720.7,-107.2
161164453.1,-107.1
161165185.5,-107.2
161165918.0,-107.2
161166650.4,-107.0
161167382.8,-107.0
161168115.2,-107.1
161168847.7,-107.2
161169580.1,-107.2
161170312.5,-107.2
161171044.9,-107.1
161171777.3,-107.2
161172509.8,-107.3
161173242.2,-107.3
161173974.6,-107.3
161174707.0,-106.9
161175439.5,-106.9
161176171.9,-107.1
161176904.3,-107.1
161177636.7,-107.1
161178369.1,-107.2
161179101.6,-107.2
161179834.0,-107.3
161180566.4,-107.2
161181298.8,-107.2
161182031.2,-107.1
161182763.7,-107.0
161183496.1,-107.2
161184228.5,-107.2
161184960.9,-107.2
161185693.4,-107.2
161186425.8,-107.2
161187158.2,-107.2
161187890.6,-107.2
161188623.0,-107.4
161189355.5,-107.4
161190087.9,-107.2
161190820.3,-107.2
161191552.7,-107.1
161192285.2,-107.1
161193017.6,-107.1
161193750.0,-107.1
161194482.4,-107.2
161195214.8,-107.2
161195947.3,-107.2
161196679.7,-107.3
161197412.1,-107.3
161198144.5,-107.3
161198877.0,-107.3
161199609.4,-107.2
161200341.8,-107.2
161201074.2,-107.3
161201806.6,-107.2
161202539.1,-107.3
161203271.5,-107.2
161204003.9,-107.1
161204736.3,-107.2
161205468.8,-107.3
161206201.2,-107.2
161206933.6,-107.2
161207666.0,-107.2
161208398.4,-107.2
161209130.9,-107.4
161209863.3,-107.3
161210595.7,-107.3
161211328.1,-107.2
161212060.5,-107.2
161212793.0,-106.8
161213525.4,-107.1
161214257.8,-107.2
161214990.2,-107.2
161215722.7,-107.3
161216455.1,-107.3
161217187.5,-107.2
161217919.9,-107.3
161218652.3,-107.3
161219384.8,-107.2
161220117.2,-107.3
161220849.6,-107.3
161221582.0,-107.3
161222314.5,-107.3
161223046.9,-107.2
161223779.3,-107.3
161224511.7,-107.2
161225244.1,-107.2
161225976.6,-107.3
161226709.0,-107.3
161227441.4,-107.3
161228173.8,-107.2
161228906.2,-107.1
161229638.7,-107.2
161230371.1,-107.3
161231103.5,-107.2
161231835.9,-107.3
161232568.4,-107.2
161233300.8,-107.1
161234033.2,-107.2
161234765.6,-107.3
161235498.0,-107.3
161236230.5,-107.3
161236962.9,-107.3
161237695.3,-107.3
161238427.7,-107.2
161239160.2,-107.2
161239892.6,-107.3
161240625.0,-107.3
161241357.4,-107.3
161242089.8,-107.3
161242822.3,-107.2
161243554.7,-107.3
161244287.1,-107.2
161245019.5,-107.3
161245752.0,-107.3
161246484.4,-107.3
161247216.8,-107.2
161247949.2,-107.3
161248681.6,-107.4
161249414.1,-107.4
161250146.5,-107.3
161250878.9,-107.3
161251611.3,-107.4
161252343.8,-107.3
161253076.2,-107.2
161253808.6,-107.3
161254541.0,-107.2
161255273.4,-107.2
161256005.9,-107.2
161256738.3,-107.2
161257470.7,-107.3
161258203.1,-107.3
161258935.5,-107.4
161259668.0,-107.3
161260400.4,-107.2
161261132.8,-107.3
161261865.2,-107.2
161262597.7,-107.2
161263330.1,-107.3
161264062.5,-107.2
161264794.9,-107.3
161265527.3,-107.2
161266259.8,-107.2
161266992.2,-107.2
161267724.6,-107.3
161268457.0,-107.2
161269189.5,-107.2
161269921.9,-107.2
161270654.3,-107.3
161271386.7,-107.3
161272119.1,-107.2
161272851.6,-107.2
161273584.0,-107.2
161274316.4,-107.3
161275048.8,-107.4
161275781.2,-107.3
161276513.7,-107.2
161277246.1,-107.3
161277978.5,-107.2
161278710.9,-106.8
161279443.4,-107.1
161280175.8,-107.2
161280908.2,-107.2
161281640.6,-107.3
161282373.0,-107.3
161283105.5,-107.2
161283837.9,-107.2
161284570.3,-107.2
161285302.7,-107.3
161286035.2,-107.4
161286767.6,-107.4
161287500.0,-107.3
161288232.4,-107.3
161288964.8,-107.3
161289697.3,-107.2
161290429.7,-107.3
161291162.1,-107.3
161291894.5,-107.4
161292627.0,-107.3
161293359.4,-107.2
161294091.8,-107.2
161294824.2,-107.1
161295556.6,-107.1
161296289.1,-107.2
161297021.5,-107.3
161297753.9,-107.3
161298486.3,-107.3
161299218.8,-107.3
161299951.2,-107.3
161300683.6,-107.2
161301416.0,-107.3
161302148.4,-107.3
161302880.9,-107.3
161303613.3,-107.3
161304345.7,-107.2
161305078.1,-107.3
161305810.5,-107.3
161306543.0,-107.3
161307275.4,-107.2
161308007.8,-107.3
161308740.2,-107.3
161309472.7,-107.3
161310205.1,-107.3
161310937.5,-107.3
161311669.9,-107.4
161312402.3,-107.4
161313134.8,-107.3
161313867.2,-107.1
161314599.6,-107.2
161315332.0,-107.3
161316064.5,-107.3
161316796.9,-107.3
161317529.3,-107.3
161318261.7,-107.2
161318994.1,-107.2
161319726.6,-107.3
161320459.0,-107.3
161321191.4,-107.3
161321923.8,-107.3
161322656.2,-107.3
161323388.7,-107.3
161324121.1,-107.3
161324853.5,-107.4
161325585.9,-107.3
161326318.4,-107.1
161327050.8,-107.1
161327783.2,-107.2
161328515.6,-107.2
161329248.0,-107.2
161329980.5,-107.3
161330712.9,-107.4
161331445.3,-107.3
161332177.7,-107.3
161332910.2,-107.3
161333642.6,-107.3
161334375.0,-107.2
161335107.4,-107.3
161335839.8,-107.3
161336572.3,-107.3
161337304.7,-107.2
161338037.1,-107.2
161338769.5,-107.1
161339502.0,-107.2
161340234.4,-107.3
161340966.8,-107.4
161341699.2,-107.4
161342431.6,-107.2
161343164.1,-107.2
161343896.5,-107.2
161344628.9,-107.1
161345361.3,-107.1
161346093.8,-107.3
161346826.2,-107.3
161347558.6,-107.2
161348291.0,-107.2
161349023.4,-107.2
161349755.9,-107.2
161350488.3,-107.2
161351220.7,-107.2
161351953.1,-107.3
161352685.5,-107.3
161353418.0,-107.3
161354150.4,-107.4
161354882.8,-107.3
161355615.2,-107.4
161356347.7,-107.3
161357080.1,-107.3
161357812.5,-107.3
161358544.9,-107.3
161359277.3,-107.3
161360009.8,-107.3
161360742.2,-107.3
161361474.6,-107.2
161362207.0,-107.2
161362939.5,-107.2
161363671.9,-107.3
161364404.3,-107.3
161365136.7,-107.4
161365869.1,-107.3
161366601.6,-107.2
161367334.0,-107.3
161368066.4,-107.4
161368798.8,-107.3
161369531.2,-107.3
161370263.7,-107.4
161370996.1,-107.3
161371728.5,-107.4
161372460.9,-107.4
161373193.4,-107.3
161373925.8,-107.3
161374658.2,-107.3
161375390.6,-107.3
161376123.0,-107.2
161376855.5,-107.4
161377587.9,-107.4
161378320.3,-107.4
161379052.7,-107.3
161379785.2,-107.4
161380517.6,-107.4
161381250.0,-107.4
161381982.4,-107.4
161382714.8,-107.3
161383447.3,-107.1
161384179.7,-107.3
161384912.1,-107.4
161385644.5,-107.4
161386377.0,-107.5
161387109.4,-107.3
161387841.8,-107.3
161388574.2,-107.4
161389306.6,-107.3
161390039.1,-107.2
161390771.5,-107.2
161391503.9,-107.3
161392236.3,-107.4
161392968.8,-107.4
161393701.2,-107.5
161394433.6,-107.5
161395166.0,-107.4
161395898.4,-107.3
161396630.9,-107.3
161397363.3,-107.3
161398095.7,-107.3
161398828.1,-107.3
161399560.5,-107.4
161400293.0,-107.3
161401025.4,-107.4
161401757.8,-107.4
161402490.2,-107.4
161403222.7,-107.2
161403955.1,-107.3
161404687.5,-107.4
161405419.9,-107.4
161406152.3,-107.3
161406884.8,-107.3
161407617.2,-107.4
161408349.6,-107.3
161409082.0,-107.2
161409814.5,-107.1
161410546.9,-107.3
161411279.3,-107.4
161412011.7,-107.4
161412744.1,-107.4
161413476.6,-107.4
161414209.0,-107.3
161414941.4,-107.4
161415673.8,-107.4
161416406.2,-107.5
161417138.7,-107.4
161417871.1,-107.4
161418603.5,-107.4
161419335.9,-107.3
161420068.4,-107.3
161420800.8,-107.4
161421533.2,-107.4
161422265.6,-107.2
161422998.0,-107.3
161423730.5,-107.4
161424462.9,-107.4
161425195.3,-107.3
161425927.7,-107.3
161426660.2,-107.5
161427392.6,-107.5
161428125.0,-107.4
161428857.4,-107.4
161429589.8,-107.4
161430322.3,-107.3
161431054.7,-107.4
161431787.1,-107.4
161432519.5,-107.4
161433252.0,-107.4
161433984.4,-107.3
161434716.8,-107.4
161435449.2,-107.4
161436181.6,-107.4
161436914.1,-107.2
161437646.5,-107.3
161438378.9,-107.4
161439111.3,-107.5
161439843.8,-107.5
161440576.2,-107.4
161441308.6,-107.4
161442041.0,-107.4
161442773.4,-107.3
161443505.9,-107.4
161444238.3,-107.4
161444970.7,-107.5
161445703.1,-107.5
161446435.5,-107.5
161447168.0,-107.5
161447900.4,-107.2
161448632.8,-107.2
161449365.2,-107.4
161450097.7,-107.4
161450830.1,-107.4
161451562.5,-107.3
161452294.9,-107.4
161453027.3,-107.4
161453759.8,-107.4
161454492.2,-107.3
161455224.6,-107.3
161455957.0,-107.3
161456689.5,-107.4
161457421.9,-107.4
161458154.3,-107.4
161458886.7,-107.5
161459619.1,-107.5
161460351.6,-107.5
161461084.0,-107.4
161461816.4,-107.3
161462548.8,-107.3
161463281.2,-107.4
161464013.7,-107.4
161464746.1,-107.4
161465478.5,-107.4
161466210.9,-107.4
161466943.4,-107.5
161467675.8,-107.5
161468408.2,-107.5
161469140.6,-107.4
161469873.0,-107.4
161470605.5,-107.5
161471337.9,-107.3
161472070.3,-107.4
161472802.7,-107.4
161473535.2,-107.3
161474267.6,-107.3
161475000.0,-107.5
161475732.4,-107.5
161476464.8,-107.4
161477197.3,-107.5
161477929.7,-107.5
161478662.1,-107.4
161479394.5,-107.3
161480127.0,-107.0
161480859.4,-107.4
161481591.8,-107.5
161482324.2,-107.5
161483056.6,-107.5
161483789.1,-107.5
161484521.5,-107.5
161485253.9,-107.4
161485986.3,-107.4
161486718.8,-107.5
161487451.2,-107.4
161488183.6,-107.5
161488916.0,-107.6
161489648.4,-107.5
161490380.9,-107.5
161491113.3,-107.5
161491845.7,-107.4
161492578.1,-107.5
161493310.5,-107.5
161494043.0,-107.6
161494775.4,-107.6
161495507.8,-107.5
161496240.2,-107.4
161496972.7,-107.5
161497705.1,-107.5
161498437.5,-107.5
161499169.9,-107.5
161499902.3,-107.5
161500634.8,-107.5
161501367.2,-107.5
161502099.6,-107.4
161502832.0,-107.5
161503564.5,-107.6
161504296.9,-107.6
161505029.3,-107.5
161505761.7,-107.5
161506494.1,-107.5
161507226.6,-107.4
161507959.0,-107.6
161508691.4,-107.6
161509423.8,-107.5
161510156.2,-107.4
161510888.7,-107.4
161511621.1,-107.5
161512353.5,-107.6
161513085.9,-107.6
161513818.4,-107.5
161514550.8,-107.6
161515283.2,-107.6
161516015.6,-107.6
161516748.0,-107.5
161517480.5,-107.4
161518212.9,-107.4
161518945.3,-107.4
161519677.7,-107.6
161520410.2,-107.6
161521142.6,-107.6
161521875.0,-107.6
161522607.4,-107.6
161523339.8,-107.6
161524072.3,-107.6
161524804.7,-107.5
161525537.1,-107.5
161526269.5,-107.5
161527002.0,-107.4
161527734.4,-107.3
161528466.8,-107.5
161529199.2,-107.6
161529931.6,-107.5
161530664.1,-107.5
161531396.5,-107.4
161532128.9,-107.5
161532861.3,-107.5
161533593.8,-107.5
161534326.2,-107.5
161535058.6,-107.5
161535791.0,-107.6
161536523.4,-107.6
161537255.9,-107.5
161537988.3,-107.5
161538720.7,-107.6
161539453.1,-107.5
161540185.5,-107.5
161540918.0,-107.5
161541650.4,-107.6
161542382.8,-107.5
161543115.2,-107.4
161543847.7,-107.4
161544580.1,-107.6
161545312.5,-107.6
161546044.9,-107.6
161546777.3,-107.6
161547509.8,-107.6
161548242.2,-107.5
161548974.6,-107.5
161549707.0,-107.5
161550439.5,-107.5
161551171.9,-107.4
161551904.3,-107.6
161552636.7,-107.6
161553369.1,-107.5
161554101.6,-107.6
161554834.0,-107.6
161555566.4,-107.6
161556298.8,-107.5
161557031.2,-107.5
161557763.7,-107.5
161558496.1,-107.5
161559228.5,-107.5
161559960.9,-107.5
161560693.4,-107.7
161561425.8,-107.7
161562158.2,-107.6
161562890.6,-107.5
161563623.0,-107.5
161564355.5,-107.6
161565087.9,-107.5
161565820.3,-107.3
161566552.7,-107.6
161567285.2,-107.6
161568017.6,-107.5
161568750.0,-107.7
161569482.4,-107.7
161570214.8,-107.7
161570947.3,-107.6
161571679.7,-107.6
161572412.1,-107.7
161573144.5,-107.7
161573877.0,-107.7
161574609.4,-107.6
161575341.8,-107.5
161576074.2,-107.6
161576806.6,-107.7
161577539.1,-107.8
161578271.5,-107.8
161579003.9,-107.6
161579736.3,-107.6
161580468.8,-107.6
161581201.2,-107.6
161581933.6,-107.7
161582666.0,-107.6
161583398.4,-107.8
161584130.9,-107.7
161584863.3,-107.6
161585595.7,-107.7
161586328.1,-107.8
161587060.5,-107.7
161587793.0,-107.6
161588525.4,-107.6
161589257.8,-107.7
161589990.2,-107.7
161590722.7,-107.7
161591455.1,-107.7
161592187.5,-107.7
161592919.9,-107.8
161593652.3,-107.8
161594384.8,-107.7
161595117.2,-107.7
161595849.6,-107.8
161596582.0,-107.9
161597314.5,-107.9
161598046.9,-107.8
161598779.3,-107.7
161599511.7,-107.7
161600244.1,-107.7
161600976.6,-107.7
161601709.0,-107.7
161602441.4,-107.7
161603173.8,-107.8
161603906.2,-107.7
161604638.7,-107.8
161605371.1,-107.9
161606103.5,-107.7
161606835.9,-107.6
161607568.4,-107.6
161608300.8,-107.7
161609033.2,-107.8
161609765.6,-107.9
161610498.0,-107.9
161611230.5,-107.8
161611962.9,-107.7
161612695.3,-107.6
161613427.7,-107.7
161614160.2,-107.8
161614892.6,-107.7
161615625.0,-107.8
161616357.4,-107.9
161617089.8,-108.0
161617822.3,-107.9
161618554.7,-107.9
161619287.1,-107.7
161620019.5,-107.7
161620752.0,-107.8
161621484.4,-107.8
161622216.8,-107.7
161622949.2,-107.7
161623681.6,-107.8
161624414.1,-107.8
161625146.5,-107.8
161625878.9,-107.7
161626611.3,-107.7
161627343.8,-107.8
161628076.2,-107.9
161628808.6,-107.8
161629541.0,-107.8
161630273.4,-107.7
161631005.9,-107.8
161631738.3,-107.9
161632470.7,-107.8
161633203.1,-107.7
161633935.5,-107.8
161634668.0,-107.7
161635400.4,-107.7
161636132.8,-107.7
161636865.2,-107.8
161637597.7,-107.9
161638330.1,-107.7
161639062.5,-107.6
161639794.9,-107.7
161640527.3,-107.8
161641259.8,-107.8
161641992.2,-107.8
161642724.6,-107.8
161643457.0,-107.7
161644189.5,-107.7
161644921.9,-107.7
161645654.3,-107.8
161646386.7,-107.8
161647119.1,-107.8
161647851.6,-107.9
161648584.0,-107.8
161649316.4,-107.8
161650048.8,-107.8
161650781.2,-107.8
161651513.7,-107.8
161652246.1,-107.7
161652978.5,-107.7
161653710.9,-107.7
161654443.4,-107.6
161655175.8,-107.7
161655908.2,-107.7
161656640.6,-107.8
161657373.0,-107.8
161658105.5,-107.8
161658837.9,-107.8
161659570.3,-107.8
161660302.7,-107.9
161661035.2,-107.8
161661767.6,-107.7
161662500.0,-107.8
161663232.4,-107.8
161663964.8,-107.7
161664697.3,-107.8
161665429.7,-107.9
161666162.1,-107.7
161666894.5,-107.8
161667627.0,-107.8
161668359.4,-107.7
161669091.8,-107.7
161669824.2,-107.8
161670556.6,-107.9
161671289.1,-107.8
161672021.5,-107.8
161672753.9,-107.8
161673486.3,-107.8
161674218.8,-107.8
161674951.2,-107.8
161675683.6,-107.7
161676416.0,-107.8
161677148.4,-107.7
161677880.9,-107.5
161678613.3,-107.5
161679345.7,-107.7
161680078.1,-107.6
161680810.5,-107.3
161681543.0,-107.5
161682275.4,-107.8
161683007.8,-107.7
161683740.2,-107.7
161684472.7,-107.8
161685205.1,-107.7
161685937.5,-107.7
161686669.9,-107.7
161687402.3,-107.7
161688134.8,-107.7
161688867.2,-107.8
161689599.6,-107.7
161690332.0,-107.6
161691064.5,-107.8
161691796.9,-107.7
161692529.3,-107.7
161693261.7,-107.8
161693994.1,-107.7
161694726.6,-107.6
161695459.0,-107.7
161696191.4,-107.7
161696923.8,-107.7
161697656.2,-107.7
161698388.7,-107.8
161699121.1,-107.8
161699853.5,-107.8
161700585.9,-107.7
161701318.4,-107.7
161702050.8,-107.6
161702783.2,-107.7
161703515.6,-107.6
161704248.0,-107.6
161704980.5,-107.6
161705712.9,-107.7
161706445.3,-107.6
161707177.7,-107.7
161707910.2,-107.7
161708642.6,-107.7
161709375.0,-107.7
161710107.4,-107.6
161710839.8,-107.5
161711572.3,-107.6
161712304.7,-107.6
161713037.1,-107.7
161713769.5,-107.7
161714502.0,-107.7
161715234.4,-107.6
161715966.8,-107.7
161716699.2,-107.7
161717431.6,-107.6
161718164.1,-107.6
161718896.5,-107.6
161719628.9,-107.6
161720361.3,-107.6
161721093.8,-107.7
161721826.2,-107.6
161722558.6,-107.6
161723291.0,-107.6
161724023.4,-107.6
161724755.9,-107.6
161725488.3,-107.6
161726220.7,-107.7
161726953.1,-107.6
161727685.5,-107.6
161728418.0,-107.5
161729150.4,-107.6
161729882.8,-107.5
161730615.2,-107.6
161731347.7,-107.6
161732080.1,-107.5
161732812.5,-107.6
161733544.9,-107.6
161734277.3,-107.6
161735009.8,-107.5
161735742.2,-107.2
161736474.6,-107.3
161737207.0,-107.6
161737939.5,-107.6
161738671.9,-107.5
161739404.3,-107.5
161740136.7,-107.5
161740869.1,-107.6
161741601.6,-107.6
161742334.0,-107.5
161743066.4,-107.5
161743798.8,-107.6
161744531.2,-107.5
161745263.7,-107.4
161745996.1,-107.5
161746728.5,-107.5
161747460.9,-107.5
161748193.4,-107.5
161748925.8,-107.5
161749658.2,-107.6
161750390.6,-107.5
161751123.0,-107.5
161751855.5,-107.5
161752587.9,-107.5
161753320.3,-107.5
161754052.7,-107.4
161754785.2,-107.4
161755517.6,-107.4
161756250.0,-107.4
161756982.4,-107.5
161757714.8,-107.5
161758447.3,-107.5
161759179.7,-107.5
161759912.1,-107.4
161760644.5,-107.5
161761377.0,-107.5
161762109.4,-107.6
161762841.8,-107.7
161763574.2,-107.6
161764306.6,-107.5
161765039.1,-107.4
161765771.5,-107.6
161766503.9,-107.6
161767236.3,-107.5
161767968.8,-107.5
161768701.2,-107.5
161769433.6,-107.5
161770166.0,-107.4
161770898.4,-107.5
161771630.9,-107.5
161772363.3,-107.5
161773095.7,-107.5
161773828.1,-107.5
161774560.5,-107.5
161775293.0,-107.3
161776025.4,-107.4
161776757.8,-107.5
161777490.2,-107.5
161778222.7,-107.5
161778955.1,-107.4
161779687.5,-107.5
161780419.9,-107.5
161781152.3,-107.5
161781884.8,-107.4
161782617.2,-107.3
161783349.6,-107.4
161784082.0,-107.4
161784814.5,-107.5
161785546.9,-107.4
161786279.3,-107.5
161787011.7,-107.6
161787744.1,-107.5
161788476.6,-107.4
161789209.0,-107.5
161789941.4,-107.4
161790673.8,-107.4
161791406.2,-107.4
161792138.7,-107.5
161792871.1,-107.5
161793603.5,-107.4
161794335.9,-107.4
161795068.4,-107.4
161795800.8,-107.5
161796533.2,-107.4
161797265.6,-107.5
161797998.0,-107.4
161798730.5,-107.5
161799462.9,-107.5
161800195.3,-107.5
161800927.7,-107.2
161801660.2,-107.3
161802392.6,-107.5
161803125.0,-107.4
161803857.4,-107.3
161804589.8,-107.4
161805322.3,-107.3
161806054.7,-107.3
161806787.1,-107.3
161807519.5,-107.4
161808252.0,-107.3
161808984.4,-107.3
161809716.8,-107.4
161810449.2,-107.5
161811181.6,-107.5
161811914.1,-107.4
161812646.5,-107.3
161813378.9,-107.4
161814111.3,-107.4
161814843.8,-107.4
161815576.2,-107.4
161816308.6,-107.5
161817041.0,-107.3
161817773.4,-107.2
161818505.9,-107.3
161819238.3,-107.3
161819970.7,-107.3
161820703.1,-107.4
161821435.5,-107.4
161822168.0,-107.3
161822900.4,-107.3
161823632.8,-107.3
161824365.2,-107.4
161825097.7,-107.3
161825830.1,-107.3
161826562.5,-107.3
161827294.9,-107.4
161828027.3,-107.4
161828759.8,-107.3
161829492.2,-107.3
161830224.6,-107.3
161830957.0,-107.3
161831689.5,-107.4
161832421.9,-107.4
161833154.3,-107.3
161833886.7,-107.3
161834619.1,-107.3
161835351.6,-107.3
161836084.0,-107.4
161836816.4,-107.4
161837548.8,-107.4
161838281.2,-107.3
161839013.7,-107.3
161839746.1,-107.3
161840478.5,-107.3
161841210.9,-107.3
161841943.4,-107.4
161842675.8,-107.3
161843408.2,-107.3
161844140.6,-107.3
161844873.0,-107.4
161845605.5,-107.4
161846337.9,-107.4
161847070.3,-107.3
161847802.7,-107.3
161848535.2,-107.4
161849267.6,-107.3
161850000.0,-107.4
161850732.4,-107.4
161851464.8,-107.4
161852197.3,-107.3
161852929.7,-107.3
161853662.1,-107.4
161854394.5,-107.3
161855127.0,-107.3
161855859.4,-107.3
161856591.8,-107.3
161857324.2,-107.4
161858056.6,-107.3
161858789.1,-107.4
161859521.5,-107.3
161860253.9,-107.3
161860986.3,-107.4
161861718.8,-107.4
161862451.2,-107.3
161863183.6,-107.3
161863916.0,-107.3
161864648.4,-107.4
161865380.9,-107.4
161866113.3,-107.4
161866845.7,-107.4
161867578.1,-107.4
161868310.5,-107.4
161869043.0,-107.4
161869775.4,-107.3
161870507.8,-107.3
161871240.2,-107.3
161871972.7,-107.3
161872705.1,-107.4
161873437.5,-107.4
161874169.9,-107.4
161874902.3,-107.4
161875634.8,-107.4
161876367.2,-107.5
161877099.6,-107.4
161877832.0,-107.4
161878564.5,-107.5
161879296.9,-107.5
161880029.3,-107.5
161880761.7,-107.5
161881494.1,-107.4
161882226.6,-106.9
161882959.0,-107.4
161883691.4,-107.5
161884423.8,-107.6
161885156.2,-107.6
161885888.7,-107.5
161886621.1,-107.5
161887353.5,-107.5
161888085.9,-107.5
161888818.4,-107.5
161889550.8,-107.5
161890283.2,-107.5
161891015.6,-107.5
161891748.0,-107.6
161892480.5,-107.6
161893212.9,-107.5
161893945.3,-107.5
161894677.7,-107.4
161895410.2,-107.5
161896142.6,-107.5
161896875.0,-107.6
161897607.4,-107.6
161898339.8,-107.7
161899072.3,-107.6
161899804.7,-107.6
161900537.1,-107.6
161901269.5,-107.6
161902002.0,-107.7
161902734.4,-107.6
161903466.8,-107.6
161904199.2,-107.2
161904931.6,-106.8
161905664.1,-107.6
161906396.5,-107.7
161907128.9,-107.7
161907861.3,-107.6
161908593.8,-107.6
161909326.2,-107.6
161910058.6,-107.6
161910791.0,-107.6
161911523.4,-107.7
161912255.9,-107.8
161912988.3,-107.8
161913720.7,-107.6
161914453.1,-107.3
161915185.5,-106.5
161915918.0,-107.4
161916650.4,-107.8
161917382.8,-107.9
161918115.2,-107.8
161918847.7,-107.7
161919580.1,-107.8
161920312.5,-107.9
161921044.9,-107.8
161921777.3,-107.7
161922509.8,-107.8
161923242.2,-107.7
161923974.6,-107.7
161924707.0,-107.8
161925439.5,-107.9
161926171.9,-107.8
161926904.3,-107.9
161927636.7,-107.8
161928369.1,-107.8
161929101.6,-107.9
161929834.0,-107.9
161930566.4,-107.9
161931298.8,-107.9
161932031.2,-107.9
161932763.7,-108.0
161933496.1,-108.0
161934228.5,-107.9
161934960.9,-107.8
161935693.4,-107.9
161936425.8,-107.9
161937158.2,-107.8
161937890.6,-108.0
161938623.0,-108.1
161939355.5,-108.1
161940087.9,-108.0
161940820.3,-108.0
161941552.7,-108.0
161942285.2,-108.0
161943017.6,-108.0
161943750.0,-108.0
161944482.4,-108.0
161945214.8,-108.1
161945947.3,-108.1
161946679.7,-108.2
161947412.1,-108.1
161948144.5,-108.1
161948877.0,-108.2
161949609.4,-108.1
161950341.8,-108.1
161951074.2,-108.2
161951806.6,-108.2
161952539.1,-108.1
161953271.5,-108.1
161954003.9,-108.3
161954736.3,-108.3
161955468.8,-108.3
161956201.2,-108.4
161956933.6,-108.4
161957666.0,-108.4
161958398.4,-108.3
161959130.9,-108.4
161959863.3,-108.4
161960595.7,-108.4
161961328.1,-108.4
161962060.5,-108.4
161962793.0,-108.5
161963525.4,-108.5
161964257.8,-108.5
161964990.2,-108.6
161965722.7,-108.7
161966455.1,-108.6
161967187.5,-108.6
161967919.9,-108.7
161968652.3,-108.7
161969384.8,-108.8
161970117.2,-108.7
161970849.6,-108.7
161971582.0,-108.8
161972314.5,-108.8
161973046.9,-108.9
161973779.3,-108.8
161974511.7,-108.8
161975244.1,-108.9
161975976.6,-108.8
161976709.0,-108.9
161977441.4,-109.0
161978173.8,-109.1
161978906.2,-109.1
161979638.7,-109.1
161980371.1,-109.2
161981103.5,-109.2
161981835.9,-109.1
161982568.4,-109.2
161983300.8,-109.2
161984033.2,-109.2
161984765.6,-109.3
161985498.0,-109.2
161986230.5,-109.2
161986962.9,-109.4
161987695.3,-109.3
161988427.7,-109.3
161989160.2,-109.5
161989892.6,-109.5
161990625.0,-109.3
161991357.4,-109.3
161992089.8,-109.5
161992822.3,-109.6
161993554.7,-109.6
161994287.1,-109.6
161995019.5,-109.3
161995752.0,-106.7
161996484.4,-105.2
161997216.8,-108.8
161997949.2,-109.5
161998681.6,-109.6
161999414.1,-109.7
162000146.5,-109.7
162000878.9,-109.9
162001611.3,-109.9
162002343.8,-109.9
162003076.2,-109.9
162003808.6,-108.5
162004541.0,-106.6
162005273.4,-109.2
162006005.9,-110.1
162006738.3,-110.0
162007470.7,-110.0
162008203.1,-110.1
162008935.5,-110.1
162009668.0,-110.1
162010400.4,-110.2
162011132.8,-110.3
162011865.2,-110.2
162012597.7,-110.3
162013330.1,-110.3
162014062.5,-110.4
162014794.9,-110.4
162015527.3,-110.3
162016259.8,-110.3
162016992.2,-110.5
162017724.6,-110.5
162018457.0,-110.5
162019189.5,-110.6
162019921.9,-110.6
162020654.3,-110.6
162021386.7,-110.6
162022119.1,-110.7
162022851.6,-110.6
162023584.0,-110.6
162024316.4,-110.7
162025048.8,-110.8
162025781.2,-111.0
162026513.7,-110.9
162027246.1,-111.0
162027978.5,-111.0
162028710.9,-111.0
162029443.4,-111.1
162030175.8,-111.1
162030908.2,-111.1
162031640.6,-111.1
162032373.0,-111.1
162033105.5,-111.2
162033837.9,-111.3
162034570.3,-111.3
162035302.7,-111.3
162036035.2,-111.2
162036767.6,-111.2
162037500.0,-111.4
162038232.4,-111.4
162038964.8,-111.4
162039697.3,-111.5
162040429.7,-111.6
162041162.1,-111.7
162041894.5,-111.7
162042627.0,-111.6
162043359.4,-111.6
162044091.8,-111.7
162044824.2,-111.8
162045556.6,-111.9
162046289.1,-111.8
162047021.5,-111.8
162047753.9,-112.0
162048486.3,-112.1
162049218.8,-112.1
162049951.2,-112.1
162050683.6,-112.1
162051416.0,-112.0
162052148.4,-112.1
162052880.9,-112.3
162053613.3,-112.4
162054345.7,-112.3
162055078.1,-112.3
162055810.5,-112.4
162056543.0,-112.6
162057275.4,-112.6
162058007.8,-112.5
162058740.2,-112.6
162059472.7,-112.6
162060205.1,-112.7
162060937.5,-112.8
162061669.9,-112.8
162062402.3,-112.8
162063134.8,-112.8
162063867.2,-112.8
162064599.6,-113.0
162065332.0,-113.1
162066064.5,-113.1
162066796.9,-113.1
162067529.3,-113.2
162068261.7,-113.3
162068994.1,-113.3
162069726.6,-113.4
162070459.0,-113.4
162071191.4,-113.4
162071923.8,-113.5
162072656.2,-113.5
162073388.7,-113.7
162074121.1,-113.7
162074853.5,-113.6
162075585.9,-113.7
162076318.4,-113.9
162077050.8,-113.9
162077783.2,-113.9
162078515.6,-113.9
162079248.0,-113.9
162079980.5,-114.0
162080712.9,-114.2
162081445.3,-114.2
162082177.7,-114.2
162082910.2,-113.9
162083642.6,-114.0
162084375.0,-114.3
162085107.4,-114.4
162085839.8,-114.5
162086572.3,-114.6
162087304.7,-114.6
162088037.1,-114.6
162088769.5,-114.7
162089502.0,-114.8
162090234.4,-114.9
162090966.8,-115.0
162091699.2,-115.0
162092431.6,-115.0
162093164.1,-115.0
162093896.5,-113.7
162094628.9,-113.6
162095361.3,-115.1
162096093.8,-115.3
162096826.2,-115.3
162097558.6,-115.4
162098291.0,-115.6
162099023.4,-115.6
162099755.9,-115.6
162100488.3,-115.7
162101220.7,-115.8
162101953.1,-115.9
162102685.5,-115.8
162103418.0,-115.8
162104150.4,-115.9
162104882.8,-116.0
162105615.2,-116.1
162106347.7,-116.3
162107080.1,-116.3
162107812.5,-116.4
162108544.9,-116.5
162109277.3,-116.5
162110009.8,-116.5
162110742.2,-116.6
162111474.6,-116.7
162112207.0,-116.7
162112939.5,-116.8
162113671.9,-116.8
162114404.3,-116.9
162115136.7,-117.0
162115869.1,-117.2
162116601.6,-117.3
162117334.0,-117.2
162118066.4,-117.2
162118798.8,-117.3
162119531.2,-117.5
162120263.7,-117.5
162120996.1,-117.7
162121728.5,-117.8
162122460.9,-117.8
162123193.4,-117.9
162123925.8,-117.9
162124658.2,-118.0
162125390.6,-118.1
162126123.0,-118.2
162126855.5,-118.2
162127587.9,-118.3
162128320.3,-118.4
162129052.7,-118.5
162129785.2,-118.6
162130517.6,-118.0
162131250.0,-117.2
162131982.4,-118.5
162132714.8,-118.8
162133447.3,-119.0
162134179.7,-119.0
162134912.1,-119.1
162135644.5,-119.1
162136377.0,-119.3
162137109.4,-119.4
162137841.8,-119.4
162138574.2,-119.5
162139306.6,-119.6
162140039.1,-119.7
162140771.5,-119.8
162141503.9,-119.8
162142236.3,-119.9
162142968.8,-120.0
162143701.2,-120.1
162144433.6,-120.2
162145166.0,-120.4
162145898.4,-120.4
162146630.9,-120.4
162147363.3,-120.5
162148095.7,-120.7
162148828.1,-120.9
162149560.5,-120.8
162150293.0,-120.9
162151025.4,-121.1
162151757.8,-121.2
162152490.2,-121.2
162153222.7,-121.3
162153955.1,-121.3
162154687.5,-121.5
162155419.9,-121.7
162156152.3,-121.7
162156884.8,-121.8
162157617.2,-121.9
162158349.6,-122.0
162159082.0,-122.1
162159814.5,-122.3
162160546.9,-122.4
162161279.3,-122.5
162162011.7,-122.6
162162744.1,-122.7
162163476.6,-122.8
162164209.0,-122.9
162164941.4,-123.0
162165673.8,-123.0
162166406.2,-123.1
162167138.7,-123.3
162167871.1,-123.5
162168603.5,-123.6
162169335.9,-123.7
162170068.4,-123.8
162170800.8,-123.9
162171533.2,-123.9
162172265.6,-124.1
162172998.0,-124.2
162173730.5,-124.3
162174462.9,-124.3
162175195.3,-124.4
162175927.7,-124.6
162176660.2,-124.8
162177392.6,-125.0
162178125.0,-125.1
162178857.4,-125.1
162179589.8,-125.3
162180322.3,-125.4
162181054.7,-125.4
162181787.1,-125.6
162182519.5,-125.7
162183252.0,-125.9
162183984.4,-126.1
162184716.8,-126.2
162185449.2,-126.3
162186181.6,-126.4
162186914.1,-126.7
162187646.5,-126.8
162188378.9,-126.9
162189111.3,-127.1
162189843.8,-127.1
162190576.2,-127.1
162191308.6,-127.4
162192041.0,-127.5
162192773.4,-127.7
162193505.9,-127.9
162194238.3,-128.0
162194970.7,-128.1
162195703.1,-128.3
162196435.5,-128.6
162197168.0,-128.6
162197900.4,-128.8
162198632.8,-128.9
162199365.2,-129.0
162200097.7,-129.2
162200830.1,-129.3
162201562.5,-129.4
162202294.9,-129.6
162203027.3,-129.8
162203759.8,-129.9
162204492.2,-130.2
162205224.6,-130.4
162205957.0,-130.6
162206689.5,-130.7
162207421.9,-130.9
162208154.3,-131.1
162208886.7,-131.3
162209619.1,-131.5
162210351.6,-131.7
162211084.0,-131.8
162211816.4,-132.0
162212548.8,-132.2
162213281.2,-132.3
162214013.7,-132.5
162214746.1,-132.8
162215478.5,-132.9
162216210.9,-133.1
162216943.4,-133.2
162217675.8,-133.5
162218408.2,-133.8
162219140.6,-134.0
162219873.0,-134.1
162220605.5,-134.3
162221337.9,-134.5
162222070.3,-134.8
162222802.7,-135.1
162223535.2,-135.4
162224267.6,-135.5
162225000.0,-135.9
162225732.4,-136.1
162226464.8,-136.2
162227197.3,-136.5
162227929.7,-136.7
162228662.1,-137.0
162229394.5,-137.2
162230127.0,-137.5
162230859.4,-137.8
162231591.8,-138.1
162232324.2,-138.3
162233056.6,-138.7
162233789.1,-139.1
162234521.5,-139.3
162235253.9,-139.6
162235986.3,-140.0
162236718.8,-140.4
162237451.2,-140.8
162238183.6,-141.1
162238916.0,-141.5
162239648.4,-141.9
162240380.9,-142.2
162241113.3,-142.7
162241845.7,-143.2
162242578.1,-143.5
162243310.5,-144.0
162244043.0,-144.3
162244775.4,-144.7
162245507.8,-145.3
162246240.2,-145.7
162246972.7,-146.3
162247705.1,-146.9
162248437.5,-147.4
162249169.9,-147.9
162249902.3,-148.6
162250634.8,-149.2
162251367.2,-149.8
162252099.6,-150.4
162252832.0,-151.0
162253564.5,-151.5
162254296.9,-152.1
162255029.3,-152.6
162255761.7,-153.0
162256494.1,-153.2
162257226.6,-153.4
162257959.0,-153.4
162258691.4,-153.2
162259423.8,-152.8
162260156.2,-152.5
162260888.7,-152.1
162261621.1,-151.7
162262353.5,-151.2
162263085.9,-150.7
162263818.4,-150.2
162264550.8,-149.8
162265283.2,-149.2
162266015.6,-148.7
162266748.0,-148.4
162267480.5,-148.0
162268212.9,-147.6
162268945.3,-147.1
162269677.7,-146.7
162270410.2,-146.3
162271142.6,-145.9
162271875.0,-145.5
162272607.4,-145.0
162273339.8,-143.8
162274072.3,-144.4
162274804.7,-144.6
162275537.1,-144.3
162276269.5,-144.0
162277002.0,-143.8
162277734.4,-143.5
162278466.8,-143.4
162279199.2,-143.1
162279931.6,-142.8
162280664.1,-142.7
162281396.5,-142.5
162282128.9,-142.3
162282861.3,-142.2
162283593.8,-141.8
162284326.2,-141.2
162285058.6,-141.6
162285791.0,-141.5
162286523.4,-141.4
162287255.9,-141.3
162287988.3,-141.2
162288720.7,-141.1
162289453.1,-141.0
162290185.5,-140.8
162290918.0,-140.7
162291650.4,-140.6
162292382.8,-140.5
162293115.2,-140.3
162293847.7,-140.2
162294580.1,-140.1
162295312.5,-139.9
162296044.9,-139.9
162296777.3,-139.8
162297509.8,-139.8
162298242.2,-139.7
162298974.6,-139.7
162299707.0,-139.6
162300439.5,-139.4
162301171.9,-139.2
162301904.3,-139.2
162302636.7,-139.2
162303369.1,-139.0
162304101.6,-138.9
162304834.0,-138.9
162305566.4,-138.9
162306298.8,-138.8
162307031.2,-138.6
162307763.7,-138.6
162308496.1,-138.5
162309228.5,-138.5
162309960.9,-138.5
162310693.4,-138.4
162311425.8,-138.4
162312158.2,-138.4
162312890.6,-138.2
162313623.0,-138.2
162314355.5,-138.2
162315087.9,-138.1
162315820.3,-138.1
162316552.7,-138.0
162317285.2,-138.0
162318017.6,-138.0
162318750.0,-137.9
162319482.4,-137.9
162320214.8,-137.8
162320947.3,-137.7
162321679.7,-137.8
162322412.1,-137.8
162323144.5,-137.7
162323877.0,-137.7
162324609.4,-137.7
162325341.8,-137.7
162326074.2,-137.6
162326806.6,-137.6
162327539.1,-137.5
162328271.5,-137.4
162329003.9,-137.5
162329736.3,-137.6
162330468.8,-137.5
162331201.2,-137.4
162331933.6,-137.3
162332666.0,-137.4
162333398.4,-137.5
162334130.9,-137.4
162334863.3,-137.3
162335595.7,-137.2
162336328.1,-137.2
162337060.5,-137.2
162337793.0,-137.2
162338525.4,-137.2
162339257.8,-137.2
162339990.2,-137.2
162340722.7,-137.2
162341455.1,-137.2
162342187.5,-137.2
162342919.9,-137.2
162343652.3,-137.1
162344384.8,-137.1
162345117.2,-137.1
162345849.6,-137.1
162346582.0,-137.0
162347314.5,-137.1
162348046.9,-137.1
162348779.3,-137.1
162349511.7,-137.1
162350244.1,-137.0
162350976.6,-137.0
162351709.0,-136.9
162352441.4,-136.9
162353173.8,-137.1
162353906.2,-137.0
162354638.7,-137.0
162355371.1,-137.0
162356103.5,-136.8
162356835.9,-136.6
162357568.4,-135.9
162358300.8,-136.7
162359033.2,-137.0
162359765.6,-137.0
162360498.0,-137.0
162361230.5,-137.0
162361962.9,-136.9
162362695.3,-136.8
162363427.7,-136.9
162364160.2,-136.9
162364892.6,-137.0
162365625.0,-137.1
162366357.4,-137.0
162367089.8,-136.9
162367822.3,-136.9
162368554.7,-136.9
162369287.1,-136.9
162370019.5,-136.9
162370752.0,-136.9
162371484.4,-137.0
162372216.8,-137.0
162372949.2,-137.0
162373681.6,-137.0
162374414.1,-136.9
162375146.5,-136.9
162375878.9,-136.9
162376611.3,-136.9
162377343.8,-136.9
162378076.2,-136.9
162378808.6,-137.0
162379541.0,-136.9
162380273.4,-136.9
162381005.9,-136.9
162381738.3,-137.0
162382470.7,-137.0
162383203.1,-137.0
162383935.5,-136.9
162384668.0,-136.8
162385400.4,-136.9
162386132.8,-137.0
162386865.2,-137.0
162387597.7,-136.9
162388330.1,-136.9
162389062.5,-136.9
162389794.9,-136.7
162390527.3,-136.9
162391259.8,-137.0
162391992.2,-137.0
162392724.6,-136.9
162393457.0,-137.0
162394189.5,-137.0
162394921.9,-137.0
162395654.3,-137.0
162396386.7,-137.0
162397119.1,-137.0
162397851.6,-137.1
162398584.0,-136.9
162399316.4,-136.9
162400048.8,-136.9
162400781.2,-136.9
162401513.7,-137.0
162402246.1,-136.9
162402978.5,-137.0
162403710.9,-136.9
162404443.4,-137.0
162405175.8,-137.0
162405908.2,-137.0
162406640.6,-137.0
162407373.0,-137.0
162408105.5,-136.9
162408837.9,-137.0
162409570.3,-137.1
162410302.7,-137.0
162411035.2,-137.0
162411767.6,-137.1
